model,target,mse,rmse,mae,r2,pearson_corr,spearman_corr,pred_std,target_std,compression_ratio,n_train,n_eval,eval_split,training_seconds,best_epoch,hidden_dims,dropout,lr,weight_decay,run_id,outdir,wall_seconds
mlp_per_role_raw,raw,0.030601877719163895,0.17493392386602405,0.14096008241176605,0.15053713092202625,0.3899376396080089,0.3766883886333326,0.06839953362941742,0.18980245292186737,0.3603722321627437,268322,57314,val,145.67927980422974,14,"[128, 64]",0.4,0.001,0.0005,020_h128-64_d0p4_lr1em03_wd5em04,C:\Users\adria\Desktop\TFG\final\analysis\hp_search\runs\020_h128-64_d0p4_lr1em03_wd5em04,146.21399307250977
mlp_per_role_raw,raw,0.030574722215533257,0.17485629018005974,0.14085933566093445,0.15129093042625674,0.38972246654961623,0.3760122875439594,0.07278076559305191,0.18980245292186737,0.38345534777157114,268322,57314,val,175.56420063972473,20,"[128, 64]",0.4,0.0005,0.001,024_h128-64_d0p4_lr5em04_wd1em03,C:\Users\adria\Desktop\TFG\final\analysis\hp_search\runs\024_h128-64_d0p4_lr5em04_wd1em03,176.10150241851807
mlp_per_role_raw,raw,0.03058009408414364,0.17487165031572052,0.1408863365650177,0.15114182592824355,0.3895648893660745,0.3759707367095423,0.07239925861358643,0.18980245292186737,0.38144532643837725,268322,57314,val,175.69824647903442,20,"[128, 64]",0.4,0.0005,0.0001,022_h128-64_d0p4_lr5em04_wd1em04,C:\Users\adria\Desktop\TFG\final\analysis\hp_search\runs\022_h128-64_d0p4_lr5em04_wd1em04,176.22311305999756
mlp_per_role_raw,raw,0.030584674328565598,0.17488474584298538,0.14090318977832794,0.15101465551776505,0.38954036658631497,0.37586892889064194,0.07189084589481354,0.18980245292186737,0.3787666849827677,268322,57314,val,175.98972368240356,20,"[128, 64]",0.4,0.0005,0.0005,023_h128-64_d0p4_lr5em04_wd5em04,C:\Users\adria\Desktop\TFG\final\analysis\hp_search\runs\023_h128-64_d0p4_lr5em04_wd5em04,176.5279574394226
mlp_per_role_raw,raw,0.03059503808617592,0.17491437358369358,0.14101485908031464,0.1507269701540329,0.38952739667748487,0.3754327894956179,0.06939632445573807,0.18980245292186737,0.3656239600038532,268322,57314,val,160.75365495681763,17,"[128, 64]",0.4,0.001,0.001,021_h128-64_d0p4_lr1em03_wd1em03,C:\Users\adria\Desktop\TFG\final\analysis\hp_search\runs\021_h128-64_d0p4_lr1em03_wd1em03,161.28936648368835
mlp_per_role_raw,raw,0.030623599886894226,0.17499599963111792,0.14084291458129883,0.14993415044017167,0.38845330199297895,0.37502623871740837,0.07770863175392151,0.18980245292186737,0.4094184798860869,268322,57314,val,128.7342963218689,14,"[192, 96]",0.4,0.001,0.001,048_h192-96_d0p4_lr1em03_wd1em03,C:\Users\adria\Desktop\TFG\final\analysis\hp_search\runs\048_h192-96_d0p4_lr1em03_wd1em03,129.18274021148682
mlp_per_role_raw,raw,0.030593490228056908,0.17490994891102365,0.14096176624298096,0.15076995150615646,0.38925841821908136,0.3749615761829443,0.07198449969291687,0.18980245292186737,0.37926011273705434,268322,57314,val,174.94924569129944,20,"[128, 64]",0.4,0.001,0.0001,019_h128-64_d0p4_lr1em03_wd1em04,C:\Users\adria\Desktop\TFG\final\analysis\hp_search\runs\019_h128-64_d0p4_lr1em03_wd1em04,175.4854018688202
mlp_per_role_raw,raw,0.030638188123703003,0.17503767629771314,0.14088411629199982,0.1495292270829579,0.3880843407813478,0.3745993411705216,0.07764439284801483,0.18980245292186737,0.4090800284861299,268322,57314,val,127.13804244995117,14,"[192, 96]",0.4,0.001,0.0001,046_h192-96_d0p4_lr1em03_wd1em04,C:\Users\adria\Desktop\TFG\final\analysis\hp_search\runs\046_h192-96_d0p4_lr1em03_wd1em04,127.58730483055115
mlp_per_role_raw,raw,0.03063471056520939,0.17502774227307336,0.140828937292099,0.14962571341949937,0.3882994053595378,0.37441032203417374,0.0797746405005455,0.18980245292186737,0.4203035275491667,268322,57314,val,118.61234211921692,12,"[192, 96]",0.4,0.001,0.0005,047_h192-96_d0p4_lr1em03_wd5em04,C:\Users\adria\Desktop\TFG\final\analysis\hp_search\runs\047_h192-96_d0p4_lr1em03_wd5em04,119.0609872341156
mlp_per_role_raw,raw,0.030624106526374817,0.17499744719959437,0.1407860368490219,0.14992007951609265,0.3885489610244515,0.37421611780789044,0.07889631390571594,0.18980245292186737,0.4156759446001143,268322,57314,val,135.61402010917664,12,"[128, 64]",0.3,0.001,0.0001,010_h128-64_d0p3_lr1em03_wd1em04,C:\Users\adria\Desktop\TFG\final\analysis\hp_search\runs\010_h128-64_d0p3_lr1em03_wd1em04,136.13384771347046
mlp_per_role_raw,raw,0.030624933540821075,0.17499981011652863,0.1407809853553772,0.1498971403625522,0.388499159565155,0.37415193247904793,0.07867094874382019,0.18980245292186737,0.4144885776381682,268322,57314,val,135.58094763755798,12,"[128, 64]",0.3,0.001,0.001,012_h128-64_d0p3_lr1em03_wd1em03,C:\Users\adria\Desktop\TFG\final\analysis\hp_search\runs\012_h128-64_d0p3_lr1em03_wd1em03,136.1171727180481
mlp_per_role_raw,raw,0.030627872794866562,0.17500820779285342,0.14078204333782196,0.14981555265150603,0.388509706247558,0.3741293550591981,0.07880914211273193,0.18980245292186737,0.41521666817011005,268322,57314,val,135.65650486946106,12,"[128, 64]",0.3,0.001,0.0005,011_h128-64_d0p3_lr1em03_wd5em04,C:\Users\adria\Desktop\TFG\final\analysis\hp_search\runs\011_h128-64_d0p3_lr1em03_wd5em04,136.19185638427734
mlp_per_role_raw,raw,0.030696382746100426,0.17520383199605088,0.14103646576404572,0.14791379040424468,0.38670238152007863,0.3732567126225219,0.07396294921636581,0.18980245292186737,0.3896838427415521,268322,57314,val,307.9527819156647,18,"[256, 128, 64]",0.4,0.0005,0.0001,103_h256-128-64_d0p4_lr5em04_wd1em04,C:\Users\adria\Desktop\TFG\final\analysis\hp_search\runs\103_h256-128-64_d0p4_lr5em04_wd1em04,308.7479088306427
mlp_per_role_raw,raw,0.030726343393325806,0.17528931340308743,0.14086110889911652,0.14708212784534191,0.3869452174526623,0.3732226580483887,0.08195123076438904,0.18980245292186737,0.4317711889536246,268322,57314,val,200.55322790145874,16,"[256, 128]",0.4,0.0005,0.0005,077_h256-128_d0p4_lr5em04_wd5em04,C:\Users\adria\Desktop\TFG\final\analysis\hp_search\runs\077_h256-128_d0p4_lr5em04_wd5em04,201.1654930114746
mlp_per_role_raw,raw,0.030724523589015007,0.17528412246696792,0.14087188243865967,0.14713267675327257,0.3868524334979301,0.3731202371205043,0.0813848227262497,0.18980245292186737,0.42878699128167724,268322,57314,val,203.0566143989563,16,"[256, 128]",0.4,0.0005,0.0001,076_h256-128_d0p4_lr5em04_wd1em04,C:\Users\adria\Desktop\TFG\final\analysis\hp_search\runs\076_h256-128_d0p4_lr5em04_wd1em04,203.64346742630005
mlp_per_role_raw,raw,0.03064821846783161,0.17506632591058627,0.14098308980464935,0.1492507646778657,0.38678749753988784,0.3730532899797933,0.07488328218460083,0.18980245292186737,0.3945327419737126,268322,57314,val,237.32376194000244,32,"[128, 64]",0.4,0.0002,0.0001,025_h128-64_d0p4_lr2em04_wd1em04,C:\Users\adria\Desktop\TFG\final\analysis\hp_search\runs\025_h128-64_d0p4_lr2em04_wd1em04,237.85446500778198
mlp_per_role_raw,raw,0.030626866966485977,0.17500533410866645,0.14098089933395386,0.14984345801354493,0.3872782730874935,0.37303578553756556,0.07549593597650528,0.18980245292186737,0.3977605916799366,268322,57314,val,140.76648235321045,17,"[192, 96]",0.4,0.0005,0.0005,050_h192-96_d0p4_lr5em04_wd5em04,C:\Users\adria\Desktop\TFG\final\analysis\hp_search\runs\050_h192-96_d0p4_lr5em04_wd5em04,141.2109878063202
mlp_per_role_raw,raw,0.030648039653897285,0.1750658152064454,0.1409779042005539,0.14925573088636412,0.3868040537878975,0.37302900330332495,0.07508474588394165,0.18980245292186737,0.3955941808341669,268322,57314,val,232.71367239952087,32,"[128, 64]",0.4,0.0002,0.001,027_h128-64_d0p4_lr2em04_wd1em03,C:\Users\adria\Desktop\TFG\final\analysis\hp_search\runs\027_h128-64_d0p4_lr2em04_wd1em03,233.14083099365234
mlp_per_role_raw,raw,0.03070404753088951,0.17522570453814562,0.14106160402297974,0.14770107114022724,0.3863408568523429,0.3729711432529036,0.07355481386184692,0.18980245292186737,0.38753352619803044,268322,57314,val,284.13175892829895,18,"[256, 128, 64]",0.4,0.0005,0.0005,104_h256-128-64_d0p4_lr5em04_wd5em04,C:\Users\adria\Desktop\TFG\final\analysis\hp_search\runs\104_h256-128-64_d0p4_lr5em04_wd5em04,284.93975853919983
mlp_per_role_raw,raw,0.030652564018964767,0.1750787366271666,0.14099490642547607,0.14913015675718877,0.38664920755271764,0.3728591875816866,0.07495200634002686,0.18980245292186737,0.39489482451989716,268322,57314,val,238.69164967536926,32,"[128, 64]",0.4,0.0002,0.0005,026_h128-64_d0p4_lr2em04_wd5em04,C:\Users\adria\Desktop\TFG\final\analysis\hp_search\runs\026_h128-64_d0p4_lr2em04_wd5em04,239.2211446762085
mlp_per_role_raw,raw,0.030631674453616142,0.17501906882855978,0.14100007712841034,0.14971002072091377,0.38709874844237313,0.37284844328693745,0.0756162479519844,0.18980245292186737,0.398394471662134,268322,57314,val,140.59411549568176,17,"[192, 96]",0.4,0.0005,0.0001,049_h192-96_d0p4_lr5em04_wd1em04,C:\Users\adria\Desktop\TFG\final\analysis\hp_search\runs\049_h192-96_d0p4_lr5em04_wd1em04,141.0242190361023
mlp_per_role_raw,raw,0.03071010671555996,0.17524299334227306,0.14109162986278534,0.1475328703881068,0.38629394895250274,0.3727778525306051,0.07283754646778107,0.18980245292186737,0.38375450552140555,268322,57314,val,285.26348400115967,18,"[256, 128, 64]",0.4,0.0005,0.001,105_h256-128-64_d0p4_lr5em04_wd1em03,C:\Users\adria\Desktop\TFG\final\analysis\hp_search\runs\105_h256-128-64_d0p4_lr5em04_wd1em03,286.0575821399689
mlp_per_role_raw,raw,0.03069286234676838,0.17519378512598094,0.14113913476467133,0.14801151829291082,0.3861942400083305,0.3727062505691645,0.07186094671487808,0.18980245292186737,0.3786091570927158,268322,57314,val,176.0842854976654,20,"[128, 64]",0.3,0.0005,0.0005,014_h128-64_d0p3_lr5em04_wd5em04,C:\Users\adria\Desktop\TFG\final\analysis\hp_search\runs\014_h128-64_d0p3_lr5em04_wd5em04,176.56950426101685
mlp_per_role_raw,raw,0.0306396521627903,0.17504185831620475,0.14102409780025482,0.14948855147049434,0.3867759464022922,0.37247080120756043,0.07490157335996628,0.18980245292186737,0.394629111515222,268322,57314,val,141.40887904167175,17,"[192, 96]",0.4,0.0005,0.001,051_h192-96_d0p4_lr5em04_wd1em03,C:\Users\adria\Desktop\TFG\final\analysis\hp_search\runs\051_h192-96_d0p4_lr5em04_wd1em03,141.83682537078857
mlp_per_role_raw,raw,0.03066878393292427,0.17512505227101083,0.141047865152359,0.1486798871866618,0.3861314809425162,0.3720962199795008,0.07574008405208588,0.18980245292186737,0.39904691897351013,268322,57314,val,219.45807075500488,13,"[256, 128, 64]",0.4,0.001,0.0005,101_h256-128-64_d0p4_lr1em03_wd5em04,C:\Users\adria\Desktop\TFG\final\analysis\hp_search\runs\101_h256-128-64_d0p4_lr1em03_wd5em04,220.1324872970581
mlp_per_role_raw,raw,0.030699092894792557,0.17521156609879543,0.1411534696817398,0.14783858781841086,0.3852194805382597,0.3720925456299608,0.07512533664703369,0.18980245292186737,0.3958080387820868,268322,57314,val,170.77468276023865,19,"[128, 64]",0.3,0.0005,0.001,015_h128-64_d0p3_lr5em04_wd1em03,C:\Users\adria\Desktop\TFG\final\analysis\hp_search\runs\015_h128-64_d0p3_lr5em04_wd1em03,171.254239320755
mlp_per_role_raw,raw,0.030668135732412338,0.17512320158223563,0.1410769671201706,0.1486979192532336,0.3860625072701613,0.37208009244247464,0.07604220509529114,0.18980245292186737,0.40063868472023434,268322,57314,val,213.73763418197632,13,"[256, 128, 64]",0.4,0.001,0.0001,100_h256-128-64_d0p4_lr1em03_wd1em04,C:\Users\adria\Desktop\TFG\final\analysis\hp_search\runs\100_h256-128-64_d0p4_lr1em03_wd1em04,214.6655514240265
mlp_per_role_raw,raw,0.030690109357237816,0.17518592796579815,0.1410682648420334,0.1480879624308692,0.38578037715921504,0.37187579373894913,0.07761983573436737,0.18980245292186737,0.40895064599781417,268322,57314,val,235.39530730247498,13,"[256, 128, 64]",0.4,0.001,0.001,102_h256-128-64_d0p4_lr1em03_wd1em03,C:\Users\adria\Desktop\TFG\final\analysis\hp_search\runs\102_h256-128-64_d0p4_lr1em03_wd1em03,236.14567160606384
mlp_per_role_raw,raw,0.030714286491274834,0.17525491859367268,0.1412063091993332,0.14741681482522018,0.38469743451435606,0.37169128740129487,0.07522103190422058,0.18980245292186737,0.39631222224080265,268322,57314,val,170.83910012245178,19,"[128, 64]",0.3,0.0005,0.0001,013_h128-64_d0p3_lr5em04_wd1em04,C:\Users\adria\Desktop\TFG\final\analysis\hp_search\runs\013_h128-64_d0p3_lr5em04_wd1em04,171.35017371177673
mlp_per_role_raw,raw,0.030686240643262863,0.17517488588054755,0.1410350799560547,0.1481953271288835,0.3857746388683296,0.3716756781869161,0.07673183083534241,0.18980245292186737,0.40427207158871253,268322,57314,val,315.35340094566345,30,"[192, 96]",0.4,0.0002,0.0005,053_h192-96_d0p4_lr2em04_wd5em04,C:\Users\adria\Desktop\TFG\final\analysis\hp_search\runs\053_h192-96_d0p4_lr2em04_wd5em04,316.06984996795654
mlp_per_role_raw,raw,0.03068201243877411,0.17516281694119362,0.14104147255420685,0.14831268336542447,0.3858665861651708,0.3716534115117646,0.07653365284204483,0.18980245292186737,0.40322794391677375,268322,57314,val,255.189923286438,30,"[192, 96]",0.4,0.0002,0.0001,052_h192-96_d0p4_lr2em04_wd1em04,C:\Users\adria\Desktop\TFG\final\analysis\hp_search\runs\052_h192-96_d0p4_lr2em04_wd1em04,255.9002013206482
mlp_per_role_raw,raw,0.030685758218169212,0.17517350889380853,0.14104147255420685,0.14820874771613535,0.38574554725065135,0.3715419138930934,0.07658315449953079,0.18980245292186737,0.40348875012198304,268322,57314,val,313.5019624233246,30,"[192, 96]",0.4,0.0002,0.001,054_h192-96_d0p4_lr2em04_wd1em03,C:\Users\adria\Desktop\TFG\final\analysis\hp_search\runs\054_h192-96_d0p4_lr2em04_wd1em03,314.25887179374695
mlp_per_role_raw,raw,0.030758382752537727,0.17538067953037964,0.1412879377603531,0.1461927626734093,0.385416862486551,0.3711656408164266,0.06879487633705139,0.18980245292186737,0.36245514890880237,268322,57314,val,164.38321614265442,11,"[256, 128]",0.4,0.001,0.0005,074_h256-128_d0p4_lr1em03_wd5em04,C:\Users\adria\Desktop\TFG\final\analysis\hp_search\runs\074_h256-128_d0p4_lr1em03_wd5em04,164.99585151672363
mlp_per_role_raw,raw,0.030743496492505074,0.1753382345425694,0.1411336213350296,0.1466060221663169,0.384676429589166,0.37101576087777777,0.0799177810549736,0.18980245292186737,0.4210576829998712,268322,57314,val,219.49677348136902,19,"[256, 128]",0.4,0.0005,0.001,078_h256-128_d0p4_lr5em04_wd1em03,C:\Users\adria\Desktop\TFG\final\analysis\hp_search\runs\078_h256-128_d0p4_lr5em04_wd1em03,220.05819487571716
mlp_per_role_raw,raw,0.030758783221244812,0.17538182123938847,0.14128939807415009,0.14618164782581755,0.38505984786874753,0.37100025783524315,0.0691857561469078,0.18980245292186737,0.36451455227182067,268322,57314,val,168.06377387046814,11,"[256, 128]",0.4,0.001,0.001,075_h256-128_d0p4_lr1em03_wd1em03,C:\Users\adria\Desktop\TFG\final\analysis\hp_search\runs\075_h256-128_d0p4_lr1em03_wd1em03,168.6995632648468
mlp_per_role_raw,raw,0.03074514865875244,0.17534294584827884,0.1412498652935028,0.14656014385923588,0.38416952190642933,0.3709139771097003,0.07096989452838898,0.18980245292186737,0.37391452763576194,268322,57314,val,363.82285237312317,27,"[256, 128, 64]",0.4,0.0002,0.0001,106_h256-128-64_d0p4_lr2em04_wd1em04,C:\Users\adria\Desktop\TFG\final\analysis\hp_search\runs\106_h256-128-64_d0p4_lr2em04_wd1em04,364.6518306732178
mlp_per_role_raw,raw,0.030744625255465508,0.17534145332882783,0.14119581878185272,0.14657468775555282,0.38439424530054994,0.3707938826159462,0.0726020336151123,0.18980245292186737,0.3825136740724795,268322,57314,val,371.75989174842834,28,"[256, 128, 64]",0.4,0.0002,0.0005,107_h256-128-64_d0p4_lr2em04_wd5em04,C:\Users\adria\Desktop\TFG\final\analysis\hp_search\runs\107_h256-128-64_d0p4_lr2em04_wd5em04,372.5897288322449
mlp_per_role_raw,raw,0.03072258085012436,0.17527858069406074,0.1411689668893814,0.14718659558839875,0.38422633803565454,0.3707516738893798,0.07304070144891739,0.18980245292186737,0.38482485512968984,268322,57314,val,142.7996654510498,14,"[128, 64]",0.2,0.001,0.0001,001_h128-64_d0p2_lr1em03_wd1em04,C:\Users\adria\Desktop\TFG\final\analysis\hp_search\runs\001_h128-64_d0p2_lr1em03_wd1em04,143.34671211242676
mlp_per_role_raw,raw,0.030762357637286186,0.17539201132687368,0.14126411080360413,0.14608244189890784,0.38372228625625565,0.3707212487169127,0.07169586420059204,0.18980245292186737,0.3777393974465958,268322,57314,val,160.1526050567627,11,"[256, 128, 64]",0.3,0.001,0.0005,092_h256-128-64_d0p3_lr1em03_wd5em04,C:\Users\adria\Desktop\TFG\final\analysis\hp_search\runs\092_h256-128-64_d0p3_lr1em03_wd5em04,160.7242567539215
mlp_per_role_raw,raw,0.030745700001716614,0.17534451802584708,0.1412055939435959,0.14654483138303231,0.384323672020989,0.3706224803260532,0.07269179075956345,0.18980245292186737,0.382986571777801,268322,57314,val,333.41946244239807,28,"[256, 128, 64]",0.4,0.0002,0.001,108_h256-128-64_d0p4_lr2em04_wd1em03,C:\Users\adria\Desktop\TFG\final\analysis\hp_search\runs\108_h256-128-64_d0p4_lr2em04_wd1em03,334.0731589794159
mlp_per_role_raw,raw,0.030737468972802162,0.1753210454360861,0.14119812846183777,0.14677333609549126,0.38449416298361266,0.3706173988390354,0.07315047830343246,0.18980245292186737,0.3854032293963294,268322,57314,val,230.83290767669678,31,"[128, 64]",0.3,0.0002,0.001,018_h128-64_d0p3_lr2em04_wd1em03,C:\Users\adria\Desktop\TFG\final\analysis\hp_search\runs\018_h128-64_d0p3_lr2em04_wd1em03,231.34220719337463
mlp_per_role_raw,raw,0.030759355053305626,0.17538345148076437,0.14124004542827606,0.14616580325584627,0.38414533654336835,0.3705568537679916,0.07999221235513687,0.18980245292186737,0.4214498344131825,268322,57314,val,222.3087182044983,17,"[256, 128]",0.4,0.001,0.0001,073_h256-128_d0p4_lr1em03_wd1em04,C:\Users\adria\Desktop\TFG\final\analysis\hp_search\runs\073_h256-128_d0p4_lr1em03_wd1em04,222.91393494606018
mlp_per_role_raw,raw,0.03074003756046295,0.1753283706661958,0.14126107096672058,0.14670203553062044,0.3837884762719814,0.3705268168517199,0.07245879620313644,0.18980245292186737,0.38175900831463055,268322,57314,val,146.98292684555054,14,"[128, 64]",0.2,0.001,0.0005,002_h128-64_d0p2_lr1em03_wd5em04,C:\Users\adria\Desktop\TFG\final\analysis\hp_search\runs\002_h128-64_d0p2_lr1em03_wd5em04,147.51988697052002
mlp_per_role_raw,raw,0.0307435505092144,0.17533838857824147,0.14121189713478088,0.14660448500654355,0.384317448282573,0.37046577373197775,0.07303407788276672,0.18980245292186737,0.3847899579718887,268322,57314,val,231.3150200843811,31,"[128, 64]",0.3,0.0002,0.0001,016_h128-64_d0p3_lr2em04_wd1em04,C:\Users\adria\Desktop\TFG\final\analysis\hp_search\runs\016_h128-64_d0p3_lr2em04_wd1em04,231.81719589233398
mlp_per_role_raw,raw,0.030718645080924034,0.17526735315204608,0.14118553698062897,0.1472958521753649,0.3842109959663708,0.37046260406507575,0.07297199219465256,0.18980245292186737,0.3844628510922967,268322,57314,val,256.5762929916382,24,"[256, 128]",0.4,0.0002,0.001,081_h256-128_d0p4_lr2em04_wd1em03,C:\Users\adria\Desktop\TFG\final\analysis\hp_search\runs\081_h256-128_d0p4_lr2em04_wd1em03,257.16992950439453
mlp_per_role_raw,raw,0.030717357993125916,0.17526368132937845,0.1411847621202469,0.14733156157933003,0.384258974645342,0.37044969148267176,0.07308296114206314,0.18980245292186737,0.38504750606225263,268322,57314,val,242.59243035316467,24,"[256, 128]",0.4,0.0002,0.0001,079_h256-128_d0p4_lr2em04_wd1em04,C:\Users\adria\Desktop\TFG\final\analysis\hp_search\runs\079_h256-128_d0p4_lr2em04_wd1em04,243.1318392753601
mlp_per_role_raw,raw,0.030720863491296768,0.17527368168466356,0.14117968082427979,0.14723424754137204,0.384125404951293,0.3703908826393265,0.07315356284379959,0.18980245292186737,0.38541948071616033,268322,57314,val,234.09015035629272,24,"[256, 128]",0.4,0.0002,0.0005,080_h256-128_d0p4_lr2em04_wd5em04,C:\Users\adria\Desktop\TFG\final\analysis\hp_search\runs\080_h256-128_d0p4_lr2em04_wd5em04,234.64433002471924
mlp_per_role_raw,raw,0.030701618641614914,0.17521877365629207,0.14128735661506653,0.14776846968413493,0.3845276416666911,0.3703658890200403,0.07147448509931564,0.18980245292186737,0.37657303158636357,268322,57314,val,145.044086933136,10,"[192, 96]",0.3,0.001,0.0001,037_h192-96_d0p3_lr1em03_wd1em04,C:\Users\adria\Desktop\TFG\final\analysis\hp_search\runs\037_h192-96_d0p3_lr1em03_wd1em04,145.63783311843872
mlp_per_role_raw,raw,0.03076133318245411,0.17538909083079857,0.14124539494514465,0.14611087935471456,0.38375480450362337,0.3703628347991478,0.07229025661945343,0.18980245292186737,0.38087103462889327,268322,57314,val,206.58749389648438,11,"[256, 128, 64]",0.3,0.001,0.0001,091_h256-128-64_d0p3_lr1em03_wd1em04,C:\Users\adria\Desktop\TFG\final\analysis\hp_search\runs\091_h256-128-64_d0p3_lr1em03_wd1em04,207.24285793304443
mlp_per_role_raw,raw,0.030743498355150223,0.17533823985414654,0.14121581614017487,0.14660596304478712,0.3842474320170373,0.3703430581776381,0.07325313985347748,0.18980245292186737,0.38594411571504983,268322,57314,val,231.29249596595764,31,"[128, 64]",0.3,0.0002,0.0005,017_h128-64_d0p3_lr2em04_wd5em04,C:\Users\adria\Desktop\TFG\final\analysis\hp_search\runs\017_h128-64_d0p3_lr2em04_wd5em04,231.84201669692993
mlp_per_role_raw,raw,0.03073820471763611,0.17532314370223945,0.14119896292686462,0.1467528800461999,0.3843175354941243,0.37030478805973016,0.07290647178888321,0.18980245292186737,0.38411764793627473,268322,57314,val,140.0547332763672,15,"[192, 96]",0.3,0.0005,0.001,042_h192-96_d0p3_lr5em04_wd1em03,C:\Users\adria\Desktop\TFG\final\analysis\hp_search\runs\042_h192-96_d0p3_lr5em04_wd1em03,140.53593945503235
mlp_per_role_raw,raw,0.030779149383306503,0.1754398739833864,0.14132988452911377,0.1456163277584096,0.3830138340199765,0.3702942857395605,0.07129715383052826,0.18980245292186737,0.37563873771366857,268322,57314,val,184.5793149471283,11,"[256, 128, 64]",0.3,0.001,0.001,093_h256-128-64_d0p3_lr1em03_wd1em03,C:\Users\adria\Desktop\TFG\final\analysis\hp_search\runs\093_h256-128-64_d0p3_lr1em03_wd1em03,185.16437578201294
mlp_per_role_raw,raw,0.030742090195417404,0.17533422425589765,0.14116032421588898,0.14664504237594767,0.3839488620097886,0.37028998202442354,0.0726538598537445,0.18980245292186737,0.3827867276491555,268322,57314,val,146.1684091091156,14,"[128, 64]",0.2,0.001,0.001,003_h128-64_d0p2_lr1em03_wd1em03,C:\Users\adria\Desktop\TFG\final\analysis\hp_search\runs\003_h128-64_d0p2_lr1em03_wd1em03,146.7186644077301
mlp_per_role_raw,raw,0.03074641153216362,0.17534654696390123,0.14122459292411804,0.14652508479209791,0.3841910049301273,0.3702259221305154,0.07175619900226593,0.18980245292186737,0.3780572795431919,268322,57314,val,175.42143082618713,15,"[192, 96]",0.3,0.0005,0.0001,040_h192-96_d0p3_lr5em04_wd1em04,C:\Users\adria\Desktop\TFG\final\analysis\hp_search\runs\040_h192-96_d0p3_lr5em04_wd1em04,176.03325748443604
mlp_per_role_raw,raw,0.030737902969121933,0.17532228315055087,0.141172856092453,0.14676127530342353,0.38407373381658144,0.37015772797702606,0.07785531878471375,0.18980245292186737,0.4101913204291573,268322,57314,val,179.6353838443756,17,"[192, 96]",0.3,0.0005,0.0005,041_h192-96_d0p3_lr5em04_wd5em04,C:\Users\adria\Desktop\TFG\final\analysis\hp_search\runs\041_h192-96_d0p3_lr5em04_wd5em04,180.0987696647644
mlp_per_role_raw,raw,0.030700217932462692,0.17521477658137938,0.14124171435832977,0.14780737165070623,0.3845083446154511,0.3700343367969199,0.07187347859144211,0.18980245292186737,0.3786751829863284,268322,57314,val,145.00731372833252,10,"[192, 96]",0.3,0.001,0.001,039_h192-96_d0p3_lr1em03_wd1em03,C:\Users\adria\Desktop\TFG\final\analysis\hp_search\runs\039_h192-96_d0p3_lr1em03_wd1em03,145.58640694618225
mlp_per_role_raw,raw,0.030705034732818604,0.1752285214593178,0.1412433683872223,0.14767363875042627,0.3842895388188552,0.37000288875081566,0.07285965234041214,0.18980245292186737,0.38387097331352715,268322,57314,val,145.9376471042633,10,"[192, 96]",0.3,0.001,0.0005,038_h192-96_d0p3_lr1em03_wd5em04,C:\Users\adria\Desktop\TFG\final\analysis\hp_search\runs\038_h192-96_d0p3_lr1em03_wd5em04,146.51280212402344
mlp_per_role_raw,raw,0.030790025368332863,0.17547086757730715,0.14134056866168976,0.1453144532275389,0.38319264045171636,0.36953857337160123,0.07015134394168854,0.18980245292186737,0.3696018827036261,268322,57314,val,145.33611702919006,14,"[128, 64]",0.2,0.0005,0.0001,004_h128-64_d0p2_lr5em04_wd1em04,C:\Users\adria\Desktop\TFG\final\analysis\hp_search\runs\004_h128-64_d0p2_lr5em04_wd1em04,145.8997414112091
mlp_per_role_raw,raw,0.030789263546466827,0.17546869677086802,0.14133574068546295,0.1453355596136574,0.38302297817510944,0.3692510284237125,0.07059907168149948,0.18980245292186737,0.37196079710604035,268322,57314,val,145.75346994400024,14,"[128, 64]",0.2,0.0005,0.001,006_h128-64_d0p2_lr5em04_wd1em03,C:\Users\adria\Desktop\TFG\final\analysis\hp_search\runs\006_h128-64_d0p2_lr5em04_wd1em03,146.26393866539001
mlp_per_role_raw,raw,0.030796905979514122,0.17549047261750172,0.14136557281017303,0.14512343156493746,0.3827630068108136,0.3689681253438923,0.07018912583589554,0.18980245292186737,0.369800941744357,268322,57314,val,146.30728101730347,14,"[128, 64]",0.2,0.0005,0.0005,005_h128-64_d0p2_lr5em04_wd5em04,C:\Users\adria\Desktop\TFG\final\analysis\hp_search\runs\005_h128-64_d0p2_lr5em04_wd5em04,146.84139943122864
mlp_per_role_raw,raw,0.030859632417559624,0.17566909921087323,0.14118239283561707,0.14338224339245964,0.382699482605384,0.36896127046240734,0.08071182668209076,0.18980245292186737,0.42524122022446137,268322,57314,val,172.12914633750916,11,"[256, 128]",0.3,0.001,0.0005,065_h256-128_d0p3_lr1em03_wd5em04,C:\Users\adria\Desktop\TFG\final\analysis\hp_search\runs\065_h256-128_d0p3_lr1em03_wd5em04,172.79155254364014
mlp_per_role_raw,raw,0.030759120360016823,0.17538278239330343,0.14128689467906952,0.14617230662411806,0.3825379739414442,0.36863821136330405,0.07485893368721008,0.18980245292186737,0.3944044586084772,268322,57314,val,166.9822382926941,21,"[192, 96]",0.3,0.0002,0.0001,043_h192-96_d0p3_lr2em04_wd1em04,C:\Users\adria\Desktop\TFG\final\analysis\hp_search\runs\043_h192-96_d0p3_lr2em04_wd1em04,167.40266394615173
mlp_per_role_raw,raw,0.030760938301682472,0.17538796509932622,0.14128915965557098,0.14612181683771708,0.3824734602461117,0.3686129207485972,0.07485096901655197,0.18980245292186737,0.3943624956594452,268322,57314,val,158.83353781700134,21,"[192, 96]",0.3,0.0002,0.0005,044_h192-96_d0p3_lr2em04_wd5em04,C:\Users\adria\Desktop\TFG\final\analysis\hp_search\runs\044_h192-96_d0p3_lr2em04_wd5em04,159.2641682624817
mlp_per_role_raw,raw,0.030760616064071655,0.17538704645461037,0.1412934958934784,0.1461308033102381,0.3824670288786015,0.3685939687705125,0.07475992292165756,0.18980245292186737,0.39388280694366296,268322,57314,val,158.7290484905243,21,"[192, 96]",0.3,0.0002,0.001,045_h192-96_d0p3_lr2em04_wd1em03,C:\Users\adria\Desktop\TFG\final\analysis\hp_search\runs\045_h192-96_d0p3_lr2em04_wd1em03,159.15964603424072
mlp_per_role_raw,raw,0.03083404339849949,0.17559625109466173,0.14132679998874664,0.14409252945079887,0.38191825194534157,0.3683445138405156,0.07398129999637604,0.18980245292186737,0.3897805263182274,268322,57314,val,245.76622891426086,14,"[256, 128, 64]",0.3,0.0005,0.001,096_h256-128-64_d0p3_lr5em04_wd1em03,C:\Users\adria\Desktop\TFG\final\analysis\hp_search\runs\096_h256-128-64_d0p3_lr5em04_wd1em03,246.37961292266846
mlp_per_role_raw,raw,0.030833618715405464,0.17559504183035882,0.1413973718881607,0.14410435375674757,0.381962495682305,0.368016686384659,0.0729193314909935,0.18980245292186737,0.3841854010232993,268322,57314,val,234.84758305549622,18,"[256, 128, 64]",0.3,0.0005,0.0001,094_h256-128-64_d0p3_lr5em04_wd1em04,C:\Users\adria\Desktop\TFG\final\analysis\hp_search\runs\094_h256-128-64_d0p3_lr5em04_wd1em04,235.4925558567047
mlp_per_role_raw,raw,0.030832860618829727,0.17559288316680072,0.14136838912963867,0.1441254010213362,0.381969617829937,0.3679962465806591,0.07446104288101196,0.18980245292186737,0.39230811685907996,268322,57314,val,235.71322464942932,18,"[256, 128, 64]",0.3,0.0005,0.0005,095_h256-128-64_d0p3_lr5em04_wd5em04,C:\Users\adria\Desktop\TFG\final\analysis\hp_search\runs\095_h256-128-64_d0p3_lr5em04_wd5em04,236.3609266281128
mlp_per_role_raw,raw,0.030843893066048622,0.1756242952044182,0.14130645990371704,0.14381915149726454,0.3811467542587462,0.36776738432645023,0.07819703966379166,0.18980245292186737,0.4119917232891698,268322,57314,val,186.94160175323486,12,"[256, 128]",0.3,0.0005,0.0005,068_h256-128_d0p3_lr5em04_wd5em04,C:\Users\adria\Desktop\TFG\final\analysis\hp_search\runs\068_h256-128_d0p3_lr5em04_wd5em04,187.57800960540771
mlp_per_role_raw,raw,0.030856169760227203,0.1756592433099585,0.1413322389125824,0.14347837499982263,0.38077876752786854,0.36753088102039955,0.07840684801340103,0.18980245292186737,0.4130971270728382,268322,57314,val,187.27948451042175,12,"[256, 128]",0.3,0.0005,0.001,069_h256-128_d0p3_lr5em04_wd1em03,C:\Users\adria\Desktop\TFG\final\analysis\hp_search\runs\069_h256-128_d0p3_lr5em04_wd1em03,187.92703223228455
mlp_per_role_raw,raw,0.030852846801280975,0.17564978451817403,0.14132794737815857,0.14357060458622262,0.3808014354002386,0.3674860130328297,0.07829895615577698,0.18980245292186737,0.4125286841683175,268322,57314,val,182.5663878917694,12,"[256, 128]",0.3,0.0005,0.0001,067_h256-128_d0p3_lr5em04_wd1em04,C:\Users\adria\Desktop\TFG\final\analysis\hp_search\runs\067_h256-128_d0p3_lr5em04_wd1em04,183.17604279518127
mlp_per_role_raw,raw,0.030841421335935593,0.1756172580811339,0.14139924943447113,0.14388773247176712,0.38064838264547246,0.36722945749622277,0.07475432753562927,0.18980245292186737,0.3938533268924721,268322,57314,val,323.87163519859314,27,"[256, 128, 64]",0.3,0.0002,0.001,099_h256-128-64_d0p3_lr2em04_wd1em03,C:\Users\adria\Desktop\TFG\final\analysis\hp_search\runs\099_h256-128-64_d0p3_lr2em04_wd1em03,324.52540612220764
mlp_per_role_raw,raw,0.03085760958492756,0.17566334160811004,0.14136789739131927,0.14343840884571601,0.3811420018207413,0.36719193196119837,0.07726095616817474,0.18980245292186737,0.40705984026444275,268322,57314,val,206.281352519989,16,"[256, 128]",0.3,0.001,0.001,066_h256-128_d0p3_lr1em03_wd1em03,C:\Users\adria\Desktop\TFG\final\analysis\hp_search\runs\066_h256-128_d0p3_lr1em03_wd1em03,206.96190643310547
mlp_per_role_raw,raw,0.03084498457610607,0.17562740269133992,0.14140687882900238,0.1437888221525061,0.38059481639898135,0.36718867214817646,0.07469391077756882,0.18980245292186737,0.39353501299752297,268322,57314,val,310.704074382782,27,"[256, 128, 64]",0.3,0.0002,0.0001,097_h256-128-64_d0p3_lr2em04_wd1em04,C:\Users\adria\Desktop\TFG\final\analysis\hp_search\runs\097_h256-128-64_d0p3_lr2em04_wd1em04,311.34334349632263
mlp_per_role_raw,raw,0.03085159882903099,0.17564623203766994,0.14135177433490753,0.14360524980265232,0.3811768939641937,0.3670955310575992,0.07942768186330795,0.18980245292186737,0.4184755288489583,268322,57314,val,161.67395043373108,12,"[192, 96]",0.2,0.001,0.0005,029_h192-96_d0p2_lr1em03_wd5em04,C:\Users\adria\Desktop\TFG\final\analysis\hp_search\runs\029_h192-96_d0p2_lr1em03_wd5em04,162.2837369441986
mlp_per_role_raw,raw,0.03085704706609249,0.175661740473253,0.14145545661449432,0.14345401692956827,0.3806036558728548,0.3670946421283939,0.07932498306035995,0.18980245292186737,0.4179344462582592,268322,57314,val,145.78738641738892,10,"[192, 96]",0.2,0.001,0.001,030_h192-96_d0p2_lr1em03_wd1em03,C:\Users\adria\Desktop\TFG\final\analysis\hp_search\runs\030_h192-96_d0p2_lr1em03_wd1em03,146.39127683639526
mlp_per_role_raw,raw,0.030853962525725365,0.17565296048095905,0.14141932129859924,0.143539624904637,0.3802156458165484,0.3667223296683812,0.07477565854787827,0.18980245292186737,0.3939657122274381,268322,57314,val,328.92724609375,27,"[256, 128, 64]",0.3,0.0002,0.0005,098_h256-128-64_d0p3_lr2em04_wd5em04,C:\Users\adria\Desktop\TFG\final\analysis\hp_search\runs\098_h256-128-64_d0p3_lr2em04_wd5em04,329.7426927089691
mlp_per_role_raw,raw,0.030857451260089874,0.17566289095904655,0.14140519499778748,0.14344278383891695,0.37990168689893655,0.36671628273907897,0.07739939540624619,0.18980245292186737,0.40778922619144353,268322,57314,val,230.55293154716492,19,"[256, 128]",0.3,0.0002,0.0005,071_h256-128_d0p3_lr2em04_wd5em04,C:\Users\adria\Desktop\TFG\final\analysis\hp_search\runs\071_h256-128_d0p3_lr2em04_wd5em04,231.15891313552856
mlp_per_role_raw,raw,0.03085828758776188,0.1756652714333766,0.14141321182250977,0.1434195490777278,0.37988279363390304,0.3666801563427503,0.07743128389120102,0.18980245292186737,0.4079572350051545,268322,57314,val,238.24333143234253,19,"[256, 128]",0.3,0.0002,0.001,072_h256-128_d0p3_lr2em04_wd1em03,C:\Users\adria\Desktop\TFG\final\analysis\hp_search\runs\072_h256-128_d0p3_lr2em04_wd1em03,239.27315425872803
mlp_per_role_raw,raw,0.030859945341944695,0.17566998987289972,0.14141583442687988,0.14337355252758732,0.3797808201593372,0.36660433925509234,0.07734300941228867,0.18980245292186737,0.40749214892458263,268322,57314,val,231.01448702812195,19,"[256, 128]",0.3,0.0002,0.0001,070_h256-128_d0p3_lr2em04_wd1em04,C:\Users\adria\Desktop\TFG\final\analysis\hp_search\runs\070_h256-128_d0p3_lr2em04_wd1em04,231.62384939193726
mlp_per_role_raw,raw,0.030912047252058983,0.17581822218433157,0.1417350322008133,0.1419272625454704,0.3806009037474269,0.36647987574212737,0.0661943107843399,0.18980245292186737,0.3487537161155075,268322,57314,val,186.14521169662476,10,"[256, 128, 64]",0.2,0.001,0.0005,083_h256-128-64_d0p2_lr1em03_wd5em04,C:\Users\adria\Desktop\TFG\final\analysis\hp_search\runs\083_h256-128-64_d0p2_lr1em03_wd5em04,186.7903094291687
mlp_per_role_raw,raw,0.03088083676993847,0.17572944195534926,0.1415245085954666,0.14279362944233265,0.3800984455816014,0.3664436239874295,0.07992503046989441,0.18980245292186737,0.4210958775269134,268322,57314,val,150.96371746063232,10,"[192, 96]",0.2,0.001,0.0001,028_h192-96_d0p2_lr1em03_wd1em04,C:\Users\adria\Desktop\TFG\final\analysis\hp_search\runs\028_h192-96_d0p2_lr1em03_wd1em04,151.58102369308472
mlp_per_role_raw,raw,0.03089226596057415,0.1757619582292316,0.14143730700016022,0.14247638331372858,0.3797469205471308,0.3659435722272379,0.07624046504497528,0.18980245292186737,0.4016832441905261,268322,57314,val,167.81708002090454,9,"[256, 128, 64]",0.2,0.001,0.0001,082_h256-128-64_d0p2_lr1em03_wd1em04,C:\Users\adria\Desktop\TFG\final\analysis\hp_search\runs\082_h256-128-64_d0p2_lr1em03_wd1em04,168.57020020484924
mlp_per_role_raw,raw,0.030888427048921585,0.17575103712047216,0.141545370221138,0.1425829203103266,0.37965211469710336,0.3659162640020849,0.07188868522644043,0.18980245292186737,0.37875530120800693,268322,57314,val,176.37549138069153,20,"[128, 64]",0.2,0.0002,0.0001,007_h128-64_d0p2_lr2em04_wd1em04,C:\Users\adria\Desktop\TFG\final\analysis\hp_search\runs\007_h128-64_d0p2_lr2em04_wd1em04,176.93172979354858
mlp_per_role_raw,raw,0.030888773500919342,0.17575202275057702,0.14154857397079468,0.1425733426225081,0.3796833994976057,0.3658768840966983,0.07187700271606445,0.18980245292186737,0.3786937503155072,268322,57314,val,176.9740071296692,20,"[128, 64]",0.2,0.0002,0.0005,008_h128-64_d0p2_lr2em04_wd5em04,C:\Users\adria\Desktop\TFG\final\analysis\hp_search\runs\008_h128-64_d0p2_lr2em04_wd5em04,177.5223000049591
mlp_per_role_raw,raw,0.030889250338077545,0.17575337930770363,0.14154650270938873,0.14256009939984549,0.3796100928624366,0.3658301924157009,0.07190003991127014,0.18980245292186737,0.3788151249070947,268322,57314,val,176.3708736896515,20,"[128, 64]",0.2,0.0002,0.001,009_h128-64_d0p2_lr2em04_wd1em03,C:\Users\adria\Desktop\TFG\final\analysis\hp_search\runs\009_h128-64_d0p2_lr2em04_wd1em03,176.88304018974304
mlp_per_role_raw,raw,0.030894670635461807,0.17576879881100002,0.14145193994045258,0.14240963510664817,0.3792473787442199,0.3655395169748648,0.07626569271087646,0.18980245292186737,0.4018161595744572,268322,57314,val,175.7065827846527,9,"[256, 128, 64]",0.2,0.001,0.001,084_h256-128-64_d0p2_lr1em03_wd1em03,C:\Users\adria\Desktop\TFG\final\analysis\hp_search\runs\084_h256-128-64_d0p2_lr1em03_wd1em03,176.37437844276428
mlp_per_role_raw,raw,0.030861254781484604,0.175673716820373,0.14153146743774414,0.14333719278679502,0.3794625377370472,0.36520537172493656,0.07367874681949615,0.18980245292186737,0.388186483816551,268322,57314,val,163.07307767868042,12,"[192, 96]",0.2,0.0005,0.0001,031_h192-96_d0p2_lr5em04_wd1em04,C:\Users\adria\Desktop\TFG\final\analysis\hp_search\runs\031_h192-96_d0p2_lr5em04_wd1em04,163.68681359291077
mlp_per_role_raw,raw,0.030858224257826805,0.17566509117587023,0.1415194869041443,0.14342132272362007,0.37956485738826706,0.36513149784421606,0.07352392375469208,0.18980245292186737,0.38737077747334686,268322,57314,val,159.01063871383667,12,"[192, 96]",0.2,0.0005,0.001,033_h192-96_d0p2_lr5em04_wd1em03,C:\Users\adria\Desktop\TFG\final\analysis\hp_search\runs\033_h192-96_d0p2_lr5em04_wd1em03,159.601318359375
mlp_per_role_raw,raw,0.03087073564529419,0.17570069904611704,0.14154258370399475,0.14307404285790637,0.37921242822040413,0.3650068685554144,0.07368993014097214,0.18980245292186737,0.38824540466453705,268322,57314,val,163.82055401802063,12,"[192, 96]",0.2,0.0005,0.0005,032_h192-96_d0p2_lr5em04_wd5em04,C:\Users\adria\Desktop\TFG\final\analysis\hp_search\runs\032_h192-96_d0p2_lr5em04_wd5em04,164.43293237686157
mlp_per_role_raw,raw,0.03084811009466648,0.1756363006176869,0.1415763795375824,0.14370209086837227,0.37912413486660784,0.3648208303990375,0.07292866706848145,0.18980245292186737,0.384234586781145,268322,57314,val,163.37171268463135,8,"[256, 128]",0.3,0.001,0.0001,064_h256-128_d0p3_lr1em03_wd1em04,C:\Users\adria\Desktop\TFG\final\analysis\hp_search\runs\064_h256-128_d0p3_lr1em03_wd1em04,164.0624144077301
mlp_per_role_raw,raw,0.030915357172489166,0.17582763483732916,0.1415625810623169,0.14183538768824888,0.37801934201845666,0.36434289861505353,0.07273115962743759,0.18980245292186737,0.3831939920048217,268322,57314,val,200.30436277389526,12,"[256, 128, 64]",0.2,0.0005,0.0001,085_h256-128-64_d0p2_lr5em04_wd1em04,C:\Users\adria\Desktop\TFG\final\analysis\hp_search\runs\085_h256-128-64_d0p2_lr5em04_wd1em04,200.95744729042053
mlp_per_role_raw,raw,0.03091571107506752,0.17582864122510736,0.14156073331832886,0.14182557351431146,0.37784231888060277,0.3643385185148814,0.07277893275022507,0.18980245292186737,0.3834456911902223,268322,57314,val,204.39755296707153,12,"[256, 128, 64]",0.2,0.0005,0.0005,086_h256-128-64_d0p2_lr5em04_wd5em04,C:\Users\adria\Desktop\TFG\final\analysis\hp_search\runs\086_h256-128-64_d0p2_lr5em04_wd5em04,205.013774394989
mlp_per_role_raw,raw,0.030920851975679398,0.17584325968225054,0.1415855437517166,0.1416828541415105,0.37786791805473624,0.3642146397393681,0.07236087322235107,0.18980245292186737,0.38124308779159244,268322,57314,val,203.270033121109,12,"[256, 128, 64]",0.2,0.0005,0.001,087_h256-128-64_d0p2_lr5em04_wd1em03,C:\Users\adria\Desktop\TFG\final\analysis\hp_search\runs\087_h256-128-64_d0p2_lr5em04_wd1em03,203.9098093509674
mlp_per_role_raw,raw,0.03090779297053814,0.17580612324529013,0.14167186617851257,0.14204538736189798,0.3778720115112092,0.3637134203621454,0.076868437230587,0.18980245292186737,0.40499180093436454,268322,57314,val,209.4306561946869,21,"[192, 96]",0.2,0.0002,0.001,036_h192-96_d0p2_lr2em04_wd1em03,C:\Users\adria\Desktop\TFG\final\analysis\hp_search\runs\036_h192-96_d0p2_lr2em04_wd1em03,210.02623772621155
mlp_per_role_raw,raw,0.030910033732652664,0.17581249595137619,0.1416701227426529,0.14198319151260774,0.37779875566101695,0.36371020471672216,0.07688242942094803,0.18980245292186737,0.40506552068953955,268322,57314,val,210.63467502593994,21,"[192, 96]",0.2,0.0002,0.0005,035_h192-96_d0p2_lr2em04_wd5em04,C:\Users\adria\Desktop\TFG\final\analysis\hp_search\runs\035_h192-96_d0p2_lr2em04_wd5em04,211.21382308006287
mlp_per_role_raw,raw,0.03091132640838623,0.1758161722037715,0.14166773855686188,0.14194730474405348,0.3777355728462927,0.36367433405869465,0.07683627307415009,0.18980245292186737,0.4048223397080117,268322,57314,val,213.148761510849,21,"[192, 96]",0.2,0.0002,0.0001,034_h192-96_d0p2_lr2em04_wd1em04,C:\Users\adria\Desktop\TFG\final\analysis\hp_search\runs\034_h192-96_d0p2_lr2em04_wd1em04,213.75443196296692
mlp_per_role_raw,raw,0.031047604978084564,0.17620330580918328,0.1417541801929474,0.13816441366341115,0.37522443519823045,0.3626886654642878,0.07788296788930893,0.18980245292186737,0.4103369934916997,268322,57314,val,202.02010679244995,11,"[256, 128]",0.2,0.0005,0.0001,058_h256-128_d0p2_lr5em04_wd1em04,C:\Users\adria\Desktop\TFG\final\analysis\hp_search\runs\058_h256-128_d0p2_lr5em04_wd1em04,202.7872142791748
mlp_per_role_raw,raw,0.03102407418191433,0.1761365214312873,0.14175739884376526,0.13881758832401814,0.37542602796582697,0.36195934327099105,0.0797460749745369,0.18980245292186737,0.4201530261959499,268322,57314,val,245.95818614959717,19,"[256, 128]",0.2,0.0002,0.001,063_h256-128_d0p2_lr2em04_wd1em03,C:\Users\adria\Desktop\TFG\final\analysis\hp_search\runs\063_h256-128_d0p2_lr2em04_wd1em03,246.63367772102356
mlp_per_role_raw,raw,0.031063536182045937,0.17624850689309665,0.1418045610189438,0.13772218462092933,0.37459837643157873,0.36195559074064493,0.07810960710048676,0.18980245292186737,0.41153107295531505,268322,57314,val,200.9354944229126,11,"[256, 128]",0.2,0.0005,0.0005,059_h256-128_d0p2_lr5em04_wd5em04,C:\Users\adria\Desktop\TFG\final\analysis\hp_search\runs\059_h256-128_d0p2_lr5em04_wd5em04,201.69881200790405
mlp_per_role_raw,raw,0.031061682850122452,0.1762432490909154,0.14180319011211395,0.13777362035180618,0.3745022287612973,0.36195136093231334,0.0780869647860527,0.18980245292186737,0.41141177884670116,268322,57314,val,201.94350624084473,11,"[256, 128]",0.2,0.0005,0.001,060_h256-128_d0p2_lr5em04_wd1em03,C:\Users\adria\Desktop\TFG\final\analysis\hp_search\runs\060_h256-128_d0p2_lr5em04_wd1em03,202.74955582618713
mlp_per_role_raw,raw,0.031025823205709457,0.17614148632763793,0.1418125182390213,0.13876904954809866,0.37466423834693,0.3611622433948549,0.07588747888803482,0.18980245292186737,0.3998234886841746,268322,57314,val,251.93430352210999,17,"[256, 128]",0.2,0.0002,0.0005,062_h256-128_d0p2_lr2em04_wd5em04,C:\Users\adria\Desktop\TFG\final\analysis\hp_search\runs\062_h256-128_d0p2_lr2em04_wd5em04,252.98392343521118
mlp_per_role_raw,raw,0.031026018783450127,0.1761420414990417,0.14181587100028992,0.1387636103673623,0.3746145367472356,0.3611180775257007,0.07571161538362503,0.18980245292186737,0.3988969279274378,268322,57314,val,247.5437877178192,17,"[256, 128]",0.2,0.0002,0.0001,061_h256-128_d0p2_lr2em04_wd1em04,C:\Users\adria\Desktop\TFG\final\analysis\hp_search\runs\061_h256-128_d0p2_lr2em04_wd1em04,248.3018491268158
mlp_per_role_raw,raw,0.030954312533140182,0.17593837709021923,0.14181526005268097,0.14075405490923898,0.3754101794225854,0.3610540017515353,0.07368110120296478,0.18980245292186737,0.3881988882056007,268322,57314,val,179.24957489967346,8,"[256, 128]",0.2,0.001,0.0005,056_h256-128_d0p2_lr1em03_wd5em04,C:\Users\adria\Desktop\TFG\final\analysis\hp_search\runs\056_h256-128_d0p2_lr1em03_wd5em04,180.0140905380249
mlp_per_role_raw,raw,0.030994733795523643,0.17605321296563617,0.14175565540790558,0.1396320465177655,0.37467050835397364,0.36073006650008876,0.0744548812508583,0.18980245292186737,0.3922756534738138,268322,57314,val,254.87811279296875,19,"[256, 128, 64]",0.2,0.0002,0.0005,089_h256-128-64_d0p2_lr2em04_wd5em04,C:\Users\adria\Desktop\TFG\final\analysis\hp_search\runs\089_h256-128-64_d0p2_lr2em04_wd5em04,255.57279706001282
mlp_per_role_raw,raw,0.03099297732114792,0.17604822441918555,0.14175306260585785,0.13968076265827423,0.37461928354817453,0.3607228348130798,0.07428035885095596,0.18980245292186737,0.39135615850830785,268322,57314,val,262.5169577598572,19,"[256, 128, 64]",0.2,0.0002,0.0001,088_h256-128-64_d0p2_lr2em04_wd1em04,C:\Users\adria\Desktop\TFG\final\analysis\hp_search\runs\088_h256-128-64_d0p2_lr2em04_wd1em04,263.19550943374634
mlp_per_role_raw,raw,0.030999351292848587,0.17606632640243444,0.141763374209404,0.13950387104128148,0.37446481704365175,0.3605522662903248,0.0744088739156723,0.18980245292186737,0.39203325758020047,268322,57314,val,253.88229274749756,19,"[256, 128, 64]",0.2,0.0002,0.001,090_h256-128-64_d0p2_lr2em04_wd1em03,C:\Users\adria\Desktop\TFG\final\analysis\hp_search\runs\090_h256-128-64_d0p2_lr2em04_wd1em03,254.53251123428345
mlp_per_role_raw,raw,0.030965877696871758,0.17597124110738027,0.14189034700393677,0.14043302500273136,0.3749064639070312,0.36048844766017524,0.07325049489736557,0.18980245292186737,0.3859301804045668,268322,57314,val,181.01205587387085,8,"[256, 128]",0.2,0.001,0.0001,055_h256-128_d0p2_lr1em03_wd1em04,C:\Users\adria\Desktop\TFG\final\analysis\hp_search\runs\055_h256-128_d0p2_lr1em03_wd1em04,181.78247475624084
mlp_per_role_raw,raw,0.03096318058669567,0.17596357744344615,0.14186182618141174,0.14050787285938682,0.3750558920949781,0.3604452802499867,0.07357651740312576,0.18980245292186737,0.38764787425278274,268322,57314,val,178.35634183883667,8,"[256, 128]",0.2,0.001,0.001,057_h256-128_d0p2_lr1em03_wd1em03,C:\Users\adria\Desktop\TFG\final\analysis\hp_search\runs\057_h256-128_d0p2_lr1em03_wd1em03,179.10595512390137
