jungle_champion_id,jungle_champion_name,n,mean,median,std,min,max,q10,q25,q75,q90
234,Viego,10646,0.6407923163629532,0.625,0.13431478472747987,0.1111111111111111,1.0,0.5,0.5555555555555556,0.75,0.7777777777777778
121,Khazix,9544,0.6278915781875757,0.625,0.14207854555045665,0.0,1.0,0.4444444444444444,0.5555555555555556,0.75,0.7777777777777778
59,JarvanIV,9132,0.6093362169659804,0.625,0.13368105489375548,0.1111111111111111,1.0,0.4444444444444444,0.5,0.6666666666666666,0.7777777777777778
131,Diana,6865,0.6359957918588655,0.625,0.1389127762425881,0.1111111111111111,1.0,0.4444444444444444,0.5555555555555556,0.75,0.7777777777777778
91,Talon,6368,0.6033291457286433,0.625,0.14411225301594977,0.1111111111111111,1.0,0.4444444444444444,0.5,0.6666666666666666,0.7777777777777778
120,Hecarim,6326,0.617574735658833,0.625,0.13249948767863481,0.0,1.0,0.4444444444444444,0.5555555555555556,0.6666666666666666,0.7777777777777778
64,LeeSin,6257,0.637863370802479,0.625,0.1383024221979506,0.1111111111111111,1.0,0.4444444444444444,0.5555555555555556,0.75,0.7777777777777778
36,DrMundo,6196,0.609066781436052,0.625,0.1301869689836904,0.1111111111111111,1.0,0.4444444444444444,0.5,0.6666666666666666,0.7777777777777778
799,Ambessa,6051,0.6112511246993151,0.625,0.13592151309413375,0.1111111111111111,1.0,0.4444444444444444,0.5,0.6666666666666666,0.7777777777777778
5,XinZhao,5472,0.5784930352501624,0.5555555555555556,0.14133271189651692,0.1111111111111111,1.0,0.375,0.5,0.6666666666666666,0.7777777777777778
245,Ekko,5277,0.6044417071989556,0.625,0.14776730333470833,0.125,1.0,0.375,0.5,0.75,0.7777777777777778
107,Rengar,5166,0.6318772314707274,0.625,0.14226552846785645,0.0,1.0,0.4444444444444444,0.5555555555555556,0.75,0.7777777777777778
421,RekSai,5124,0.6046437245207736,0.625,0.1448769546295017,0.1111111111111111,1.0,0.4444444444444444,0.5,0.6666666666666666,0.7777777777777778
126,Jayce,5053,0.6530553906370252,0.6666666666666666,0.14015175688731327,0.125,1.0,0.5,0.5555555555555556,0.75,0.7777777777777778
904,Zaahen,4983,0.6075657234597632,0.625,0.14839628364265592,0.125,1.0,0.375,0.5,0.75,0.7777777777777778
35,Shaco,4927,0.5970728187087027,0.625,0.13320349496973824,0.1111111111111111,1.0,0.4444444444444444,0.5,0.6666666666666666,0.7777777777777778
950,Naafiri,4412,0.6112779540646721,0.625,0.14412325409952728,0.0,1.0,0.4444444444444444,0.5,0.75,0.7777777777777778
20,Nunu,4312,0.6472473459080602,0.6666666666666666,0.1315088859081563,0.125,1.0,0.5,0.5555555555555556,0.75,0.7777777777777778
246,Qiyana,4219,0.6417035369097469,0.6666666666666666,0.13991372368890218,0.1111111111111111,1.0,0.4444444444444444,0.5555555555555556,0.75,0.7777777777777778
254,Vi,3730,0.6201333035448316,0.625,0.13760036369714737,0.1111111111111111,1.0,0.4444444444444444,0.5,0.75,0.7777777777777778
154,Zac,3694,0.6152507068519522,0.625,0.1472937617521213,0.1111111111111111,1.0,0.4444444444444444,0.5,0.75,0.7777777777777778
517,Sylas,3415,0.5723360989100374,0.5555555555555556,0.14392652596307437,0.1111111111111111,1.0,0.375,0.5,0.6666666666666666,0.75
163,Taliyah,3224,0.645424076371657,0.6666666666666666,0.1373146556576755,0.125,1.0,0.5,0.5555555555555556,0.75,0.7777777777777778
60,Elise,3220,0.6369996549344374,0.625,0.13615593681020594,0.1111111111111111,1.0,0.4444444444444444,0.5555555555555556,0.75,0.7777777777777778
104,Graves,3174,0.660015402926556,0.6666666666666666,0.14249786489853689,0.1111111111111111,1.0,0.5,0.5555555555555556,0.75,0.875
266,Aatrox,3095,0.6456112008616047,0.6666666666666666,0.13604724236125273,0.125,1.0,0.4444444444444444,0.5555555555555556,0.75,0.7777777777777778
11,MasterYi,3051,0.6220865654248152,0.625,0.14133809286623775,0.0,1.0,0.4444444444444444,0.5,0.75,0.7777777777777778
56,Nocturne,2768,0.6193400770712909,0.625,0.1402650182122737,0.1111111111111111,1.0,0.4444444444444444,0.5,0.75,0.7777777777777778
76,Nidalee,2692,0.6553161631170547,0.6666666666666666,0.14034244958341838,0.0,1.0,0.5,0.5555555555555556,0.75,0.875
106,Volibear,2612,0.6224955334354262,0.625,0.13079982266096465,0.2222222222222222,1.0,0.4444444444444444,0.5555555555555556,0.75,0.7777777777777778
9,FiddleSticks,2550,0.598355119825708,0.625,0.14325369599117324,0.1111111111111111,1.0,0.4444444444444444,0.5,0.6666666666666666,0.7777777777777778
887,Gwen,2542,0.6067838097735816,0.625,0.15345906079134228,0.125,1.0,0.375,0.5,0.75,0.7777777777777778
141,Kayn,2541,0.6044864226682408,0.625,0.14154017541489664,0.125,1.0,0.4444444444444444,0.5,0.6666666666666666,0.7777777777777778
427,Ivern,2531,0.6478280433732825,0.6666666666666666,0.13662642999870628,0.125,1.0,0.4444444444444444,0.5555555555555556,0.75,0.7777777777777778
238,Zed,2496,0.5852920227920227,0.625,0.13196220068688508,0.1111111111111111,1.0,0.375,0.5,0.6666666666666666,0.75
62,MonkeyKing,2368,0.6311936936936937,0.625,0.14180822685968514,0.125,1.0,0.4444444444444444,0.5555555555555556,0.75,0.7777777777777778
28,Evelynn,2252,0.6284968916518651,0.625,0.13672365836034717,0.125,1.0,0.4444444444444444,0.5555555555555556,0.75,0.7777777777777778
203,Kindred,2206,0.6800015110305228,0.6666666666666666,0.15188517322575062,0.1111111111111111,1.0,0.5,0.5555555555555556,0.7777777777777778,0.8888888888888888
200,Belveth,2007,0.6293874218014727,0.625,0.1456585617908238,0.1111111111111111,1.0,0.4444444444444444,0.5555555555555556,0.75,0.7777777777777778
30,Karthus,1943,0.6265583004517642,0.625,0.13463325958810266,0.2222222222222222,1.0,0.4444444444444444,0.5555555555555556,0.75,0.7777777777777778
77,Udyr,1905,0.6084062408865558,0.625,0.13174955334342178,0.125,1.0,0.4444444444444444,0.5,0.6666666666666666,0.7777777777777778
143,Zyra,1786,0.6073783750155531,0.625,0.12916681167582927,0.125,1.0,0.4444444444444444,0.5,0.6666666666666666,0.7777777777777778
876,Lillia,1778,0.6387717160354955,0.6666666666666666,0.14569057583084435,0.1111111111111111,1.0,0.4444444444444444,0.5555555555555556,0.75,0.7777777777777778
233,Briar,1583,0.6219993682880607,0.625,0.14960507408688678,0.125,1.0,0.4444444444444444,0.5,0.75,0.7777777777777778
113,Sejuani,1145,0.6228044638524988,0.625,0.1368626402443547,0.2222222222222222,1.0,0.4444444444444444,0.5555555555555556,0.75,0.7777777777777778
54,Malphite,1134,0.6300582990397805,0.625,0.1418919877830134,0.2222222222222222,1.0,0.4444444444444444,0.5555555555555556,0.75,0.7777777777777778
80,Pantheon,1113,0.6187481281820905,0.625,0.14923814220843143,0.125,1.0,0.4444444444444444,0.5,0.75,0.7777777777777778
24,Jax,1043,0.5833732821987856,0.5555555555555556,0.14641009762473176,0.125,0.8888888888888888,0.375,0.5,0.6666666666666666,0.7777777777777778
122,Darius,987,0.6126590115951818,0.625,0.12992674598905818,0.2222222222222222,1.0,0.4444444444444444,0.5,0.6666666666666666,0.7777777777777778
33,Rammus,955,0.5727166957533449,0.5555555555555556,0.1417435989748511,0.1111111111111111,0.8888888888888888,0.375,0.5,0.6666666666666666,0.75
31,Chogath,922,0.6395818269462521,0.625,0.14193170136789746,0.1111111111111111,1.0,0.4444444444444444,0.5555555555555556,0.75,0.7777777777777778
72,Skarner,822,0.6315558258988916,0.625,0.13654027959208756,0.2222222222222222,1.0,0.4444444444444444,0.5555555555555556,0.75,0.7777777777777778
98,Shen,807,0.636272889990362,0.6666666666666666,0.1382250562093699,0.125,1.0,0.4444444444444444,0.5555555555555556,0.75,0.7777777777777778
75,Nasus,689,0.5053217223028544,0.5,0.1382686051045279,0.0,0.8888888888888888,0.3333333333333333,0.4444444444444444,0.625,0.6666666666666666
19,Warwick,665,0.6311194653299916,0.625,0.14866636840309772,0.2222222222222222,0.8888888888888888,0.4444444444444444,0.5555555555555556,0.75,0.7777777777777778
63,Brand,639,0.6682533472439576,0.6666666666666666,0.1561123425182756,0.2222222222222222,1.0,0.4444444444444444,0.5555555555555556,0.7777777777777778,0.875
68,Rumble,628,0.5906758669497523,0.625,0.14177239342094755,0.2222222222222222,0.8888888888888888,0.375,0.5,0.6666666666666666,0.7777777777777778
105,Fizz,608,0.6209795321637427,0.625,0.13080668183102262,0.25,1.0,0.4444444444444444,0.5555555555555556,0.75,0.7777777777777778
48,Trundle,588,0.6288737717309146,0.625,0.13333128580007508,0.25,1.0,0.4444444444444444,0.5555555555555556,0.75,0.7777777777777778
57,Maokai,519,0.625535217298223,0.625,0.13845011839344562,0.2222222222222222,1.0,0.4444444444444444,0.5,0.75,0.7777777777777778
102,Shyvana,518,0.611111111111111,0.625,0.13469379005205576,0.2222222222222222,1.0,0.4444444444444444,0.5,0.6666666666666666,0.7777777777777778
32,Amumu,500,0.5926388888888889,0.625,0.14544021937674456,0.1111111111111111,1.0,0.375,0.5,0.6666666666666666,0.7777777777777778
17,Teemo,445,0.5796192259675406,0.5555555555555556,0.14369375451319147,0.1111111111111111,0.8888888888888888,0.375,0.5,0.6666666666666666,0.7777777777777778
79,Gragas,415,0.5971887550200804,0.625,0.1433317144205093,0.2222222222222222,0.8888888888888888,0.4027777777777782,0.5,0.6666666666666666,0.7777777777777778
92,Riven,376,0.595596926713948,0.625,0.14740703121548954,0.1111111111111111,0.8888888888888888,0.375,0.5,0.6666666666666666,0.7777777777777778
78,Poppy,369,0.5793059319482083,0.5555555555555556,0.1546227885589834,0.125,1.0,0.375,0.5,0.6666666666666666,0.7777777777777778
25,Morgana,334,0.6423819028609448,0.6666666666666666,0.1364247420206734,0.1111111111111111,0.8888888888888888,0.5,0.5555555555555556,0.75,0.7777777777777778
82,Mordekaiser,268,0.6251036484245439,0.625,0.13506487959241334,0.2222222222222222,0.8888888888888888,0.5,0.5,0.75,0.7777777777777778
2,Olaf,239,0.6065783356578336,0.625,0.13636402481566204,0.1111111111111111,0.8888888888888888,0.4444444444444444,0.5,0.6666666666666666,0.7777777777777778
14,Sion,216,0.6286008230452674,0.6666666666666666,0.12975620332957633,0.2222222222222222,0.8888888888888888,0.4444444444444444,0.5555555555555556,0.75,0.7777777777777778
518,Neeko,191,0.6297993019197208,0.625,0.12990378601619923,0.2222222222222222,0.8888888888888888,0.5,0.5555555555555556,0.75,0.7777777777777778
136,AurelionSol,182,0.6385836385836386,0.6666666666666666,0.1414433298650233,0.125,0.8888888888888888,0.4444444444444444,0.5555555555555556,0.75,0.7777777777777778
164,Camille,141,0.5332939322301025,0.5555555555555556,0.15226174966738298,0.1111111111111111,0.8888888888888888,0.3333333333333333,0.4444444444444444,0.625,0.6666666666666666
67,Vayne,81,0.5869341563786008,0.625,0.1370675328930531,0.3333333333333333,0.8888888888888888,0.375,0.5,0.6666666666666666,0.7777777777777778
29,Twitch,59,0.6501883239171375,0.625,0.12216001596047066,0.4444444444444444,1.0,0.5,0.5555555555555556,0.75,0.7972222222222225
6,Urgot,55,0.625,0.625,0.10840980734372517,0.375,0.8888888888888888,0.5,0.5555555555555556,0.6666666666666666,0.7777777777777778
10,Kayle,40,0.617013888888889,0.625,0.12607905183200682,0.375,0.8888888888888888,0.4444444444444444,0.5,0.6875,0.7527777777777778
516,Ornn,39,0.6314102564102564,0.625,0.11827448541902265,0.375,1.0,0.5,0.5555555555555556,0.6666666666666666,0.7777777777777778
81,Ezreal,34,0.6450163398692811,0.6666666666666666,0.1220993019242127,0.4444444444444444,0.875,0.5,0.5138888888888888,0.75,0.7777777777777778
145,Kaisa,32,0.6762152777777778,0.6666666666666666,0.13555301700866468,0.375,1.0,0.5555555555555556,0.625,0.7569444444444444,0.865277777777778
111,Nautilus,31,0.6263440860215054,0.625,0.11868594431721083,0.3333333333333333,0.8888888888888888,0.5,0.5555555555555556,0.75,0.75
27,Singed,24,0.5972222222222222,0.5902777777777778,0.1494757343821469,0.25,0.875,0.4444444444444444,0.5,0.6944444444444444,0.7777777777777778
777,Yone,21,0.5548941798941799,0.5555555555555556,0.17907923095172104,0.2222222222222222,0.8888888888888888,0.3333333333333333,0.375,0.6666666666666666,0.75
221,Zeri,18,0.6219135802469136,0.6666666666666666,0.12019217579395529,0.4444444444444444,0.7777777777777778,0.48333333333333334,0.5,0.75,0.75
83,Yorick,18,0.5763888888888888,0.5555555555555556,0.13866403367074565,0.375,0.875,0.4625,0.5,0.6388888888888888,0.7777777777777778
38,Kassadin,18,0.5277777777777778,0.5555555555555556,0.13524635259264886,0.2222222222222222,0.7777777777777778,0.375,0.4444444444444444,0.625,0.6666666666666666
23,Tryndamere,16,0.6362847222222222,0.625,0.12289574000559428,0.5,0.8888888888888888,0.5,0.5555555555555556,0.6666666666666666,0.8263888888888888
44,Taric,15,0.5916666666666667,0.625,0.13463730755454792,0.375,0.7777777777777778,0.4027777777777778,0.5,0.7083333333333333,0.75
119,Draven,14,0.5982142857142857,0.5555555555555556,0.15849484618261128,0.3333333333333333,0.8888888888888888,0.4125,0.5,0.7291666666666666,0.7694444444444445
4,TwistedFate,10,0.6069444444444445,0.625,0.12713370957279335,0.375,0.7777777777777778,0.4875,0.5138888888888888,0.6666666666666666,0.7777777777777778
875,Sett,9,0.5509259259259259,0.5555555555555556,0.1326734248232139,0.375,0.7777777777777778,0.4305555555555555,0.4444444444444444,0.625,0.6888888888888889
74,Heimerdinger,7,0.7043650793650793,0.75,0.14931132325515228,0.5555555555555556,0.8888888888888888,0.5555555555555556,0.5555555555555556,0.8125,0.8805555555555555
42,Corki,7,0.5218253968253969,0.5,0.1491266462231234,0.25,0.6666666666666666,0.3666666666666667,0.4722222222222222,0.6458333333333333,0.6666666666666666
240,Kled,7,0.5218253968253969,0.5,0.08778874420813519,0.375,0.6666666666666666,0.45,0.5,0.5555555555555556,0.6000000000000001
13,Ryze,5,0.6222222222222222,0.5555555555555556,0.14907119849998599,0.4444444444444444,0.7777777777777778,0.4888888888888889,0.5555555555555556,0.7777777777777778,0.7777777777777778
150,Gnar,5,0.6138888888888889,0.6666666666666666,0.1719083160751756,0.375,0.7777777777777778,0.425,0.5,0.75,0.7666666666666667
895,Nilah,5,0.55,0.625,0.25920551691659655,0.125,0.75,0.275,0.5,0.75,0.75
157,Yasuo,5,0.48888888888888893,0.5555555555555556,0.0993807989999907,0.3333333333333333,0.5555555555555556,0.37777777777777777,0.4444444444444444,0.5555555555555556,0.5555555555555556
22,Ashe,4,0.6388888888888888,0.6111111111111112,0.1063807897507042,0.5555555555555556,0.7777777777777778,0.5555555555555556,0.5555555555555556,0.6944444444444444,0.7444444444444445
110,Varus,4,0.5972222222222222,0.5555555555555556,0.12318643236713028,0.5,0.7777777777777778,0.5166666666666667,0.5416666666666667,0.6111111111111112,0.7111111111111111
166,Akshan,4,0.46875,0.4722222222222222,0.07722605239635315,0.375,0.5555555555555556,0.3958333333333333,0.4270833333333333,0.5138888888888888,0.538888888888889
555,Pyke,3,0.6805555555555555,0.6666666666666666,0.06364688465216439,0.625,0.75,0.6333333333333333,0.6458333333333333,0.7083333333333333,0.7333333333333333
96,KogMaw,3,0.6666666666666666,0.6666666666666666,0.11111111111111108,0.5555555555555556,0.7777777777777778,0.5777777777777778,0.6111111111111112,0.7222222222222222,0.7555555555555555
84,Akali,3,0.6296296296296297,0.6666666666666666,0.06415002990995834,0.5555555555555556,0.6666666666666666,0.5777777777777778,0.6111111111111112,0.6666666666666666,0.6666666666666666
18,Tristana,3,0.6203703703703703,0.5555555555555556,0.11226255234242721,0.5555555555555556,0.75,0.5555555555555556,0.5555555555555556,0.6527777777777778,0.7111111111111111
142,Zoe,3,0.5370370370370371,0.5,0.11564811108145182,0.4444444444444444,0.6666666666666666,0.45555555555555555,0.4722222222222222,0.5833333333333333,0.6333333333333333
86,Garen,3,0.47685185185185186,0.5,0.09247677942332491,0.375,0.5555555555555556,0.4,0.4375,0.5277777777777778,0.5444444444444445
202,Jhin,3,0.4259259259259259,0.5,0.17858612520357325,0.2222222222222222,0.5555555555555556,0.2777777777777778,0.3611111111111111,0.5277777777777778,0.5444444444444445
21,MissFortune,2,0.6527777777777778,0.6527777777777778,0.13749298523071754,0.5555555555555556,0.75,0.5750000000000001,0.6041666666666667,0.7013888888888888,0.7305555555555555
1,Annie,2,0.625,0.625,0.1767766952966369,0.5,0.75,0.525,0.5625,0.6875,0.725
58,Renekton,2,0.5902777777777778,0.5902777777777778,0.049104637582399115,0.5555555555555556,0.625,0.5625,0.5729166666666667,0.6076388888888888,0.6180555555555556
3,Galio,2,0.5625,0.5625,0.08838834764831845,0.5,0.625,0.5125,0.53125,0.59375,0.6125
412,Thresh,2,0.5277777777777778,0.5277777777777778,0.039283710065919325,0.5,0.5555555555555556,0.5055555555555555,0.5138888888888888,0.5416666666666667,0.55
893,Aurora,2,0.5277777777777778,0.5277777777777778,0.039283710065919325,0.5,0.5555555555555556,0.5055555555555555,0.5138888888888888,0.5416666666666667,0.55
498,Xayah,2,0.5,0.5,0.1767766952966369,0.375,0.625,0.4,0.4375,0.5625,0.6
39,Irelia,2,0.4027777777777778,0.4027777777777778,0.2160604053625562,0.25,0.5555555555555556,0.28055555555555556,0.3263888888888889,0.4791666666666667,0.525
267,Nami,1,0.875,0.875,,0.875,0.875,0.875,0.875,0.875,0.875
50,Swain,1,0.7777777777777778,0.7777777777777778,,0.7777777777777778,0.7777777777777778,0.7777777777777778,0.7777777777777778,0.7777777777777778,0.7777777777777778
897,KSante,1,0.75,0.75,,0.75,0.75,0.75,0.75,0.75,0.75
69,Cassiopeia,1,0.6666666666666666,0.6666666666666666,,0.6666666666666666,0.6666666666666666,0.6666666666666666,0.6666666666666666,0.6666666666666666,0.6666666666666666
432,Bard,1,0.6666666666666666,0.6666666666666666,,0.6666666666666666,0.6666666666666666,0.6666666666666666,0.6666666666666666,0.6666666666666666,0.6666666666666666
800,Mel,1,0.6666666666666666,0.6666666666666666,,0.6666666666666666,0.6666666666666666,0.6666666666666666,0.6666666666666666,0.6666666666666666,0.6666666666666666
901,Smolder,1,0.6666666666666666,0.6666666666666666,,0.6666666666666666,0.6666666666666666,0.6666666666666666,0.6666666666666666,0.6666666666666666,0.6666666666666666
37,Sona,1,0.625,0.625,,0.625,0.625,0.625,0.625,0.625,0.625
43,Karma,1,0.625,0.625,,0.625,0.625,0.625,0.625,0.625,0.625
89,Leona,1,0.625,0.625,,0.625,0.625,0.625,0.625,0.625,0.625
90,Malzahar,1,0.625,0.625,,0.625,0.625,0.625,0.625,0.625,0.625
103,Ahri,1,0.625,0.625,,0.625,0.625,0.625,0.625,0.625,0.625
117,Lulu,1,0.625,0.625,,0.625,0.625,0.625,0.625,0.625,0.625
420,Illaoi,1,0.625,0.625,,0.625,0.625,0.625,0.625,0.625,0.625
7,Leblanc,1,0.5555555555555556,0.5555555555555556,,0.5555555555555556,0.5555555555555556,0.5555555555555556,0.5555555555555556,0.5555555555555556,0.5555555555555556
34,Anivia,1,0.5555555555555556,0.5555555555555556,,0.5555555555555556,0.5555555555555556,0.5555555555555556,0.5555555555555556,0.5555555555555556,0.5555555555555556
53,Blitzcrank,1,0.5555555555555556,0.5555555555555556,,0.5555555555555556,0.5555555555555556,0.5555555555555556,0.5555555555555556,0.5555555555555556,0.5555555555555556
61,Orianna,1,0.5555555555555556,0.5555555555555556,,0.5555555555555556,0.5555555555555556,0.5555555555555556,0.5555555555555556,0.5555555555555556,0.5555555555555556
523,Aphelios,1,0.5555555555555556,0.5555555555555556,,0.5555555555555556,0.5555555555555556,0.5555555555555556,0.5555555555555556,0.5555555555555556,0.5555555555555556
134,Syndra,1,0.5,0.5,,0.5,0.5,0.5,0.5,0.5,0.5
223,TahmKench,1,0.4444444444444444,0.4444444444444444,,0.4444444444444444,0.4444444444444444,0.4444444444444444,0.4444444444444444,0.4444444444444444,0.4444444444444444
711,Vex,1,0.3333333333333333,0.3333333333333333,,0.3333333333333333,0.3333333333333333,0.3333333333333333,0.3333333333333333,0.3333333333333333,0.3333333333333333
26,Zilean,1,0.25,0.25,,0.25,0.25,0.25,0.25,0.25,0.25
