case_id,case_group,case_rank,match_id,team_id,side,patch,frame_idx,minute,support_champion_name,adc_champion_name,support_alive,adc_alive,support_x,support_y,adc_x,adc_y,support_zone_v5_abs,adc_zone_v5_abs,dist_to_adc,valid_support_frame_v5,valid_coop_frame_v5,out_bot_context_v5,far_from_adc_v5,support_xp,adc_xp,xp_ratio_frame
bottom_error_01_EUW1_7739311514_200,bottom_error,1,EUW1_7739311514,200,red,16.3,5,5.0033666666666665,Yuumi,Lucian,True,True,13110.0,2200.0,13110.0,2200.0,BOT_LANE_CORE,BOT_LANE_CORE,0.0,True,True,False,False,1427.0,1427.0,1.0
bottom_error_01_EUW1_7739311514_200,bottom_error,1,EUW1_7739311514,200,red,16.3,6,6.003733333333333,Yuumi,Lucian,True,True,12598.0,2463.0,12598.0,2463.0,BOT_LANE_CORE,BOT_LANE_CORE,0.0,True,True,False,False,1935.0,1935.0,1.0
bottom_error_01_EUW1_7739311514_200,bottom_error,1,EUW1_7739311514,200,red,16.3,7,7.003983333333333,Yuumi,Lucian,True,True,12203.0,2882.0,12282.0,2653.0,BOT_SIDE_NEAR,BOT_LANE_CORE,242.2436789681002,True,True,False,False,2225.0,2225.0,1.0
bottom_error_01_EUW1_7739311514_200,bottom_error,1,EUW1_7739311514,200,red,16.3,8,8.004266666666666,Yuumi,Lucian,True,True,12721.0,1729.0,12721.0,1729.0,BOT_LANE_CORE,BOT_LANE_CORE,0.0,True,True,False,False,2726.0,2726.0,1.0
bottom_error_01_EUW1_7739311514_200,bottom_error,1,EUW1_7739311514,200,red,16.3,9,9.00465,Yuumi,Lucian,True,True,13525.0,2799.0,13525.0,2799.0,BOT_LANE_CORE,BOT_LANE_CORE,0.0,True,True,False,False,3017.0,3017.0,1.0
bottom_error_01_EUW1_7739311514_200,bottom_error,1,EUW1_7739311514,200,red,16.3,10,10.004733333333334,Yuumi,Lucian,True,True,12130.0,3390.0,12633.0,2313.0,BOT_SIDE_NEAR,BOT_LANE_CORE,1188.6706861027574,True,True,False,False,3428.0,3428.0,1.0
bottom_error_01_EUW1_7739311514_200,bottom_error,1,EUW1_7739311514,200,red,16.3,11,11.00505,Yuumi,Lucian,True,True,8533.0,7887.0,8533.0,7887.0,MID_LANE,MID_LANE,0.0,True,True,True,False,3449.0,3573.0,0.9652952700811643
bottom_error_02_EUW1_7827297324_100,bottom_error,2,EUW1_7827297324,100,blue,16.8,5,5.00295,Yuumi,Twitch,True,True,10732.0,1878.0,11079.0,1811.0,BOT_LANE_CORE,BOT_LANE_CORE,353.40911137094355,True,True,False,False,1346.0,1377.0,0.9774872912127814
bottom_error_02_EUW1_7827297324_100,bottom_error,2,EUW1_7827297324,100,blue,16.8,6,6.003233333333333,Yuumi,Twitch,True,True,12881.0,2683.0,1022.0,542.0,BOT_LANE_CORE,BLUE_BASE,12050.716244273615,True,False,False,False,1819.0,1788.0,1.017337807606264
bottom_error_02_EUW1_7827297324_100,bottom_error,2,EUW1_7827297324,100,blue,16.8,7,7.00365,Yuumi,Twitch,True,True,13411.0,3494.0,13411.0,3494.0,BOT_LANE_CORE,BOT_LANE_CORE,0.0,True,True,False,False,1819.0,2142.0,0.8492063492063492
bottom_error_02_EUW1_7827297324_100,bottom_error,2,EUW1_7827297324,100,blue,16.8,8,8.004083333333334,Yuumi,Twitch,True,True,10598.0,2432.0,11714.0,2054.0,BOT_SIDE_NEAR,BOT_LANE_CORE,1178.2784051318263,True,True,False,False,1980.0,2303.0,0.8597481545809813
bottom_error_02_EUW1_7827297324_100,bottom_error,2,EUW1_7827297324,100,blue,16.8,9,9.004383333333333,Yuumi,Twitch,True,True,3587.0,872.0,5108.0,1064.0,BLUE_BASE,BOT_LANE_CORE,1533.07044847913,False,False,False,False,2207.0,2654.0,0.8315749811605124
bottom_error_02_EUW1_7827297324_100,bottom_error,2,EUW1_7827297324,100,blue,16.8,10,10.00465,Yuumi,Twitch,True,True,12534.0,2225.0,12530.0,2438.0,BOT_LANE_CORE,BOT_LANE_CORE,213.03755537463343,True,True,False,False,2672.0,3111.0,0.8588878174220508
bottom_error_02_EUW1_7827297324_100,bottom_error,2,EUW1_7827297324,100,blue,16.8,11,11.0052,Yuumi,Twitch,True,True,10142.0,1373.0,11257.0,1392.0,BOT_LANE_CORE,BOT_LANE_CORE,1115.1618716581015,True,True,False,False,2860.0,3485.0,0.8206599713055954
bottom_error_03_EUW1_7737055177_200,bottom_error,3,EUW1_7737055177,200,red,16.3,5,5.00315,Yuumi,Vayne,True,True,13524.0,2747.0,13524.0,2747.0,BOT_LANE_CORE,BOT_LANE_CORE,0.0,True,True,False,False,1408.0,1532.0,0.9190600522193212
bottom_error_03_EUW1_7737055177_200,bottom_error,3,EUW1_7737055177,200,red,16.3,6,6.003416666666666,Yuumi,Vayne,True,True,11289.0,4644.0,12107.0,4401.0,BOT_SIDE_NEAR,BOT_SIDE_NEAR,853.3305338495745,True,True,False,False,1819.0,1943.0,0.9361811631497684
bottom_error_03_EUW1_7737055177_200,bottom_error,3,EUW1_7737055177,200,red,16.3,7,7.003566666666667,Yuumi,Vayne,True,True,12498.0,3121.0,12498.0,3121.0,BOT_LANE_CORE,BOT_LANE_CORE,0.0,True,True,False,False,2209.0,2213.0,0.9981924988703118
bottom_error_03_EUW1_7737055177_200,bottom_error,3,EUW1_7737055177,200,red,16.3,8,8.00375,Yuumi,Vayne,True,True,13507.0,2927.0,13507.0,2927.0,BOT_LANE_CORE,BOT_LANE_CORE,0.0,True,True,False,False,2421.0,2425.0,0.9983505154639175
bottom_error_03_EUW1_7737055177_200,bottom_error,3,EUW1_7737055177,200,red,16.3,9,9.004016666666667,Yuumi,Vayne,True,True,12094.0,8009.0,12100.0,8534.0,RED_BOT_JUNGLE,RED_BOT_JUNGLE,525.0342845948252,True,True,True,False,2671.0,2706.0,0.9870657797487066
bottom_error_03_EUW1_7737055177_200,bottom_error,3,EUW1_7737055177,200,red,16.3,10,10.0042,Yuumi,Vayne,True,True,12749.0,2732.0,12749.0,2732.0,BOT_LANE_CORE,BOT_LANE_CORE,0.0,True,True,False,False,2901.0,3029.0,0.9577418289864642
bottom_error_03_EUW1_7737055177_200,bottom_error,3,EUW1_7737055177,200,red,16.3,11,11.0047,Yuumi,Vayne,True,True,12831.0,2914.0,12831.0,2914.0,BOT_LANE_CORE,BOT_LANE_CORE,0.0,True,True,False,False,3244.0,3372.0,0.9620403321470937
bottom_error_04_EUW1_7753025529_100,bottom_error,4,EUW1_7753025529,100,blue,16.4,5,5.002233333333334,Senna,Nilah,False,True,13387.0,1431.0,10438.0,1602.0,BOT_LANE_CORE,BOT_LANE_CORE,2953.9536218431053,False,False,False,False,1388.0,1452.0,0.9559228650137741
bottom_error_04_EUW1_7753025529_100,bottom_error,4,EUW1_7753025529,100,blue,16.4,6,6.00275,Senna,Nilah,True,True,12905.0,2651.0,13328.0,3114.0,BOT_LANE_CORE,BOT_LANE_CORE,627.1347542594016,True,True,False,False,1872.0,2062.0,0.9078564500484966
bottom_error_04_EUW1_7753025529_100,bottom_error,4,EUW1_7753025529,100,blue,16.4,7,7.003166666666667,Senna,Nilah,True,True,11971.0,2171.0,12273.0,1814.0,BOT_LANE_CORE,BOT_LANE_CORE,467.60346448673795,True,True,False,False,1984.0,2268.0,0.8747795414462081
bottom_error_04_EUW1_7753025529_100,bottom_error,4,EUW1_7753025529,100,blue,16.4,8,8.003633333333333,Senna,Nilah,True,True,9553.0,3519.0,9007.0,4189.0,BOT_SIDE_NEAR,BOT_SIDE_NEAR,864.3008735388389,True,True,False,False,2382.0,2667.0,0.8931383577052868
bottom_error_04_EUW1_7753025529_100,bottom_error,4,EUW1_7753025529,100,blue,16.4,9,9.004066666666667,Senna,Nilah,True,True,9318.0,1307.0,10919.0,1498.0,BOT_LANE_CORE,BOT_LANE_CORE,1612.3529390304097,True,True,False,False,2700.0,3116.0,0.8664955070603337
bottom_error_04_EUW1_7753025529_100,bottom_error,4,EUW1_7753025529,100,blue,16.4,10,10.004416666666666,Senna,Nilah,True,True,10304.0,837.0,11286.0,1115.0,BOT_LANE_CORE,BOT_LANE_CORE,1020.5919850753287,True,True,False,False,3056.0,3598.0,0.849360755975542
bottom_error_04_EUW1_7753025529_100,bottom_error,4,EUW1_7753025529,100,blue,16.4,11,11.004783333333334,Senna,Nilah,True,True,7638.0,7865.0,11970.0,1525.0,MID_LANE,BOT_LANE_CORE,7678.660299817931,True,True,True,True,3509.0,3660.0,0.9587431693989071
bottom_error_05_EUW1_7740461495_100,bottom_error,5,EUW1_7740461495,100,blue,16.3,5,5.002583333333333,Yuumi,Ezreal,True,True,2051.0,673.0,2051.0,673.0,BLUE_BASE,BLUE_BASE,0.0,False,False,False,False,1145.0,1765.0,0.6487252124645893
bottom_error_05_EUW1_7740461495_100,bottom_error,5,EUW1_7740461495,100,blue,16.3,6,6.002783333333333,Yuumi,Ezreal,True,True,12504.0,2391.0,12504.0,2391.0,BOT_LANE_CORE,BOT_LANE_CORE,0.0,True,True,False,False,1427.0,2047.0,0.6971177332681974
bottom_error_05_EUW1_7740461495_100,bottom_error,5,EUW1_7740461495,100,blue,16.3,7,7.002866666666667,Yuumi,Ezreal,True,True,12005.0,1665.0,12005.0,1665.0,BOT_LANE_CORE,BOT_LANE_CORE,0.0,True,True,False,False,1798.0,2418.0,0.7435897435897436
bottom_error_05_EUW1_7740461495_100,bottom_error,5,EUW1_7740461495,100,blue,16.3,8,8.003116666666667,Yuumi,Ezreal,True,True,398.0,488.0,1242.0,535.0,BLUE_BASE,BLUE_BASE,845.3076363076345,False,False,False,False,2060.0,2680.0,0.7686567164179104
bottom_error_05_EUW1_7740461495_100,bottom_error,5,EUW1_7740461495,100,blue,16.3,9,9.003683333333333,Yuumi,Ezreal,True,True,11583.0,1887.0,11583.0,1887.0,BOT_LANE_CORE,BOT_LANE_CORE,0.0,True,True,False,False,2476.0,3091.0,0.8010352636687156
bottom_error_05_EUW1_7740461495_100,bottom_error,5,EUW1_7740461495,100,blue,16.3,10,10.004016666666667,Yuumi,Ezreal,True,True,11178.0,1937.0,11178.0,1937.0,BOT_LANE_CORE,BOT_LANE_CORE,0.0,True,True,False,False,2887.0,3503.0,0.8241507279474736
bottom_error_05_EUW1_7740461495_100,bottom_error,5,EUW1_7740461495,100,blue,16.3,11,11.00445,Yuumi,Ezreal,True,True,11092.0,2093.0,11092.0,2093.0,BOT_SIDE_NEAR,BOT_SIDE_NEAR,0.0,True,True,False,False,3276.0,3866.0,0.8473874806001035
bottom_error_06_EUW1_7717169345_200,bottom_error,6,EUW1_7717169345,200,red,16.3,5,5.0014,Lulu,Varus,True,True,13091.0,3232.0,12908.0,3083.0,BOT_LANE_CORE,BOT_LANE_CORE,235.9872877932199,True,True,False,False,1017.0,1673.0,0.6078900179318589
bottom_error_06_EUW1_7717169345_200,bottom_error,6,EUW1_7717169345,200,red,16.3,6,6.0016,Lulu,Varus,True,True,12552.0,2827.0,13409.0,4124.0,BOT_LANE_CORE,BOT_LANE_CORE,1554.5603880197127,True,True,False,False,1428.0,2084.0,0.6852207293666027
bottom_error_06_EUW1_7717169345_200,bottom_error,6,EUW1_7717169345,200,red,16.3,7,7.003216666666667,Lulu,Varus,True,True,13878.0,6144.0,13586.0,5624.0,BOT_LANE_CORE,BOT_LANE_CORE,596.3757204984121,True,True,False,False,1932.0,2402.0,0.8043297252289758
bottom_error_06_EUW1_7717169345_200,bottom_error,6,EUW1_7717169345,200,red,16.3,8,8.0033,Lulu,Varus,True,True,13162.0,4451.0,13461.0,3613.0,BOT_LANE_CORE,BOT_LANE_CORE,889.7443453037507,True,True,False,False,2430.0,2581.0,0.9414955443626501
bottom_error_06_EUW1_7717169345_200,bottom_error,6,EUW1_7717169345,200,red,16.3,9,9.003816666666667,Lulu,Varus,True,True,12718.0,3033.0,13095.0,2587.0,BOT_LANE_CORE,BOT_LANE_CORE,583.990582115842,True,True,False,False,2524.0,3184.0,0.792713567839196
bottom_error_06_EUW1_7717169345_200,bottom_error,6,EUW1_7717169345,200,red,16.3,10,10.003816666666667,Lulu,Varus,True,True,11090.0,10692.0,13998.0,9404.0,RED_BOT_JUNGLE,BOT_LANE_CORE,3180.4729208091057,True,True,True,True,2838.0,3513.0,0.8078565328778822
bottom_error_06_EUW1_7717169345_200,bottom_error,6,EUW1_7717169345,200,red,16.3,11,11.00385,Lulu,Varus,True,True,12220.0,2810.0,12612.0,2397.0,BOT_LANE_CORE,BOT_LANE_CORE,569.414611684667,True,True,False,False,3060.0,3952.0,0.7742914979757085
bottom_error_07_EUW1_7711409386_100,bottom_error,7,EUW1_7711409386,100,blue,16.2,5,5.0005,Senna,Lucian,True,True,11553.0,1724.0,11990.0,1773.0,BOT_LANE_CORE,BOT_LANE_CORE,439.7385586914115,True,True,False,False,622.0,1442.0,0.43134535367545074
bottom_error_07_EUW1_7711409386_100,bottom_error,7,EUW1_7711409386,100,blue,16.2,6,6.000933333333333,Senna,Lucian,True,True,3371.0,701.0,3369.0,707.0,BLUE_BASE,BLUE_BASE,6.324555320336759,False,False,False,False,1117.0,1869.0,0.5976457998929909
bottom_error_07_EUW1_7711409386_100,bottom_error,7,EUW1_7711409386,100,blue,16.2,7,7.003,Senna,Lucian,True,True,10785.0,1309.0,13623.0,3229.0,BOT_LANE_CORE,BOT_LANE_CORE,3426.462315566888,True,True,False,True,1408.0,2160.0,0.6518518518518519
bottom_error_07_EUW1_7711409386_100,bottom_error,7,EUW1_7711409386,100,blue,16.2,8,8.0034,Senna,Lucian,True,False,9999.0,2362.0,11834.0,1530.0,BOT_SIDE_NEAR,BOT_LANE_CORE,2014.8074349674216,True,False,False,False,1468.0,2449.0,0.5994283380971825
bottom_error_07_EUW1_7711409386_100,bottom_error,7,EUW1_7711409386,100,blue,16.2,9,9.00385,Senna,Lucian,True,True,9183.0,5704.0,10155.0,5972.0,BOT_SIDE_NEAR,BOT_SIDE_NEAR,1008.2698051612971,True,True,False,False,2010.0,2720.0,0.7389705882352942
bottom_error_07_EUW1_7711409386_100,bottom_error,7,EUW1_7711409386,100,blue,16.2,10,10.004266666666666,Senna,Lucian,True,True,13231.0,3271.0,13238.0,3459.0,BOT_LANE_CORE,BOT_LANE_CORE,188.1302740124513,True,True,False,False,2285.0,2995.0,0.7629382303839732
bottom_error_07_EUW1_7711409386_100,bottom_error,7,EUW1_7711409386,100,blue,16.2,11,11.004716666666667,Senna,Lucian,True,True,11621.0,1557.0,11764.0,2071.0,BOT_LANE_CORE,BOT_LANE_CORE,533.5213210360014,True,True,False,False,2487.0,3196.0,0.7781602002503129
bottom_error_08_EUW1_7822907738_100,bottom_error,8,EUW1_7822907738,100,blue,16.8,5,5.001266666666667,Sona,Velkoz,True,True,11044.0,1576.0,10982.0,1861.0,BOT_LANE_CORE,BOT_LANE_CORE,291.66590476090965,True,True,False,False,1545.0,1483.0,1.0418071476736346
bottom_error_08_EUW1_7822907738_100,bottom_error,8,EUW1_7822907738,100,blue,16.8,6,6.001766666666667,Sona,Velkoz,True,True,10022.0,3297.0,12225.0,2178.0,BOT_SIDE_NEAR,BOT_LANE_CORE,2470.9046926176657,True,True,False,False,1545.0,2054.0,0.752190847127556
bottom_error_08_EUW1_7822907738_100,bottom_error,8,EUW1_7822907738,100,blue,16.8,7,7.00325,Sona,Velkoz,True,True,11176.0,1585.0,11889.0,1688.0,BOT_LANE_CORE,BOT_LANE_CORE,720.4012770671634,True,True,False,False,1585.0,2869.0,0.5524573021958871
bottom_error_08_EUW1_7822907738_100,bottom_error,8,EUW1_7822907738,100,blue,16.8,8,8.0038,Sona,Velkoz,True,True,11337.0,1834.0,5656.0,944.0,BOT_LANE_CORE,BOT_LANE_CORE,5750.292253442428,True,True,False,True,1867.0,3182.0,0.5867379006913891
bottom_error_08_EUW1_7822907738_100,bottom_error,8,EUW1_7822907738,100,blue,16.8,9,9.00415,Sona,Velkoz,True,True,9869.0,3232.0,941.0,532.0,BOT_SIDE_NEAR,BLUE_BASE,9327.335310794826,True,False,False,False,2008.0,3739.0,0.5370419898368548
bottom_error_08_EUW1_7822907738_100,bottom_error,8,EUW1_7822907738,100,blue,16.8,10,10.004583333333333,Sona,Velkoz,True,True,12028.0,1851.0,11793.0,2070.0,BOT_LANE_CORE,BOT_LANE_CORE,321.22577729690374,True,True,False,False,2443.0,4000.0,0.61075
bottom_error_08_EUW1_7822907738_100,bottom_error,8,EUW1_7822907738,100,blue,16.8,11,11.004766666666667,Sona,Velkoz,False,True,14010.0,5566.0,12243.0,4725.0,BOT_LANE_CORE,BOT_SIDE_NEAR,1956.9287161263694,False,False,False,False,2874.0,4694.0,0.6122709842351939
bottom_error_09_EUW1_7760148189_200,bottom_error,9,EUW1_7760148189,200,red,16.4,5,5.0011,Nautilus,Kaisa,True,True,13353.0,2734.0,13841.0,9815.0,BOT_LANE_CORE,BOT_LANE_CORE,7097.795784608064,True,True,False,True,1096.0,1220.0,0.898360655737705
bottom_error_09_EUW1_7760148189_200,bottom_error,9,EUW1_7760148189,200,red,16.4,6,6.001233333333333,Nautilus,Kaisa,True,True,11798.0,1739.0,11542.0,1580.0,BOT_LANE_CORE,BOT_LANE_CORE,301.3585903869342,True,True,False,False,1560.0,1715.0,0.9096209912536443
bottom_error_09_EUW1_7760148189_200,bottom_error,9,EUW1_7760148189,200,red,16.4,7,7.0026166666666665,Nautilus,Kaisa,True,True,13219.0,3991.0,13809.0,3835.0,BOT_LANE_CORE,BOT_LANE_CORE,610.2753476915154,True,True,False,False,1931.0,2086.0,0.9256951102588686
bottom_error_09_EUW1_7760148189_200,bottom_error,9,EUW1_7760148189,200,red,16.4,8,8.003,Nautilus,Kaisa,True,True,13337.0,3113.0,13200.0,3560.0,BOT_LANE_CORE,BOT_LANE_CORE,467.5232614533741,True,True,False,False,2274.0,2460.0,0.9243902439024391
bottom_error_09_EUW1_7760148189_200,bottom_error,9,EUW1_7760148189,200,red,16.4,9,9.00355,Nautilus,Kaisa,True,True,11599.0,4188.0,11191.0,3969.0,BOT_SIDE_NEAR,BOT_SIDE_NEAR,463.06047121299395,True,True,False,False,2440.0,3228.0,0.7558859975216853
bottom_error_09_EUW1_7760148189_200,bottom_error,9,EUW1_7760148189,200,red,16.4,10,10.003866666666667,Nautilus,Kaisa,True,True,10564.0,9988.0,13633.0,2975.0,RED_BOT_JUNGLE,BOT_LANE_CORE,7655.124427466872,True,True,True,True,2593.0,3735.0,0.694243641231593
bottom_error_09_EUW1_7760148189_200,bottom_error,9,EUW1_7760148189,200,red,16.4,11,11.0041,Nautilus,Kaisa,True,True,9242.0,3384.0,11517.0,1769.0,BOT_SIDE_NEAR,BOT_LANE_CORE,2789.95519677288,True,True,False,True,2956.0,4231.0,0.6986528007563224
bottom_error_10_EUW1_7747844563_200,bottom_error,10,EUW1_7747844563,200,red,16.4,5,5.000983333333333,Leona,MissFortune,True,True,11715.0,1655.0,12015.0,1757.0,BOT_LANE_CORE,BOT_LANE_CORE,316.86590223626143,True,True,False,False,1414.0,1569.0,0.9012109623964308
bottom_error_10_EUW1_7747844563_200,bottom_error,10,EUW1_7747844563,200,red,16.4,6,6.001483333333334,Leona,MissFortune,True,True,12878.0,1747.0,12724.0,2112.0,BOT_LANE_CORE,BOT_LANE_CORE,396.1577968436315,True,True,False,False,1705.0,1860.0,0.9166666666666666
bottom_error_10_EUW1_7747844563_200,bottom_error,10,EUW1_7747844563,200,red,16.4,7,7.0026166666666665,Leona,MissFortune,True,True,6430.0,4866.0,14056.0,9943.0,BLUE_BOT_JUNGLE,BOT_LANE_CORE,9161.430292263321,True,True,True,True,2156.0,2311.0,0.9329294677628732
bottom_error_10_EUW1_7747844563_200,bottom_error,10,EUW1_7747844563,200,red,16.4,8,8.0029,Leona,MissFortune,True,False,13802.0,9839.0,13366.0,3584.0,BOT_LANE_CORE,BOT_LANE_CORE,6270.177110736187,True,False,False,False,2156.0,2466.0,0.8742903487429035
bottom_error_10_EUW1_7747844563_200,bottom_error,10,EUW1_7747844563,200,red,16.4,9,9.0033,Leona,MissFortune,True,True,10261.0,1269.0,10362.0,1638.0,BOT_LANE_CORE,BOT_LANE_CORE,382.57286887598286,True,True,False,False,2597.0,2938.0,0.8839346494213751
bottom_error_10_EUW1_7747844563_200,bottom_error,10,EUW1_7747844563,200,red,16.4,10,10.0037,Leona,MissFortune,True,False,8571.0,5381.0,14080.0,4603.0,BLUE_BOT_JUNGLE,BOT_LANE_CORE,5563.66470952375,True,False,True,False,2675.0,3463.0,0.7724516315333526
bottom_error_10_EUW1_7747844563_200,bottom_error,10,EUW1_7747844563,200,red,16.4,11,11.004166666666666,Leona,MissFortune,True,True,11396.0,1650.0,11630.0,1614.0,BOT_LANE_CORE,BOT_LANE_CORE,236.75303588338627,True,True,False,False,2977.0,3765.0,0.7907038512616202
bottom_error_11_EUW1_7728913380_200,bottom_error,11,EUW1_7728913380,200,red,16.3,5,5.00265,Alistar,Ekko,True,True,10212.0,10791.0,12655.0,2703.0,RED_TOP_JUNGLE,BOT_LANE_CORE,8448.904840273679,True,True,True,True,935.0,1409.0,0.6635911994322214
bottom_error_11_EUW1_7728913380_200,bottom_error,11,EUW1_7728913380,200,red,16.3,6,6.002716666666666,Alistar,Ekko,True,True,12543.0,2619.0,12712.0,2462.0,BOT_LANE_CORE,BOT_LANE_CORE,230.67292862405853,True,True,False,False,1084.0,2135.0,0.507728337236534
bottom_error_11_EUW1_7728913380_200,bottom_error,11,EUW1_7728913380,200,red,16.3,7,7.002933333333333,Alistar,Ekko,True,True,13597.0,3841.0,13180.0,3212.0,BOT_LANE_CORE,BOT_LANE_CORE,754.6721142323996,True,True,False,False,1503.0,2551.0,0.5891807134457075
bottom_error_11_EUW1_7728913380_200,bottom_error,11,EUW1_7728913380,200,red,16.3,8,8.003016666666667,Alistar,Ekko,True,True,12354.0,2048.0,12284.0,2205.0,BOT_LANE_CORE,BOT_LANE_CORE,171.89822570346675,True,True,False,False,1733.0,3052.0,0.567824377457405
bottom_error_11_EUW1_7728913380_200,bottom_error,11,EUW1_7728913380,200,red,16.3,9,9.003266666666667,Alistar,Ekko,True,True,10343.0,6151.0,12319.0,4782.0,RED_BOT_JUNGLE,BOT_SIDE_NEAR,2403.9003723116316,True,True,True,False,2240.0,3459.0,0.6475860075166233
bottom_error_11_EUW1_7728913380_200,bottom_error,11,EUW1_7728913380,200,red,16.3,10,10.0037,Alistar,Ekko,True,True,12949.0,3281.0,11870.0,3328.0,BOT_LANE_CORE,BOT_SIDE_NEAR,1080.023147900081,True,True,False,False,2564.0,3619.0,0.7084830063553468
bottom_error_11_EUW1_7728913380_200,bottom_error,11,EUW1_7728913380,200,red,16.3,11,11.0042,Alistar,Ekko,True,True,11066.0,10796.0,13208.0,8862.0,RED_BOT_JUNGLE,BOT_LANE_CORE,2885.917531739256,True,True,True,True,3009.0,4034.0,0.7459097669806644
bottom_error_12_EUW1_7758367754_100,bottom_error,12,EUW1_7758367754,100,blue,16.4,5,5.002383333333333,Elise,Jhin,True,True,3420.0,2883.0,4392.0,884.0,BLUE_BOT_JUNGLE,BOT_LANE_CORE,2222.7876641730763,True,True,True,False,1381.0,2008.0,0.6877490039840638
bottom_error_12_EUW1_7758367754_100,bottom_error,12,EUW1_7758367754,100,blue,16.4,6,6.002683333333334,Elise,Jhin,True,True,9414.0,5597.0,12065.0,2426.0,BOT_SIDE_NEAR,BOT_LANE_CORE,4133.163679313947,True,True,False,True,1483.0,2444.0,0.6067921440261865
bottom_error_12_EUW1_7758367754_100,bottom_error,12,EUW1_7758367754,100,blue,16.4,7,7.003183333333333,Elise,Jhin,True,True,11759.0,3336.0,12147.0,2294.0,BOT_SIDE_NEAR,BOT_LANE_CORE,1111.8938798284664,True,True,False,False,1673.0,2975.0,0.5623529411764706
bottom_error_12_EUW1_7758367754_100,bottom_error,12,EUW1_7758367754,100,blue,16.4,8,8.00345,Elise,Jhin,True,True,11367.0,3754.0,12193.0,2437.0,BOT_SIDE_NEAR,BOT_LANE_CORE,1554.5948025128607,True,True,False,False,1995.0,3360.0,0.59375
bottom_error_12_EUW1_7758367754_100,bottom_error,12,EUW1_7758367754,100,blue,16.4,9,9.003616666666666,Elise,Jhin,True,True,9942.0,879.0,10496.0,859.0,BOT_LANE_CORE,BOT_LANE_CORE,554.3608932816239,True,True,False,False,2504.0,3859.0,0.6488727649650169
bottom_error_12_EUW1_7758367754_100,bottom_error,12,EUW1_7758367754,100,blue,16.4,10,10.003966666666667,Elise,Jhin,True,True,6359.0,9201.0,10971.0,1550.0,RED_TOP_JUNGLE,BOT_LANE_CORE,8933.551645342404,True,True,True,True,2656.0,4089.0,0.6495475666422108
bottom_error_12_EUW1_7758367754_100,bottom_error,12,EUW1_7758367754,100,blue,16.4,11,11.004216666666666,Elise,Jhin,True,True,13028.0,3349.0,13285.0,3093.0,BOT_LANE_CORE,BOT_LANE_CORE,362.7464679359401,True,True,False,False,2957.0,4479.0,0.6601920071444519
bottom_error_13_EUW1_7808656114_100,bottom_error,13,EUW1_7808656114,100,blue,16.7,5,5.0027333333333335,Bard,Seraphine,True,True,10701.0,961.0,10596.0,1335.0,BOT_LANE_CORE,BOT_LANE_CORE,388.45977912777533,True,True,False,False,1359.0,1706.0,0.7966002344665886
bottom_error_13_EUW1_7808656114_100,bottom_error,13,EUW1_7808656114,100,blue,16.7,6,6.002983333333333,Bard,Seraphine,True,True,10744.0,3347.0,11685.0,2285.0,BOT_SIDE_NEAR,BOT_SIDE_NEAR,1418.916840410318,True,True,False,False,1585.0,1985.0,0.7984886649874056
bottom_error_13_EUW1_7808656114_100,bottom_error,13,EUW1_7808656114,100,blue,16.7,7,7.003183333333333,Bard,Seraphine,True,True,12943.0,2482.0,12676.0,2904.0,BOT_LANE_CORE,BOT_LANE_CORE,499.37260637724216,True,True,False,False,1797.0,2319.0,0.7749029754204398
bottom_error_13_EUW1_7808656114_100,bottom_error,13,EUW1_7808656114,100,blue,16.7,8,8.003466666666666,Bard,Seraphine,True,True,4554.0,733.0,10743.0,1009.0,BOT_LANE_CORE,BOT_LANE_CORE,6195.151087745964,True,True,False,True,2073.0,2790.0,0.7430107526881721
bottom_error_13_EUW1_7808656114_100,bottom_error,13,EUW1_7808656114,100,blue,16.7,9,9.003666666666666,Bard,Seraphine,True,True,8798.0,5787.0,5907.0,1092.0,RIVER_BOT,BOT_LANE_CORE,5513.701660409275,True,True,False,True,2254.0,3401.0,0.6627462511026169
bottom_error_13_EUW1_7808656114_100,bottom_error,13,EUW1_7808656114,100,blue,16.7,10,10.003716666666667,Bard,Seraphine,True,True,7196.0,6026.0,11051.0,1277.0,BLUE_BOT_JUNGLE,BOT_LANE_CORE,6116.700581195715,True,True,True,True,2254.0,3941.0,0.5719360568383659
bottom_error_13_EUW1_7808656114_100,bottom_error,13,EUW1_7808656114,100,blue,16.7,11,11.00385,Bard,Seraphine,True,False,10857.0,5791.0,11629.0,2933.0,BOT_SIDE_NEAR,BOT_SIDE_NEAR,2960.4303741179256,True,False,False,False,2561.0,4336.0,0.5906365313653137
bottom_error_14_EUW1_7753745474_200,bottom_error,14,EUW1_7753745474,200,red,16.4,5,5.001233333333333,Shaco,Caitlyn,True,True,13404.0,2471.0,12706.0,2983.0,BOT_LANE_CORE,BOT_LANE_CORE,865.6488895620441,True,True,False,False,1180.0,1669.0,0.7070101857399641
bottom_error_14_EUW1_7753745474_200,bottom_error,14,EUW1_7753745474,200,red,16.4,6,6.00175,Shaco,Caitlyn,True,False,13489.0,4731.0,13945.0,4158.0,BOT_LANE_CORE,BOT_LANE_CORE,732.3011675533502,True,False,False,False,1670.0,2159.0,0.7735062528948587
bottom_error_14_EUW1_7753745474_200,bottom_error,14,EUW1_7753745474,200,red,16.4,7,7.003733333333333,Shaco,Caitlyn,True,True,7518.0,7316.0,13378.0,3188.0,MID_LANE,BOT_LANE_CORE,7167.983258909021,True,True,True,True,2030.0,2513.0,0.807799442896936
bottom_error_14_EUW1_7753745474_200,bottom_error,14,EUW1_7753745474,200,red,16.4,8,8.004233333333334,Shaco,Caitlyn,True,False,13401.0,3570.0,12631.0,2642.0,BOT_LANE_CORE,BOT_LANE_CORE,1205.8540541873217,True,False,False,False,2332.0,2973.0,0.7843928691557349
bottom_error_14_EUW1_7753745474_200,bottom_error,14,EUW1_7753745474,200,red,16.4,9,9.004533333333333,Shaco,Caitlyn,True,True,9280.0,5408.0,12290.0,2603.0,BOT_SIDE_NEAR,BOT_LANE_CORE,4114.380269250765,True,True,False,True,2704.0,3271.0,0.8266585142158361
bottom_error_14_EUW1_7753745474_200,bottom_error,14,EUW1_7753745474,200,red,16.4,10,10.004683333333332,Shaco,Caitlyn,True,False,13507.0,2571.0,12475.0,1624.0,BOT_LANE_CORE,BOT_LANE_CORE,1400.6544898725024,True,False,False,False,3125.0,3866.0,0.8083290222452147
bottom_error_14_EUW1_7753745474_200,bottom_error,14,EUW1_7753745474,200,red,16.4,11,11.005033333333333,Shaco,Caitlyn,True,True,3926.0,9494.0,11820.0,3416.0,TOP_SIDE_NEAR,BOT_SIDE_NEAR,9962.796796080907,True,True,True,True,3529.0,4238.0,0.8327041057102407
bottom_error_15_EUW1_7748838971_200,bottom_error,15,EUW1_7748838971,200,red,16.4,5,5.000883333333333,Rell,Seraphine,True,True,13372.0,6488.0,13480.0,3308.0,BOT_LANE_CORE,BOT_LANE_CORE,3181.8334337296797,True,True,False,True,1068.0,1466.0,0.7285129604365621
bottom_error_15_EUW1_7748838971_200,bottom_error,15,EUW1_7748838971,200,red,16.4,6,6.0014,Rell,Seraphine,True,True,10528.0,3152.0,11926.0,2571.0,BOT_SIDE_NEAR,BOT_SIDE_NEAR,1513.923710099026,True,True,False,False,1319.0,1903.0,0.6931161324224908
bottom_error_15_EUW1_7748838971_200,bottom_error,15,EUW1_7748838971,200,red,16.4,7,7.003066666666666,Rell,Seraphine,True,True,9620.0,5306.0,12881.0,4020.0,DRAGON_AREA,BOT_SIDE_NEAR,3505.4125292182084,True,True,False,True,1467.0,2276.0,0.6445518453427065
bottom_error_15_EUW1_7748838971_200,bottom_error,15,EUW1_7748838971,200,red,16.4,8,8.0036,Rell,Seraphine,True,True,12970.0,1871.0,12735.0,2756.0,BOT_LANE_CORE,BOT_LANE_CORE,915.6691542254769,True,True,False,False,1646.0,2730.0,0.6029304029304029
bottom_error_15_EUW1_7748838971_200,bottom_error,15,EUW1_7748838971,200,red,16.4,9,9.0038,Rell,Seraphine,True,True,8103.0,12199.0,13642.0,8857.0,RED_TOP_JUNGLE,BOT_LANE_CORE,6469.117791476671,True,True,True,True,2099.0,3162.0,0.66382036685642
bottom_error_15_EUW1_7748838971_200,bottom_error,15,EUW1_7748838971,200,red,16.4,10,10.004316666666666,Rell,Seraphine,True,True,13097.0,4490.0,12564.0,2553.0,BOT_LANE_CORE,BOT_LANE_CORE,2008.9942757509289,True,True,False,False,2164.0,3733.0,0.5796946155906777
bottom_error_15_EUW1_7748838971_200,bottom_error,15,EUW1_7748838971,200,red,16.4,11,11.004416666666666,Rell,Seraphine,True,True,10061.0,4443.0,13696.0,9524.0,DRAGON_AREA,BOT_LANE_CORE,6247.382331825066,True,True,False,True,2534.0,4522.0,0.5603715170278638
bottom_error_16_EUW1_7712893387_100,bottom_error,16,EUW1_7712893387,100,blue,16.2,5,5.00075,AurelionSol,Jhin,True,True,8520.0,4741.0,10927.0,1839.0,BLUE_BOT_JUNGLE,BOT_LANE_CORE,3770.312056050533,True,True,True,True,1366.0,1594.0,0.8569636135508155
bottom_error_16_EUW1_7712893387_100,bottom_error,16,EUW1_7712893387,100,blue,16.2,6,6.0009,AurelionSol,Jhin,True,True,6327.0,1610.0,12059.0,2277.0,BOT_LANE_CORE,BOT_LANE_CORE,5770.676996678986,True,True,False,True,1457.0,2194.0,0.6640838650865998
bottom_error_16_EUW1_7712893387_100,bottom_error,16,EUW1_7712893387,100,blue,16.2,7,7.0011,AurelionSol,Jhin,True,True,12448.0,4515.0,12795.0,3179.0,BOT_SIDE_NEAR,BOT_LANE_CORE,1380.3278596043767,True,True,False,False,1623.0,2816.0,0.5763494318181818
bottom_error_16_EUW1_7712893387_100,bottom_error,16,EUW1_7712893387,100,blue,16.2,8,8.001616666666667,AurelionSol,Jhin,True,True,5822.0,6769.0,11357.0,1912.0,MID_LANE,BOT_LANE_CORE,7363.8762890206135,True,True,True,True,1764.0,3236.0,0.5451174289245982
bottom_error_16_EUW1_7712893387_100,bottom_error,16,EUW1_7712893387,100,blue,16.2,9,9.00315,AurelionSol,Jhin,True,True,4913.0,8500.0,11346.0,1850.0,RIVER_TOP,BOT_LANE_CORE,9252.350458126843,True,True,True,True,2405.0,3652.0,0.6585432639649507
bottom_error_16_EUW1_7712893387_100,bottom_error,16,EUW1_7712893387,100,blue,16.2,10,10.00355,AurelionSol,Jhin,True,True,10077.0,8823.0,10303.0,2747.0,RED_BOT_JUNGLE,BOT_SIDE_NEAR,6080.201641393153,True,True,True,True,2652.0,4068.0,0.6519174041297935
bottom_error_16_EUW1_7712893387_100,bottom_error,16,EUW1_7712893387,100,blue,16.2,11,11.003866666666667,AurelionSol,Jhin,True,True,9403.0,5696.0,12938.0,2222.0,BOT_SIDE_NEAR,BOT_LANE_CORE,4956.299123337896,True,True,False,True,2864.0,4223.0,0.6781908595784987
bottom_error_17_EUW1_7827524842_100,bottom_error,17,EUW1_7827524842,100,blue,16.8,5,5.0022,Shaco,AurelionSol,True,True,7705.0,9889.0,12131.0,2093.0,RED_TOP_JUNGLE,BOT_LANE_CORE,8964.769489507245,True,True,True,True,1121.0,2010.0,0.5577114427860697
bottom_error_17_EUW1_7827524842_100,bottom_error,17,EUW1_7827524842,100,blue,16.8,6,6.002466666666667,Shaco,AurelionSol,True,True,6412.0,6739.0,12310.0,2132.0,MID_LANE,BOT_LANE_CORE,7484.039884981907,True,True,True,True,1434.0,2258.0,0.6350752878653676
bottom_error_17_EUW1_7827524842_100,bottom_error,17,EUW1_7827524842,100,blue,16.8,7,7.002716666666666,Shaco,AurelionSol,True,True,2190.0,13578.0,11826.0,2822.0,TOP_LANE_CORE,BOT_SIDE_NEAR,14441.053701167377,True,True,True,True,1475.0,2891.0,0.5102040816326531
bottom_error_17_EUW1_7827524842_100,bottom_error,17,EUW1_7827524842,100,blue,16.8,8,8.0029,Shaco,AurelionSol,True,False,8529.0,4821.0,10047.0,4410.0,BLUE_BOT_JUNGLE,DRAGON_AREA,1572.6553977270416,True,False,True,False,1773.0,3565.0,0.4973352033660589
bottom_error_17_EUW1_7827524842_100,bottom_error,17,EUW1_7827524842,100,blue,16.8,9,9.00335,Shaco,AurelionSol,True,True,12170.0,4495.0,13073.0,3486.0,BOT_SIDE_NEAR,BOT_LANE_CORE,1354.0642525375226,True,True,False,False,2255.0,3998.0,0.564032016008004
bottom_error_17_EUW1_7827524842_100,bottom_error,17,EUW1_7827524842,100,blue,16.8,10,10.003633333333333,Shaco,AurelionSol,True,True,10637.0,2926.0,11509.0,1653.0,BOT_SIDE_NEAR,BOT_LANE_CORE,1543.0207386811105,True,True,False,False,2577.0,4684.0,0.5501707941929974
bottom_error_17_EUW1_7827524842_100,bottom_error,17,EUW1_7827524842,100,blue,16.8,11,11.00395,Shaco,AurelionSol,True,True,13029.0,5799.0,6773.0,8956.0,BOT_LANE_CORE,RED_TOP_JUNGLE,7007.437834187329,True,True,False,True,2802.0,5764.0,0.4861207494795281
bottom_error_18_EUW1_7736622895_100,bottom_error,18,EUW1_7736622895,100,blue,16.3,5,5.003033333333334,Bard,Sivir,True,True,11010.0,2431.0,11548.0,1417.0,BOT_SIDE_NEAR,BOT_LANE_CORE,1147.8850116627534,True,True,False,False,1120.0,1617.0,0.6926406926406926
bottom_error_18_EUW1_7736622895_100,bottom_error,18,EUW1_7736622895,100,blue,16.3,6,6.003566666666667,Bard,Sivir,True,True,12092.0,3232.0,12685.0,2559.0,BOT_SIDE_NEAR,BOT_LANE_CORE,896.9827200119298,True,True,False,False,1556.0,2114.0,0.7360454115421002
bottom_error_18_EUW1_7736622895_100,bottom_error,18,EUW1_7736622895,100,blue,16.3,7,7.003983333333333,Bard,Sivir,True,True,3386.0,10627.0,12825.0,3152.0,TOP_SIDE_NEAR,BOT_LANE_CORE,12040.363200501886,True,True,True,True,1709.0,2747.0,0.6221332362577358
bottom_error_18_EUW1_7736622895_100,bottom_error,18,EUW1_7736622895,100,blue,16.3,8,8.0044,Bard,Sivir,True,True,6332.0,8333.0,5562.0,750.0,RIVER_TOP,BOT_LANE_CORE,7621.993768037338,True,True,True,True,2005.0,3305.0,0.6066565809379728
bottom_error_18_EUW1_7736622895_100,bottom_error,18,EUW1_7736622895,100,blue,16.3,9,9.004816666666667,Bard,Sivir,True,True,5461.0,9356.0,12934.0,2662.0,TOP_SIDE_NEAR,BOT_LANE_CORE,10032.714737298176,True,True,True,True,2347.0,3721.0,0.6307444235420586
bottom_error_18_EUW1_7736622895_100,bottom_error,18,EUW1_7736622895,100,blue,16.3,10,10.005066666666666,Bard,Sivir,True,True,12030.0,4842.0,12635.0,2386.0,BOT_SIDE_NEAR,BOT_LANE_CORE,2529.419103272528,True,True,False,True,2515.0,4205.0,0.5980975029726516
bottom_error_18_EUW1_7736622895_100,bottom_error,18,EUW1_7736622895,100,blue,16.3,11,11.005566666666667,Bard,Sivir,True,True,6251.0,7213.0,13151.0,2970.0,MID_LANE,BOT_LANE_CORE,8100.18820768999,True,True,True,True,3078.0,5002.0,0.6153538584566174
bottom_error_19_EUW1_7772199297_100,bottom_error,19,EUW1_7772199297,100,blue,16.5,5,5.002933333333333,Bard,Ziggs,True,True,5155.0,7482.0,11556.0,1657.0,BLUE_TOP_JUNGLE,BOT_LANE_CORE,8654.676539305208,True,True,True,True,1276.0,1554.0,0.8211068211068211
bottom_error_19_EUW1_7772199297_100,bottom_error,19,EUW1_7772199297,100,blue,16.5,6,6.003166666666667,Bard,Ziggs,True,True,6467.0,1038.0,11466.0,1460.0,BOT_LANE_CORE,BOT_LANE_CORE,5016.780342012196,True,True,False,True,1419.0,2187.0,0.6488340192043895
bottom_error_19_EUW1_7772199297_100,bottom_error,19,EUW1_7772199297,100,blue,16.5,7,7.0036,Bard,Ziggs,True,True,9502.0,3364.0,11788.0,2249.0,BOT_SIDE_NEAR,BOT_LANE_CORE,2543.4270188074984,True,True,False,True,1814.0,2662.0,0.681442524417731
bottom_error_19_EUW1_7772199297_100,bottom_error,19,EUW1_7772199297,100,blue,16.5,8,8.003983333333334,Bard,Ziggs,True,True,10285.0,1770.0,11028.0,1414.0,BOT_LANE_CORE,BOT_LANE_CORE,823.8840937898971,True,True,False,False,2142.0,3168.0,0.6761363636363636
bottom_error_19_EUW1_7772199297_100,bottom_error,19,EUW1_7772199297,100,blue,16.5,9,9.004216666666666,Bard,Ziggs,True,True,7653.0,3670.0,10932.0,2104.0,BLUE_BOT_JUNGLE,BOT_SIDE_NEAR,3633.757972127478,True,True,True,True,2188.0,3677.0,0.5950503127549633
bottom_error_19_EUW1_7772199297_100,bottom_error,19,EUW1_7772199297,100,blue,16.5,10,10.00435,Bard,Ziggs,True,True,3910.0,3387.0,11806.0,2264.0,BLUE_BOT_JUNGLE,BOT_LANE_CORE,7975.458920964987,True,True,True,True,2364.0,4237.0,0.5579419400519235
bottom_error_19_EUW1_7772199297_100,bottom_error,19,EUW1_7772199297,100,blue,16.5,11,11.004683333333332,Bard,Ziggs,True,True,5762.0,921.0,10795.0,1429.0,BOT_LANE_CORE,BOT_LANE_CORE,5058.572229394377,True,True,False,True,2441.0,4361.0,0.5597340059619353
bottom_error_20_EUW1_7761485723_200,bottom_error,20,EUW1_7761485723,200,red,16.4,5,5.0030166666666664,Elise,Ezreal,True,True,12568.0,14181.0,11771.0,3106.0,RED_BASE,BOT_SIDE_NEAR,11103.640574154047,False,False,False,False,1095.0,1332.0,0.8220720720720721
bottom_error_20_EUW1_7761485723_200,bottom_error,20,EUW1_7761485723,200,red,16.4,6,6.003033333333334,Elise,Ezreal,True,True,1154.0,10440.0,13220.0,3726.0,TOP_LANE_CORE,BOT_LANE_CORE,13808.191481870463,True,True,True,True,1357.0,1965.0,0.6905852417302799
bottom_error_20_EUW1_7761485723_200,bottom_error,20,EUW1_7761485723,200,red,16.4,7,7.003033333333334,Elise,Ezreal,True,True,8708.0,5410.0,12802.0,3041.0,RIVER_BOT,BOT_LANE_CORE,4730.010253688674,True,True,False,True,1687.0,2319.0,0.727468736524364
bottom_error_20_EUW1_7761485723_200,bottom_error,20,EUW1_7761485723,200,red,16.4,8,8.003066666666667,Elise,Ezreal,False,True,12934.0,1800.0,13921.0,10419.0,BOT_LANE_CORE,BOT_LANE_CORE,8675.32881221225,False,False,False,False,2019.0,2925.0,0.6902564102564103
bottom_error_20_EUW1_7761485723_200,bottom_error,20,EUW1_7761485723,200,red,16.4,9,9.00345,Elise,Ezreal,True,True,6642.0,7891.0,8268.0,3503.0,MID_LANE,BLUE_BOT_JUNGLE,4679.574767006079,True,True,True,True,2182.0,3646.0,0.5984640702139331
bottom_error_20_EUW1_7761485723_200,bottom_error,20,EUW1_7761485723,200,red,16.4,10,10.0039,Elise,Ezreal,True,True,13949.0,12694.0,13326.0,3702.0,RED_BASE,BOT_LANE_CORE,9013.556068500378,False,False,False,False,2683.0,4262.0,0.6295166588456124
bottom_error_20_EUW1_7761485723_200,bottom_error,20,EUW1_7761485723,200,red,16.4,11,11.004033333333334,Elise,Ezreal,True,True,9962.0,2536.0,10658.0,2244.0,BOT_SIDE_NEAR,BOT_SIDE_NEAR,754.7714885977081,True,True,False,False,2955.0,4975.0,0.5939698492462312
top_error_01_EUW1_7831489390_200,top_error,1,EUW1_7831489390,200,red,16.8,5,5.002633333333334,Yuumi,Smolder,True,True,11624.0,9558.0,12677.0,2842.0,RED_BOT_JUNGLE,BOT_LANE_CORE,6798.048617066519,True,True,True,True,651.0,681.0,0.9559471365638766
top_error_01_EUW1_7831489390_200,top_error,1,EUW1_7831489390,200,red,16.8,6,6.003033333333334,Yuumi,Smolder,True,True,11947.0,6871.0,13445.0,3996.0,RED_BOT_JUNGLE,BOT_LANE_CORE,3241.8557956824666,True,True,True,True,671.0,1221.0,0.5495495495495496
top_error_01_EUW1_7831489390_200,top_error,1,EUW1_7831489390,200,red,16.8,7,7.0033,Yuumi,Smolder,True,True,7972.0,10607.0,14045.0,10051.0,RED_TOP_JUNGLE,BOT_LANE_CORE,6098.398560277936,True,True,True,True,671.0,1655.0,0.4054380664652568
top_error_01_EUW1_7831489390_200,top_error,1,EUW1_7831489390,200,red,16.8,8,8.003466666666666,Yuumi,Smolder,True,True,14472.0,14006.0,13191.0,3721.0,RED_BASE,BOT_LANE_CORE,10364.467473054272,False,False,False,False,715.0,1903.0,0.37572254335260113
top_error_01_EUW1_7831489390_200,top_error,1,EUW1_7831489390,200,red,16.8,9,9.0039,Yuumi,Smolder,True,True,10621.0,6264.0,13212.0,3453.0,RED_BOT_JUNGLE,BOT_LANE_CORE,3822.9572323006705,True,True,True,True,715.0,2288.0,0.3125
top_error_01_EUW1_7831489390_200,top_error,1,EUW1_7831489390,200,red,16.8,10,10.00395,Yuumi,Smolder,True,True,8025.0,9159.0,13714.0,5004.0,RED_TOP_JUNGLE,BOT_LANE_CORE,7044.767277916283,True,True,True,True,1292.0,2629.0,0.4914416127805249
top_error_01_EUW1_7831489390_200,top_error,1,EUW1_7831489390,200,red,16.8,11,11.00445,Yuumi,Smolder,True,True,12913.0,11141.0,14082.0,7122.0,RED_BASE,BOT_LANE_CORE,4185.561133229331,False,False,False,False,1757.0,3094.0,0.5678733031674208
top_error_02_EUW1_7706461344_100,top_error,2,EUW1_7706461344,100,blue,16.2,5,5.003633333333333,Yuumi,Zeri,True,True,4749.0,1048.0,11628.0,1942.0,BOT_LANE_CORE,BOT_LANE_CORE,6936.849212718985,True,True,False,True,791.0,1080.0,0.7324074074074074
top_error_02_EUW1_7706461344_100,top_error,2,EUW1_7706461344,100,blue,16.2,6,6.004083333333333,Yuumi,Zeri,True,True,2854.0,1670.0,10709.0,929.0,BLUE_BASE,BOT_LANE_CORE,7889.873636503946,False,False,False,False,928.0,1452.0,0.6391184573002755
top_error_02_EUW1_7706461344_100,top_error,2,EUW1_7706461344,100,blue,16.2,7,7.004433333333333,Yuumi,Zeri,True,True,8268.0,3575.0,12722.0,2442.0,BLUE_BOT_JUNGLE,BOT_LANE_CORE,4595.846494390343,True,True,True,True,1083.0,1775.0,0.6101408450704225
top_error_02_EUW1_7706461344_100,top_error,2,EUW1_7706461344,100,blue,16.2,8,8.004983333333334,Yuumi,Zeri,True,False,6274.0,2718.0,9644.0,856.0,BLUE_BOT_JUNGLE,BOT_LANE_CORE,3850.1875279004266,True,False,True,False,1083.0,2240.0,0.48348214285714286
top_error_02_EUW1_7706461344_100,top_error,2,EUW1_7706461344,100,blue,16.2,9,9.005266666666667,Yuumi,Zeri,True,True,6714.0,6953.0,8766.0,4487.0,MID_LANE,BOT_SIDE_NEAR,3208.092891423189,True,True,True,True,1449.0,2550.0,0.5682352941176471
top_error_02_EUW1_7706461344_100,top_error,2,EUW1_7706461344,100,blue,16.2,10,10.0053,Yuumi,Zeri,True,True,5428.0,6185.0,11162.0,1493.0,MID_LANE,BOT_LANE_CORE,7409.022877545999,True,True,True,True,1655.0,2842.0,0.5823363828289937
top_error_02_EUW1_7706461344_100,top_error,2,EUW1_7706461344,100,blue,16.2,11,11.005566666666667,Yuumi,Zeri,True,True,7661.0,7421.0,9768.0,875.0,MID_LANE,BOT_LANE_CORE,6876.740870499629,True,True,True,True,2161.0,3400.0,0.6355882352941177
top_error_03_EUW1_7708715292_200,top_error,3,EUW1_7708715292,200,red,16.2,5,5.0032,Senna,Caitlyn,True,True,5990.0,13420.0,13249.0,3682.0,TOP_LANE_CORE,BOT_LANE_CORE,12145.852172655486,True,True,True,True,857.0,1415.0,0.6056537102473498
top_error_03_EUW1_7708715292_200,top_error,3,EUW1_7708715292,200,red,16.2,6,6.00365,Senna,Caitlyn,False,True,7275.0,7966.0,11416.0,1498.0,MID_LANE,BOT_LANE_CORE,7680.032877533794,False,False,False,False,1128.0,2094.0,0.5386819484240688
top_error_03_EUW1_7708715292_200,top_error,3,EUW1_7708715292,200,red,16.2,7,7.004166666666666,Senna,Caitlyn,True,True,7880.0,7548.0,14094.0,7901.0,MID_LANE,BOT_LANE_CORE,6224.018396502376,True,True,True,True,1323.0,2417.0,0.5473727761688043
top_error_03_EUW1_7708715292_200,top_error,3,EUW1_7708715292,200,red,16.2,8,8.004383333333333,Senna,Caitlyn,True,True,12244.0,13029.0,13282.0,4352.0,RED_BASE,BOT_LANE_CORE,8738.865658653875,False,False,False,False,1640.0,2696.0,0.6083086053412463
top_error_03_EUW1_7708715292_200,top_error,3,EUW1_7708715292,200,red,16.2,9,9.004566666666667,Senna,Caitlyn,False,True,6756.0,7361.0,12644.0,2426.0,MID_LANE,BOT_LANE_CORE,7682.627740558564,False,False,False,False,1971.0,3329.0,0.5920696905977771
top_error_03_EUW1_7708715292_200,top_error,3,EUW1_7708715292,200,red,16.2,10,10.005016666666666,Senna,Caitlyn,True,True,3782.0,11172.0,13489.0,4666.0,TOP_SIDE_NEAR,BOT_LANE_CORE,11685.627283120064,True,True,True,True,2124.0,3962.0,0.5360928823826351
top_error_03_EUW1_7708715292_200,top_error,3,EUW1_7708715292,200,red,16.2,11,11.005483333333334,Senna,Caitlyn,True,True,8088.0,8037.0,13113.0,4250.0,MID_LANE,BOT_LANE_CORE,6292.21693840891,True,True,True,True,2346.0,4334.0,0.541301338255653
top_error_04_EUW1_7783266689_200,top_error,4,EUW1_7783266689,200,red,16.5,5,5.0006,Senna,Ashe,True,True,9193.0,11350.0,14340.0,14391.0,RED_TOP_JUNGLE,RED_BASE,5978.234689270738,True,False,True,False,1185.0,1424.0,0.8321629213483146
top_error_04_EUW1_7783266689_200,top_error,4,EUW1_7783266689,200,red,16.5,6,6.000983333333333,Senna,Ashe,True,True,3068.0,7675.0,12106.0,4569.0,BLUE_TOP_JUNGLE,BOT_SIDE_NEAR,9556.813276401292,True,True,True,True,1343.0,2026.0,0.6628825271470878
top_error_04_EUW1_7783266689_200,top_error,4,EUW1_7783266689,200,red,16.5,7,7.001266666666667,Senna,Ashe,True,True,8533.0,6326.0,13887.0,4013.0,RIVER_BOT,BOT_LANE_CORE,5832.262425508647,True,True,False,True,1405.0,2336.0,0.6014554794520548
top_error_04_EUW1_7783266689_200,top_error,4,EUW1_7783266689,200,red,16.5,8,8.001283333333333,Senna,Ashe,True,True,11447.0,12993.0,13512.0,4245.0,RED_TOP_JUNGLE,BOT_LANE_CORE,8988.421941586854,True,True,True,True,1526.0,2811.0,0.5428673070081821
top_error_04_EUW1_7783266689_200,top_error,4,EUW1_7783266689,200,red,16.5,9,9.001716666666667,Senna,Ashe,True,True,14340.0,14391.0,14091.0,9293.0,RED_BASE,BOT_LANE_CORE,5104.07729173452,False,False,False,False,1591.0,3010.0,0.5285714285714286
top_error_04_EUW1_7783266689_200,top_error,4,EUW1_7783266689,200,red,16.5,10,10.001716666666667,Senna,Ashe,True,True,7392.0,5858.0,13490.0,3812.0,BLUE_BOT_JUNGLE,BOT_LANE_CORE,6432.085198440705,True,True,True,True,1641.0,3581.0,0.45825188494833846
top_error_04_EUW1_7783266689_200,top_error,4,EUW1_7783266689,200,red,16.5,11,11.0021,Senna,Ashe,True,True,12201.0,11149.0,11694.0,2016.0,RED_BOT_JUNGLE,BOT_LANE_CORE,9147.061714015053,True,True,True,True,1678.0,4015.0,0.4179327521793275
top_error_05_EUW1_7714775914_200,top_error,5,EUW1_7714775914,200,red,16.2,5,5.002566666666667,Senna,Kaisa,True,True,4279.0,11672.0,13242.0,3415.0,TOP_SIDE_NEAR,BOT_LANE_CORE,12186.608141726721,True,True,True,True,1216.0,1177.0,1.0331350892098556
top_error_05_EUW1_7714775914_200,top_error,5,EUW1_7714775914,200,red,16.2,6,6.002633333333334,Senna,Kaisa,True,True,13737.0,14018.0,13029.0,3568.0,RED_BASE,BOT_LANE_CORE,10473.95646353373,False,False,False,False,1425.0,1549.0,0.9199483537766301
top_error_05_EUW1_7714775914_200,top_error,5,EUW1_7714775914,200,red,16.2,7,7.00295,Senna,Kaisa,True,True,3748.0,10735.0,13185.0,4137.0,TOP_SIDE_NEAR,BOT_LANE_CORE,11514.798000833536,True,True,True,True,1691.0,2154.0,0.7850510677808727
top_error_05_EUW1_7714775914_200,top_error,5,EUW1_7714775914,200,red,16.2,8,8.003416666666666,Senna,Kaisa,True,True,12730.0,12538.0,12401.0,2208.0,RED_BASE,BOT_LANE_CORE,10335.237829871163,False,False,False,False,1922.0,2464.0,0.7800324675324676
top_error_05_EUW1_7714775914_200,top_error,5,EUW1_7714775914,200,red,16.2,9,9.0039,Senna,Kaisa,True,True,5396.0,8825.0,13126.0,3541.0,RIVER_TOP,BOT_LANE_CORE,9363.415829706593,True,True,True,True,2333.0,3052.0,0.7644167758846658
top_error_05_EUW1_7714775914_200,top_error,5,EUW1_7714775914,200,red,16.2,10,10.004116666666667,Senna,Kaisa,True,True,7499.0,6920.0,12627.0,2886.0,MID_LANE,BOT_LANE_CORE,6524.533699813343,True,True,True,True,2842.0,3716.0,0.7648008611410119
top_error_05_EUW1_7714775914_200,top_error,5,EUW1_7714775914,200,red,16.2,11,11.004516666666667,Senna,Kaisa,False,True,8533.0,1332.0,11147.0,1624.0,BOT_LANE_CORE,BOT_LANE_CORE,2630.2585424250597,False,False,False,False,3144.0,4639.0,0.6777322698857512
top_error_06_EUW1_7705744974_100,top_error,6,EUW1_7705744974,100,blue,16.2,5,5.000866666666667,Karma,Caitlyn,True,True,5990.0,4103.0,11710.0,1978.0,BLUE_BOT_JUNGLE,BOT_LANE_CORE,6101.968944529298,True,True,True,True,1063.0,1470.0,0.7231292517006803
top_error_06_EUW1_7705744974_100,top_error,6,EUW1_7705744974,100,blue,16.2,6,6.0013,Karma,Caitlyn,True,False,6857.0,8479.0,9657.0,1135.0,RIVER_TOP,BOT_LANE_CORE,7859.665132815774,True,False,True,False,1063.0,2072.0,0.513030888030888
top_error_06_EUW1_7705744974_100,top_error,6,EUW1_7705744974,100,blue,16.2,7,7.001366666666667,Karma,Caitlyn,True,False,2449.0,2284.0,6249.0,6098.0,BLUE_BASE,MID_LANE,5383.920133137192,False,False,False,False,1254.0,2140.0,0.585981308411215
top_error_06_EUW1_7705744974_100,top_error,6,EUW1_7705744974,100,blue,16.2,8,8.001666666666667,Karma,Caitlyn,True,True,4875.0,8587.0,6937.0,1260.0,RIVER_TOP,BOT_LANE_CORE,7611.620918043672,True,True,True,True,1254.0,2164.0,0.5794824399260629
top_error_06_EUW1_7705744974_100,top_error,6,EUW1_7705744974,100,blue,16.2,9,9.00355,Karma,Caitlyn,True,True,3871.0,3357.0,9975.0,857.0,BLUE_BOT_JUNGLE,BOT_LANE_CORE,6596.121284512588,True,True,True,True,1354.0,2660.0,0.5090225563909775
top_error_06_EUW1_7705744974_100,top_error,6,EUW1_7705744974,100,blue,16.2,10,10.003666666666666,Karma,Caitlyn,True,True,2046.0,1518.0,5254.0,758.0,BLUE_BASE,BOT_LANE_CORE,3296.7960203810003,False,False,False,False,1735.0,3293.0,0.5268751897965381
top_error_06_EUW1_7705744974_100,top_error,6,EUW1_7705744974,100,blue,16.2,11,11.004133333333334,Karma,Caitlyn,True,True,8590.0,4650.0,11697.0,1829.0,BLUE_BOT_JUNGLE,BOT_LANE_CORE,4196.604579895514,True,True,True,True,1735.0,3789.0,0.4579044602797572
top_error_07_EUW1_7830670024_100,top_error,7,EUW1_7830670024,100,blue,16.8,5,5.001133333333334,Sona,Ashe,True,True,8368.0,5416.0,11003.0,1526.0,BLUE_BOT_JUNGLE,BOT_LANE_CORE,4698.4385704189,True,True,True,True,1151.0,1876.0,0.6135394456289979
top_error_07_EUW1_7830670024_100,top_error,7,EUW1_7830670024,100,blue,16.8,6,6.00115,Sona,Ashe,True,True,7990.0,10050.0,11742.0,1669.0,RED_TOP_JUNGLE,BOT_LANE_CORE,9182.519534419733,True,True,True,True,1341.0,2159.0,0.6211208893006022
top_error_07_EUW1_7830670024_100,top_error,7,EUW1_7830670024,100,blue,16.8,7,7.0015833333333335,Sona,Ashe,True,True,4239.0,9323.0,13357.0,3158.0,TOP_SIDE_NEAR,BOT_LANE_CORE,11006.595704394707,True,True,True,True,1635.0,2885.0,0.5667244367417678
top_error_07_EUW1_7830670024_100,top_error,7,EUW1_7830670024,100,blue,16.8,8,8.001833333333334,Sona,Ashe,True,True,7646.0,6104.0,4705.0,1015.0,BLUE_BOT_JUNGLE,BOT_LANE_CORE,5877.703803357226,True,True,True,True,1917.0,3381.0,0.5669920141969832
top_error_07_EUW1_7830670024_100,top_error,7,EUW1_7830670024,100,blue,16.8,9,9.003383333333334,Sona,Ashe,True,False,5885.0,6617.0,11304.0,1675.0,MID_LANE,BOT_LANE_CORE,7334.093331830459,True,False,True,False,2104.0,4014.0,0.5241654210264076
top_error_07_EUW1_7830670024_100,top_error,7,EUW1_7830670024,100,blue,16.8,10,10.003633333333333,Sona,Ashe,True,False,8630.0,5388.0,10369.0,1124.0,BLUE_BOT_JUNGLE,BOT_LANE_CORE,4604.977415796955,True,False,True,False,2498.0,4565.0,0.5472070098576123
top_error_07_EUW1_7830670024_100,top_error,7,EUW1_7830670024,100,blue,16.8,11,11.0038,Sona,Ashe,True,True,1253.0,10711.0,9224.0,1559.0,TOP_LANE_CORE,BOT_LANE_CORE,12136.55408260516,True,True,True,True,2632.0,4937.0,0.5331172776990075
top_error_08_EUW1_7705182186_200,top_error,8,EUW1_7705182186,200,red,16.2,5,5.002283333333334,Yuumi,Aphelios,True,True,10618.0,8719.0,13644.0,4177.0,RED_BOT_JUNGLE,BOT_LANE_CORE,5457.695484359676,True,True,True,True,558.0,683.0,0.8169838945827232
top_error_08_EUW1_7705182186_200,top_error,8,EUW1_7705182186,200,red,16.2,6,6.002533333333333,Yuumi,Aphelios,True,True,11516.0,13610.0,14340.0,14391.0,RED_BASE,RED_BASE,2930.006313986371,False,False,False,False,558.0,1409.0,0.3960255500354862
top_error_08_EUW1_7705182186_200,top_error,8,EUW1_7705182186,200,red,16.2,7,7.003033333333334,Yuumi,Aphelios,True,True,6432.0,9347.0,13704.0,4651.0,RED_TOP_JUNGLE,BOT_LANE_CORE,8656.465791534096,True,True,True,True,558.0,1546.0,0.36093143596377747
top_error_08_EUW1_7705182186_200,top_error,8,EUW1_7705182186,200,red,16.2,8,8.003183333333334,Yuumi,Aphelios,True,True,10859.0,8851.0,13850.0,9198.0,RED_BOT_JUNGLE,BOT_LANE_CORE,3011.0612747003343,True,True,True,True,773.0,2197.0,0.35184342284934
top_error_08_EUW1_7705182186_200,top_error,8,EUW1_7705182186,200,red,16.2,9,9.003183333333334,Yuumi,Aphelios,True,True,12340.0,2199.0,12698.0,3127.0,BOT_LANE_CORE,BOT_LANE_CORE,994.6597408159233,True,True,False,False,1057.0,2197.0,0.4811106053709604
top_error_08_EUW1_7705182186_200,top_error,8,EUW1_7705182186,200,red,16.2,10,10.003283333333334,Yuumi,Aphelios,True,True,12467.0,2701.0,14122.0,5058.0,BOT_LANE_CORE,BOT_LANE_CORE,2880.0128471935673,True,True,False,True,1669.0,2625.0,0.6358095238095238
top_error_08_EUW1_7705182186_200,top_error,8,EUW1_7705182186,200,red,16.2,11,11.003466666666666,Yuumi,Aphelios,True,True,11797.0,6689.0,13364.0,3425.0,RED_BOT_JUNGLE,BOT_LANE_CORE,3620.660851281158,True,True,True,True,1944.0,2961.0,0.6565349544072948
top_error_09_EUW1_7716308181_100,top_error,9,EUW1_7716308181,100,blue,16.3,5,5.0034833333333335,Velkoz,Twitch,True,True,1568.0,1225.0,13469.0,3315.0,BLUE_BASE,BOT_LANE_CORE,12083.124637278224,False,False,False,False,1289.0,1929.0,0.6682218766200103
top_error_09_EUW1_7716308181_100,top_error,9,EUW1_7716308181,100,blue,16.3,6,6.003566666666667,Velkoz,Twitch,True,True,4546.0,4892.0,9429.0,1368.0,BLUE_TOP_JUNGLE,BOT_LANE_CORE,6021.815756065607,True,True,True,True,1390.0,2221.0,0.6258442143178748
top_error_09_EUW1_7716308181_100,top_error,9,EUW1_7716308181,100,blue,16.3,7,7.00375,Velkoz,Twitch,False,True,7846.0,6526.0,13541.0,3997.0,MID_LANE,BOT_LANE_CORE,6231.281248667886,False,False,False,False,1817.0,3182.0,0.571024512884978
top_error_09_EUW1_7716308181_100,top_error,9,EUW1_7716308181,100,blue,16.3,8,8.004283333333333,Velkoz,Twitch,True,True,7474.0,6233.0,11566.0,1781.0,MID_LANE,BOT_LANE_CORE,6046.880848834381,True,True,True,True,2070.0,3678.0,0.5628058727569332
top_error_09_EUW1_7716308181_100,top_error,9,EUW1_7716308181,100,blue,16.3,9,9.0043,Velkoz,Twitch,True,True,4817.0,2946.0,10264.0,1109.0,BLUE_BOT_JUNGLE,BOT_LANE_CORE,5748.423957920988,True,True,True,True,2358.0,4311.0,0.5469728601252609
top_error_09_EUW1_7716308181_100,top_error,9,EUW1_7716308181,100,blue,16.3,10,10.0044,Velkoz,Twitch,True,True,7686.0,7595.0,11429.0,1138.0,MID_LANE,BOT_LANE_CORE,7463.437411809655,True,True,True,True,3042.0,4944.0,0.6152912621359223
top_error_09_EUW1_7716308181_100,top_error,9,EUW1_7716308181,100,blue,16.3,11,11.004766666666667,Velkoz,Twitch,True,True,7559.0,5706.0,12048.0,2078.0,BLUE_BOT_JUNGLE,BOT_LANE_CORE,5771.785252415409,True,True,True,True,3042.0,5440.0,0.5591911764705882
top_error_10_EUW1_7708270762_200,top_error,10,EUW1_7708270762,200,red,16.2,5,5.0023,Lux,Caitlyn,True,True,14206.0,12936.0,13463.0,4147.0,RED_BASE,BOT_LANE_CORE,8820.349766307456,False,False,False,False,865.0,1423.0,0.6078706957132818
top_error_10_EUW1_7708270762_200,top_error,10,EUW1_7708270762,200,red,16.2,6,6.002533333333333,Lux,Caitlyn,False,True,13661.0,3928.0,14009.0,4434.0,BOT_LANE_CORE,BOT_LANE_CORE,614.1172526480591,False,False,False,False,1147.0,1904.0,0.6024159663865546
top_error_10_EUW1_7708270762_200,top_error,10,EUW1_7708270762,200,red,16.2,7,7.002633333333334,Lux,Caitlyn,True,True,14201.0,14314.0,13207.0,3380.0,RED_BASE,BOT_LANE_CORE,10979.088851084138,False,False,False,False,1333.0,2244.0,0.5940285204991087
top_error_10_EUW1_7708270762_200,top_error,10,EUW1_7708270762,200,red,16.2,8,8.002666666666666,Lux,Caitlyn,False,True,4485.0,13566.0,12985.0,2918.0,TOP_LANE_CORE,BOT_LANE_CORE,13624.606563126878,False,False,False,False,1518.0,2771.0,0.5478166726813425
top_error_10_EUW1_7708270762_200,top_error,10,EUW1_7708270762,200,red,16.2,9,9.00315,Lux,Caitlyn,True,True,8337.0,8380.0,14064.0,5134.0,MID_LANE,BOT_LANE_CORE,6582.935895176254,True,True,True,True,1518.0,3404.0,0.44594594594594594
top_error_10_EUW1_7708270762_200,top_error,10,EUW1_7708270762,200,red,16.2,10,10.003366666666667,Lux,Caitlyn,True,True,9788.0,7283.0,14131.0,11544.0,RED_BOT_JUNGLE,RED_BASE,6084.223039961635,True,False,True,False,1896.0,4073.0,0.46550454210655534
top_error_10_EUW1_7708270762_200,top_error,10,EUW1_7708270762,200,red,16.2,11,11.003883333333333,Lux,Caitlyn,True,True,7199.0,8629.0,13112.0,2921.0,RED_TOP_JUNGLE,BOT_LANE_CORE,8218.566359165081,True,True,True,True,2621.0,4631.0,0.5659684733318937
top_error_11_EUW1_7830110048_100,top_error,11,EUW1_7830110048,100,blue,16.8,5,5.003233333333333,Nami,Yasuo,True,True,3361.0,13229.0,12927.0,2007.0,TOP_LANE_CORE,BOT_LANE_CORE,14745.90248170657,True,True,True,True,998.0,1783.0,0.559730790802019
top_error_11_EUW1_7830110048_100,top_error,11,EUW1_7830110048,100,blue,16.8,6,6.003283333333333,Nami,Yasuo,True,True,6039.0,5712.0,10672.0,1240.0,MID_LANE,BOT_LANE_CORE,6439.213694233171,True,True,True,True,1341.0,2143.0,0.625758282781148
top_error_11_EUW1_7830110048_100,top_error,11,EUW1_7830110048,100,blue,16.8,7,7.003333333333333,Nami,Yasuo,True,True,3616.0,13229.0,10927.0,986.0,TOP_LANE_CORE,BOT_LANE_CORE,14259.795580582493,True,True,True,True,1672.0,3024.0,0.5529100529100529
top_error_11_EUW1_7830110048_100,top_error,11,EUW1_7830110048,100,blue,16.8,8,8.003366666666667,Nami,Yasuo,True,True,7791.0,10953.0,12190.0,2585.0,RED_TOP_JUNGLE,BOT_LANE_CORE,9453.815367353014,True,True,True,True,1806.0,3179.0,0.5681031770997169
top_error_11_EUW1_7830110048_100,top_error,11,EUW1_7830110048,100,blue,16.8,9,9.003883333333333,Nami,Yasuo,True,True,4874.0,9457.0,10195.0,846.0,TOP_SIDE_NEAR,BOT_LANE_CORE,10122.369386660419,True,True,True,True,1868.0,3750.0,0.4981333333333333
top_error_11_EUW1_7830110048_100,top_error,11,EUW1_7830110048,100,blue,16.8,10,10.004333333333333,Nami,Yasuo,True,True,860.0,854.0,6611.0,976.0,BLUE_BASE,BOT_LANE_CORE,5752.293890266735,False,False,False,False,2487.0,3975.0,0.6256603773584906
top_error_11_EUW1_7830110048_100,top_error,11,EUW1_7830110048,100,blue,16.8,11,11.004683333333332,Nami,Yasuo,True,True,7580.0,6945.0,10160.0,1071.0,MID_LANE,BOT_LANE_CORE,6415.627482951298,True,True,True,True,2958.0,4471.0,0.6615969581749049
top_error_12_EUW1_7806861902_200,top_error,12,EUW1_7806861902,200,red,16.7,5,5.003,Sona,Yunara,True,False,12186.0,7591.0,14118.0,4778.0,RED_BOT_JUNGLE,BOT_LANE_CORE,3412.5639920739945,True,False,True,False,947.0,1301.0,0.727901614142967
top_error_12_EUW1_7806861902_200,top_error,12,EUW1_7806861902,200,red,16.7,6,6.00325,Sona,Yunara,True,True,10872.0,10619.0,14168.0,12792.0,RED_BOT_JUNGLE,RED_BASE,3947.8532140899056,True,False,True,False,1006.0,1301.0,0.7732513451191392
top_error_12_EUW1_7806861902_200,top_error,12,EUW1_7806861902,200,red,16.7,7,7.003466666666666,Sona,Yunara,True,True,1251.0,12229.0,12905.0,3052.0,TOP_LANE_CORE,BOT_LANE_CORE,14833.510879087256,True,True,True,True,1147.0,1655.0,0.6930513595166163
top_error_12_EUW1_7806861902_200,top_error,12,EUW1_7806861902,200,red,16.7,8,8.003516666666666,Sona,Yunara,True,True,14162.0,13509.0,12104.0,3484.0,RED_BASE,BOT_SIDE_NEAR,10234.060240197925,False,False,False,False,1201.0,1934.0,0.6209927611168563
top_error_12_EUW1_7806861902_200,top_error,12,EUW1_7806861902,200,red,16.7,9,9.003983333333334,Sona,Yunara,True,True,10108.0,13216.0,13703.0,4153.0,RED_TOP_JUNGLE,BOT_LANE_CORE,9749.974051247522,True,True,True,True,1349.0,2384.0,0.5658557046979866
top_error_12_EUW1_7806861902_200,top_error,12,EUW1_7806861902,200,red,16.7,10,10.004283333333333,Sona,Yunara,True,True,10434.0,7527.0,14110.0,5154.0,RED_BOT_JUNGLE,BOT_LANE_CORE,4375.397696210026,True,True,True,True,1740.0,3017.0,0.576731852833941
top_error_12_EUW1_7806861902_200,top_error,12,EUW1_7806861902,200,red,16.7,11,11.004633333333333,Sona,Yunara,True,True,8461.0,7622.0,14091.0,12275.0,MID_LANE,RED_BASE,7303.924219212573,True,False,True,False,2150.0,3554.0,0.6049521665728756
top_error_13_EUW1_7708834871_200,top_error,13,EUW1_7708834871,200,red,16.2,5,5.00365,Yuumi,Tristana,True,False,12002.0,3859.0,12132.0,3482.0,BOT_SIDE_NEAR,BOT_SIDE_NEAR,398.7844029046272,True,False,False,False,1548.0,1548.0,1.0
top_error_13_EUW1_7708834871_200,top_error,13,EUW1_7708834871,200,red,16.2,6,6.00395,Yuumi,Tristana,True,True,12439.0,6578.0,13089.0,2518.0,RED_BOT_JUNGLE,BOT_LANE_CORE,4111.702810272162,True,True,True,True,1548.0,1765.0,0.8770538243626063
top_error_13_EUW1_7708834871_200,top_error,13,EUW1_7708834871,200,red,16.2,7,7.00445,Yuumi,Tristana,True,True,13132.0,2522.0,14205.0,13443.0,BOT_LANE_CORE,RED_BASE,10973.585102417532,True,False,False,False,1635.0,2336.0,0.6999143835616438
top_error_13_EUW1_7708834871_200,top_error,13,EUW1_7708834871,200,red,16.2,8,8.004483333333333,Yuumi,Tristana,True,True,7637.0,11143.0,12722.0,3958.0,RED_TOP_JUNGLE,BOT_SIDE_NEAR,8802.35479857521,True,True,True,True,1703.0,2677.0,0.636159880463205
top_error_13_EUW1_7708834871_200,top_error,13,EUW1_7708834871,200,red,16.2,9,9.004633333333333,Yuumi,Tristana,True,False,3842.0,10502.0,13116.0,4867.0,TOP_SIDE_NEAR,BOT_LANE_CORE,10851.741841750567,True,False,True,False,2115.0,3155.0,0.6703645007923931
top_error_13_EUW1_7708834871_200,top_error,13,EUW1_7708834871,200,red,16.2,10,10.004666666666667,Yuumi,Tristana,True,True,7560.0,5170.0,12372.0,4258.0,BLUE_BOT_JUNGLE,BOT_SIDE_NEAR,4897.661482789516,True,True,True,True,2115.0,3602.0,0.5871737923375903
top_error_13_EUW1_7708834871_200,top_error,13,EUW1_7708834871,200,red,16.2,11,11.005133333333333,Yuumi,Tristana,True,True,13617.0,4974.0,14121.0,4567.0,BOT_LANE_CORE,BOT_LANE_CORE,647.8155601712574,True,True,False,False,2368.0,3881.0,0.6101520226745684
top_error_14_EUW1_7705296763_200,top_error,14,EUW1_7705296763,200,red,16.2,5,5.0007166666666665,Braum,Vayne,True,True,6451.0,7383.0,12963.0,2509.0,MID_LANE,BOT_LANE_CORE,8134.0039341028105,True,True,True,True,1423.0,1594.0,0.8927227101631117
top_error_14_EUW1_7705296763_200,top_error,14,EUW1_7705296763,200,red,16.2,6,6.001133333333334,Braum,Vayne,True,True,11940.0,13166.0,13925.0,9071.0,RED_BASE,BOT_LANE_CORE,4550.741697789494,False,False,False,False,1512.0,1886.0,0.8016967126193001
top_error_14_EUW1_7705296763_200,top_error,14,EUW1_7705296763,200,red,16.2,7,7.002683333333334,Braum,Vayne,True,True,10864.0,10364.0,12261.0,1992.0,RED_BOT_JUNGLE,BOT_LANE_CORE,8487.755474800155,True,True,True,True,1553.0,2612.0,0.594563552833078
top_error_14_EUW1_7705296763_200,top_error,14,EUW1_7705296763,200,red,16.2,8,8.002766666666666,Braum,Vayne,True,False,3280.0,11337.0,13013.0,2466.0,TOP_SIDE_NEAR,BOT_LANE_CORE,13169.127913419325,True,False,True,False,1608.0,2891.0,0.5562089242476652
top_error_14_EUW1_7705296763_200,top_error,14,EUW1_7705296763,200,red,16.2,9,9.003316666666667,Braum,Vayne,True,True,11225.0,12889.0,12877.0,1872.0,RED_TOP_JUNGLE,BOT_LANE_CORE,11140.170241069029,True,True,True,True,1974.0,3617.0,0.5457561515067736
top_error_14_EUW1_7705296763_200,top_error,14,EUW1_7705296763,200,red,16.2,10,10.003666666666666,Braum,Vayne,True,True,4779.0,8488.0,13774.0,4753.0,BLUE_TOP_JUNGLE,BOT_LANE_CORE,9739.622682629959,True,True,True,True,2357.0,4082.0,0.5774130328270456
top_error_14_EUW1_7705296763_200,top_error,14,EUW1_7705296763,200,red,16.2,11,11.0041,Braum,Vayne,True,True,4747.0,10256.0,12849.0,3080.0,BARON_GRUBS_HERALD_AREA,BOT_LANE_CORE,10823.002356093248,True,True,True,True,2580.0,4144.0,0.6225868725868726
top_error_15_EUW1_7831144335_200,top_error,15,EUW1_7831144335,200,red,16.8,5,5.002833333333333,Taric,Lucian,True,True,13855.0,14159.0,13191.0,3676.0,RED_BASE,BOT_LANE_CORE,10504.008044551374,False,False,False,False,1326.0,1677.0,0.7906976744186046
top_error_15_EUW1_7831144335_200,top_error,15,EUW1_7831144335,200,red,16.8,6,6.003383333333334,Taric,Lucian,True,True,3041.0,8979.0,14326.0,14282.0,TOP_SIDE_NEAR,RED_BASE,12468.882628367306,True,False,True,False,1406.0,2310.0,0.6086580086580087
top_error_15_EUW1_7831144335_200,top_error,15,EUW1_7831144335,200,red,16.8,7,7.003566666666667,Taric,Lucian,True,True,13302.0,10253.0,13630.0,4022.0,BOT_LANE_CORE,BOT_LANE_CORE,6239.6269920564955,True,True,False,True,1702.0,2664.0,0.6388888888888888
top_error_15_EUW1_7831144335_200,top_error,15,EUW1_7831144335,200,red,16.8,8,8.0039,Taric,Lucian,True,True,9842.0,13762.0,14036.0,10969.0,TOP_LANE_CORE,BOT_LANE_CORE,5038.89720077717,True,True,True,True,2220.0,3214.0,0.6907280647168638
top_error_15_EUW1_7831144335_200,top_error,15,EUW1_7831144335,200,red,16.8,9,9.00435,Taric,Lucian,True,True,5672.0,8357.0,12877.0,2732.0,RIVER_TOP,BOT_LANE_CORE,9140.713867089375,True,True,True,True,2476.0,3723.0,0.6650550631211388
top_error_15_EUW1_7831144335_200,top_error,15,EUW1_7831144335,200,red,16.8,10,10.004383333333333,Taric,Lucian,True,True,10116.0,6328.0,11560.0,3830.0,RED_BOT_JUNGLE,BOT_SIDE_NEAR,2885.3318699934675,True,True,True,True,2880.0,4356.0,0.6611570247933884
top_error_15_EUW1_7831144335_200,top_error,15,EUW1_7831144335,200,red,16.8,11,11.00455,Taric,Lucian,True,True,5564.0,12832.0,13405.0,6793.0,TOP_SIDE_NEAR,BOT_LANE_CORE,9897.00975042462,True,True,True,True,3240.0,4770.0,0.6792452830188679
top_error_16_EUW1_7719808217_100,top_error,16,EUW1_7719808217,100,blue,16.3,5,5.0035,Senna,Veigar,True,True,3798.0,10711.0,11302.0,1633.0,TOP_SIDE_NEAR,BOT_LANE_CORE,11777.949736690169,True,True,True,True,1027.0,1402.0,0.7325249643366619
top_error_16_EUW1_7719808217_100,top_error,16,EUW1_7719808217,100,blue,16.3,6,6.003983333333333,Senna,Veigar,True,True,3497.0,11307.0,4413.0,1050.0,TOP_SIDE_NEAR,BOT_LANE_CORE,10297.820400453682,True,True,True,True,1446.0,2035.0,0.7105651105651105
top_error_16_EUW1_7719808217_100,top_error,16,EUW1_7719808217,100,blue,16.3,7,7.004433333333333,Senna,Veigar,True,True,1647.0,5942.0,12976.0,2477.0,BLUE_TOP_JUNGLE,BOT_LANE_CORE,11847.044610365912,True,True,True,True,1507.0,2544.0,0.592374213836478
top_error_16_EUW1_7719808217_100,top_error,16,EUW1_7719808217,100,blue,16.3,8,8.004583333333333,Senna,Veigar,True,True,394.0,461.0,12434.0,2301.0,BLUE_BASE,BOT_LANE_CORE,12179.78653343317,False,False,False,False,1777.0,3102.0,0.572856221792392
top_error_16_EUW1_7719808217_100,top_error,16,EUW1_7719808217,100,blue,16.3,9,9.00465,Senna,Veigar,True,True,4620.0,9740.0,11292.0,1473.0,TOP_SIDE_NEAR,BOT_LANE_CORE,10623.50568315375,True,True,True,True,2016.0,3735.0,0.5397590361445783
top_error_16_EUW1_7719808217_100,top_error,16,EUW1_7719808217,100,blue,16.3,10,10.005033333333333,Senna,Veigar,True,True,3271.0,12602.0,9518.0,1234.0,TOP_SIDE_NEAR,BOT_LANE_CORE,12971.369742629344,True,True,True,True,2081.0,4368.0,0.4764194139194139
top_error_16_EUW1_7719808217_100,top_error,16,EUW1_7719808217,100,blue,16.3,11,11.005383333333333,Senna,Veigar,True,True,2992.0,9828.0,11508.0,1963.0,TOP_SIDE_NEAR,BOT_LANE_CORE,11592.259529530902,True,True,True,True,2639.0,4439.0,0.5945032665014643
top_error_17_EUW1_7765827606_200,top_error,17,EUW1_7765827606,200,red,16.5,5,5.0027,Ivern,Lucian,True,True,5930.0,7957.0,12445.0,2036.0,RIVER_TOP,BOT_LANE_CORE,8803.605284200332,True,True,True,True,492.0,1635.0,0.30091743119266057
top_error_17_EUW1_7765827606_200,top_error,17,EUW1_7765827606,200,red,16.5,6,6.002916666666667,Ivern,Lucian,True,True,2263.0,11473.0,13825.0,9817.0,TOP_SIDE_NEAR,BOT_LANE_CORE,11679.990582187984,True,True,True,True,574.0,2051.0,0.27986348122866894
top_error_17_EUW1_7765827606_200,top_error,17,EUW1_7765827606,200,red,16.5,7,7.0031,Ivern,Lucian,True,True,12055.0,11783.0,11603.0,1797.0,RED_BOT_JUNGLE,BOT_LANE_CORE,9996.224287199644,True,True,True,True,809.0,2870.0,0.2818815331010453
top_error_17_EUW1_7765827606_200,top_error,17,EUW1_7765827606,200,red,16.5,8,8.003233333333334,Ivern,Lucian,True,True,6674.0,7491.0,13073.0,3671.0,MID_LANE,BOT_LANE_CORE,7452.4895840249255,True,True,True,True,1042.0,3304.0,0.3153753026634383
top_error_17_EUW1_7765827606_200,top_error,17,EUW1_7765827606,200,red,16.5,9,9.003666666666666,Ivern,Lucian,True,True,6850.0,7340.0,11651.0,1505.0,MID_LANE,BOT_LANE_CORE,7556.244172867894,True,True,True,True,1234.0,3937.0,0.31343662687325374
top_error_17_EUW1_7765827606_200,top_error,17,EUW1_7765827606,200,red,16.5,10,10.004116666666667,Ivern,Lucian,True,True,8572.0,7197.0,13151.0,3332.0,MID_LANE,BOT_LANE_CORE,5992.116988177049,True,True,True,True,1657.0,4136.0,0.40062862669245647
top_error_17_EUW1_7765827606_200,top_error,17,EUW1_7765827606,200,red,16.5,11,11.004366666666666,Ivern,Lucian,True,False,6534.0,8028.0,11728.0,1677.0,MID_LANE,BOT_LANE_CORE,8204.440078396576,True,False,True,False,2122.0,4787.0,0.4432838938792563
top_error_18_EUW1_7804333236_200,top_error,18,EUW1_7804333236,200,red,16.6,5,5.003266666666667,Braum,Varus,False,True,12822.0,2525.0,14340.0,14391.0,BOT_LANE_CORE,RED_BASE,11962.703707774426,False,False,False,False,1347.0,1316.0,1.0235562310030395
top_error_18_EUW1_7804333236_200,top_error,18,EUW1_7804333236,200,red,16.6,6,6.003716666666667,Braum,Varus,True,True,12057.0,8967.0,11849.0,2828.0,RED_BOT_JUNGLE,BOT_SIDE_NEAR,6142.522690230781,True,True,True,True,1347.0,2011.0,0.669816011934361
top_error_18_EUW1_7804333236_200,top_error,18,EUW1_7804333236,200,red,16.6,7,7.0042,Braum,Varus,True,True,7404.0,9703.0,11651.0,3032.0,RED_TOP_JUNGLE,BOT_SIDE_NEAR,7908.176148771599,True,True,True,True,1347.0,2352.0,0.5727040816326531
top_error_18_EUW1_7804333236_200,top_error,18,EUW1_7804333236,200,red,16.6,8,8.0047,Braum,Varus,True,True,8252.0,5109.0,12874.0,3225.0,BLUE_BOT_JUNGLE,BOT_LANE_CORE,4991.226302222731,True,True,True,True,1550.0,2538.0,0.6107171000788022
top_error_18_EUW1_7804333236_200,top_error,18,EUW1_7804333236,200,red,16.6,9,9.005016666666666,Braum,Varus,True,True,9718.0,6760.0,13101.0,3692.0,RED_BOT_JUNGLE,BOT_LANE_CORE,4566.9807312928315,True,True,True,True,1601.0,3233.0,0.4952056913083823
top_error_18_EUW1_7804333236_200,top_error,18,EUW1_7804333236,200,red,16.6,10,10.00535,Braum,Varus,True,True,7889.0,13880.0,13471.0,3844.0,TOP_LANE_CORE,BOT_LANE_CORE,11483.902646748622,True,True,True,True,1807.0,3618.0,0.4994472084024323
top_error_18_EUW1_7804333236_200,top_error,18,EUW1_7804333236,200,red,16.6,11,11.005483333333334,Braum,Varus,True,True,14005.0,13616.0,12298.0,4353.0,RED_BASE,BOT_SIDE_NEAR,9418.971175239894,False,False,False,False,2541.0,4165.0,0.6100840336134454
top_error_19_EUW1_7803978812_100,top_error,19,EUW1_7803978812,100,blue,16.6,5,5.001016666666667,Yuumi,Corki,True,True,398.0,488.0,11698.0,2120.0,BLUE_BASE,BOT_LANE_CORE,11417.242399108465,False,False,False,False,1315.0,1506.0,0.8731739707835325
top_error_19_EUW1_7803978812_100,top_error,19,EUW1_7803978812,100,blue,16.6,6,6.001516666666666,Yuumi,Corki,True,True,7684.0,5720.0,1641.0,806.0,BLUE_BOT_JUNGLE,BLUE_BASE,7788.789700588917,True,False,True,False,1571.0,1869.0,0.8405564472980204
top_error_19_EUW1_7803978812_100,top_error,19,EUW1_7803978812,100,blue,16.6,7,7.00295,Yuumi,Corki,True,True,1069.0,582.0,12077.0,2527.0,BLUE_BASE,BOT_LANE_CORE,11178.51014223273,False,False,False,False,1947.0,2316.0,0.8406735751295337
top_error_19_EUW1_7803978812_100,top_error,19,EUW1_7803978812,100,blue,16.6,8,8.00295,Yuumi,Corki,True,True,6340.0,6556.0,10262.0,1654.0,MID_LANE,BOT_LANE_CORE,6277.872888168413,True,True,True,True,2007.0,2657.0,0.7553631915694392
top_error_19_EUW1_7803978812_100,top_error,19,EUW1_7803978812,100,blue,16.6,9,9.003,Yuumi,Corki,True,True,7325.0,7539.0,8553.0,4756.0,MID_LANE,BLUE_BOT_JUNGLE,3041.8864212853177,True,True,True,True,2537.0,3153.0,0.8046305106248017
top_error_19_EUW1_7803978812_100,top_error,19,EUW1_7803978812,100,blue,16.6,10,10.00355,Yuumi,Corki,True,False,11656.0,3736.0,10923.0,1007.0,BOT_SIDE_NEAR,BOT_LANE_CORE,2825.7264552677425,True,False,False,False,2720.0,3494.0,0.7784773898111047
top_error_19_EUW1_7803978812_100,top_error,19,EUW1_7803978812,100,blue,16.6,11,11.003733333333333,Yuumi,Corki,True,True,6905.0,7271.0,12086.0,2309.0,MID_LANE,BOT_LANE_CORE,7173.855657873247,True,True,True,True,3077.0,3866.0,0.7959130884635282
top_error_20_EUW1_7831462570_200,top_error,20,EUW1_7831462570,200,red,16.8,5,5.0024,Zyra,Ashe,True,True,7412.0,7531.0,12912.0,3080.0,MID_LANE,BOT_LANE_CORE,7075.4081861048835,True,True,True,True,1264.0,1394.0,0.9067431850789096
top_error_20_EUW1_7831462570_200,top_error,20,EUW1_7831462570,200,red,16.8,6,6.002683333333334,Zyra,Ashe,True,True,14329.0,14294.0,13145.0,4076.0,RED_BASE,BOT_LANE_CORE,10286.368649820011,False,False,False,False,1644.0,1655.0,0.9933534743202417
top_error_20_EUW1_7831462570_200,top_error,20,EUW1_7831462570,200,red,16.8,7,7.0029,Zyra,Ashe,False,True,10998.0,6078.0,12326.0,2581.0,BOT_SIDE_NEAR,BOT_LANE_CORE,3740.667453810883,False,False,False,False,1861.0,1947.0,0.9558294812532101
top_error_20_EUW1_7831462570_200,top_error,20,EUW1_7831462570,200,red,16.8,8,8.003283333333334,Zyra,Ashe,True,True,13096.0,13697.0,13398.0,4313.0,RED_BASE,BOT_LANE_CORE,9388.85829054843,False,False,False,False,1861.0,2257.0,0.8245458573327425
top_error_20_EUW1_7831462570_200,top_error,20,EUW1_7831462570,200,red,16.8,9,9.003316666666667,Zyra,Ashe,True,True,6228.0,8661.0,13803.0,10262.0,RIVER_TOP,BOT_LANE_CORE,7742.33982720986,True,True,True,True,1903.0,2257.0,0.8431546300398759
top_error_20_EUW1_7831462570_200,top_error,20,EUW1_7831462570,200,red,16.8,10,10.00375,Zyra,Ashe,True,True,4438.0,8546.0,8395.0,8682.0,BLUE_TOP_JUNGLE,MID_LANE,3959.336434303101,True,True,True,True,2353.0,2350.0,1.0012765957446808
top_error_20_EUW1_7831462570_200,top_error,20,EUW1_7831462570,200,red,16.8,11,11.003933333333332,Zyra,Ashe,True,True,8814.0,9764.0,3059.0,12818.0,RED_TOP_JUNGLE,TOP_LANE_CORE,6515.131694754911,True,True,True,True,2469.0,3071.0,0.8039726473461413
