case_id,case_group,case_rank,score_band,match_id,team_id,side,patch,prediction,actual,signed_error,abs_error,ally_top_champion_name,ally_jungle_champion_name,ally_middle_champion_name,ally_bottom_champion_name,ally_utility_champion_name,enemy_top_champion_name,enemy_jungle_champion_name,enemy_middle_champion_name,enemy_bottom_champion_name,enemy_utility_champion_name,ally_support_expert_score,ally_support_expert_archetype,ally_support_expert_confidence,enemy_support_expert_score,enemy_support_expert_archetype,enemy_support_expert_confidence,ally_support_champion_mean_score,ally_support_champion_n,enemy_support_champion_mean_score,enemy_support_champion_n,valid_support_frames_v5,valid_coop_frames_v5,outside_ratio_v5,far_ratio_v5,xp_gap_v5,support_score_confidence_v5,score_reconstructed_delta,raw_score_reconstructed_delta,support_early_kills,support_early_deaths,support_early_assists,adc_early_kills,adc_early_deaths,adc_early_assists,bot_related_events_0_12,support_final_kda,adc_final_kda,evidence_tag,raw_missing
top_error_01_EUW1_7831489390_200,top_error,1,very_high,EUW1_7831489390,200,red,16.8,0.2085366053424323,1.0,-0.7914633946575678,0.7914633946575678,Sion,Talon,KogMaw,Smolder,Yuumi,Jayce,Shaco,Azir,Velkoz,Pyke,0.08,adc_enabler,0.95,0.92,roaming_assassin,0.95,0.14909535543748414,4689,0.4919837306692401,11462,5,5.0,1.0,1.0,1.0,0.8333333333333334,0.0,0.0,1,4,3,1,7,0,21,1/8/8,2/8/1,chaotic_early_game,False
top_error_02_EUW1_7706461344_100,top_error,2,very_high,EUW1_7706461344,100,blue,16.2,0.1739646687470375,0.9295642077597724,-0.7555995390127349,0.7555995390127349,KSante,Viego,Cassiopeia,Zeri,Yuumi,Camille,Graves,TwistedFate,Lucian,Sona,0.08,adc_enabler,0.95,0.22,scaling_enchanter,0.8,0.14909535543748414,4689,0.3335971472202456,11424,6,5.0,0.8333333333333334,1.0,0.9110294117647058,1.0,0.0,0.0,0,3,0,0,6,0,11,0/5/0,0/9/0,chaotic_early_game,False
top_error_03_EUW1_7708715292_200,top_error,3,very_high,EUW1_7708715292,200,red,16.2,0.3096420467140087,1.0,-0.6903579532859914,0.6903579532859914,Teemo,Diana,Yasuo,Caitlyn,Senna,Swain,Nidalee,Qiyana,Tristana,Blitzcrank,0.4,marksman_support,0.7,0.78,pick_roamer,0.85,0.3087440928364943,10154,0.4348205857701826,8649,4,4.0,1.0,1.0,1.0,0.6666666666666666,0.0,0.0,0,6,2,1,1,2,14,2/12/18,11/4/8,chaotic_early_game,False
top_error_04_EUW1_7783266689_200,top_error,4,very_high,EUW1_7783266689,200,red,16.5,0.2629699526163075,0.9432054457287128,-0.6802354931124053,0.6802354931124053,Garen,Nidalee,Leblanc,Ashe,Senna,FiddleSticks,Briar,KogMaw,Twitch,Lulu,0.4,marksman_support,0.7,0.28,adc_enabler,0.85,0.3087440928364943,10154,0.3220609947644693,22250,6,5.0,0.8333333333333334,1.0,1.0,1.0,0.0,0.0,2,4,4,1,3,1,14,3/12/16,3/9/5,chaotic_early_game,False
top_error_05_EUW1_7714775914_200,top_error,5,very_high,EUW1_7714775914,200,red,16.2,0.30355502822562663,0.9707064374405748,-0.6671514092149482,0.6671514092149482,DrMundo,Kayn,Irelia,Kaisa,Senna,Cassiopeia,Naafiri,TwistedFate,Ezreal,Rell,0.4,marksman_support,0.7,0.82,engage_roamer,0.85,0.3087440928364943,10154,0.4373914077290479,12474,4,4.0,1.0,1.0,0.805669325285622,0.6666666666666666,0.0,0.0,0,3,7,4,2,2,15,3/9/16,9/6/7,chaotic_early_game,False
top_error_06_EUW1_7705744974_100,top_error,6,very_high,EUW1_7705744974,100,blue,16.2,0.3366410986010733,1.0,-0.6633589013989267,0.6633589013989267,Kled,FiddleSticks,Zed,Caitlyn,Karma,Volibear,Naafiri,Galio,Ashe,Lulu,0.42,lane_enchanter,0.7,0.28,adc_enabler,0.85,0.3872413347731952,27136,0.3220609947644693,22250,5,4.0,1.0,1.0,1.0,0.8333333333333334,0.0,0.0,0,3,6,1,3,1,13,0/9/22,5/11/3,chaotic_early_game,False
top_error_07_EUW1_7830670024_100,top_error,7,very_high,EUW1_7830670024,100,blue,16.8,0.3406474206862067,1.0,-0.6593525793137933,0.6593525793137933,Jayce,Shyvana,Ryze,Ashe,Sona,Sylas,Udyr,Yone,Jinx,Blitzcrank,0.22,scaling_enchanter,0.8,0.78,pick_roamer,0.85,0.3335971472202456,11424,0.4348205857701826,8649,7,5.0,1.0,1.0,1.0,1.0,0.0,0.0,2,4,4,1,4,0,16,3/8/9,2/6/3,chaotic_early_game,False
top_error_08_EUW1_7705182186_200,top_error,8,very_high,EUW1_7705182186,200,red,16.2,0.15837569749590863,0.8167022853786017,-0.658326587882693,0.658326587882693,Poppy,Diana,Fizz,Aphelios,Yuumi,Nasus,Elise,Ekko,Caitlyn,Velkoz,0.08,adc_enabler,0.95,0.28,lane_mage,0.7,0.14909535543748414,4689,0.33090794429730797,3327,6,6.0,0.6666666666666666,0.8333333333333334,0.8586626139817629,1.0,0.0,0.0,0,2,1,1,5,0,12,0/5/7,2/11/3,chaotic_early_game,False
top_error_09_EUW1_7716308181_100,top_error,9,very_high,EUW1_7716308181,100,blue,16.3,0.34218717476077987,1.0,-0.6578128252392201,0.6578128252392201,Ahri,XinZhao,Zoe,Twitch,Velkoz,Ornn,JarvanIV,Jayce,Mel,Nami,0.28,lane_mage,0.7,0.38,lane_enchanter,0.75,0.33090794429730797,3327,0.34617523496966535,35437,5,5.0,1.0,1.0,1.0,0.8333333333333334,0.0,0.0,4,3,1,1,0,0,11,11/5/9,5/2/7,clean_roam_like_candidate,False
top_error_10_EUW1_7708270762_200,top_error,10,very_high,EUW1_7708270762,200,red,16.2,0.3428767431544603,1.0,-0.6571232568455396,0.6571232568455396,Gwen,Nidalee,Quinn,Caitlyn,Lux,Sion,Ambessa,Akali,Jhin,Karma,0.32,lane_mage,0.75,0.42,lane_enchanter,0.7,0.356235730341071,3027,0.3872413347731952,27136,3,2.0,1.0,1.0,1.0,0.5,0.0,0.0,0,4,1,4,3,1,18,1/6/11,10/6/5,label_quality_caution,False
top_error_11_EUW1_7830110048_100,top_error,11,very_high,EUW1_7830110048,100,blue,16.8,0.3197948722722933,0.9768110531297455,-0.6570161808574522,0.6570161808574522,Sion,Naafiri,Azir,Yasuo,Nami,Zaahen,Gwen,Kassadin,Smolder,Soraka,0.38,lane_enchanter,0.75,0.2,adc_enabler,0.85,0.34617523496966535,35437,0.322337698829907,7211,6,6.0,1.0,1.0,0.8460076045627376,1.0,0.0,0.0,0,2,2,1,5,0,12,4/5/11,5/12/1,chaotic_early_game,False
top_error_12_EUW1_7806861902_200,top_error,12,very_high,EUW1_7806861902,200,red,16.7,0.347330692420286,0.9981423621611766,-0.6508116697408906,0.6508116697408906,Vayne,Aatrox,Vladimir,Yunara,Sona,Shen,Ekko,Ryze,Corki,Camille,0.22,scaling_enchanter,0.8,,,,0.3335971472202456,11424,0.5114559364273342,574,6,3.0,1.0,1.0,0.9876195835678108,1.0,0.0,0.0,1,5,3,0,1,2,16,6/11/26,7/9/14,chaotic_early_game,False
top_error_13_EUW1_7708834871_200,top_error,13,very_high,EUW1_7708834871,200,red,16.2,0.13051137584992503,0.7771988451075833,-0.6466874692576583,0.6466874692576583,Warwick,Ekko,Naafiri,Tristana,Yuumi,Vladimir,Khazix,Ambessa,Lucian,Milio,0.08,adc_enabler,0.95,0.24,adc_enabler,0.8,0.14909535543748414,4689,0.2924578179495655,7935,7,4.0,0.5714285714285714,0.75,0.974619943313579,1.0,0.0,0.0,1,1,3,0,4,0,14,1/6/8,0/10/1,chaotic_early_game,False
top_error_14_EUW1_7705296763_200,top_error,14,very_high,EUW1_7705296763,200,red,16.2,0.3453058627302333,0.9915179091201616,-0.6462120463899284,0.6462120463899284,Irelia,DrMundo,Sylas,Vayne,Braum,Aatrox,JarvanIV,Orianna,Varus,Karma,0.48,protective_warden,0.75,0.42,lane_enchanter,0.7,0.3591134453520027,14668,0.3872413347731952,27136,6,5.0,1.0,1.0,0.9435328185328185,1.0,0.0,0.0,1,3,3,0,3,0,13,2/10/14,4/7/1,chaotic_early_game,False
top_error_15_EUW1_7831144335_200,top_error,15,very_high,EUW1_7831144335,200,red,16.8,0.2692621684144822,0.9127383717638704,-0.6434762033493882,0.6434762033493882,Malphite,Khazix,Viktor,Lucian,Taric,Jax,Diana,Qiyana,Zeri,Yuumi,0.3,protective_warden,0.75,0.08,adc_enabler,0.95,0.3223018566844765,4608,0.14909535543748414,4689,6,5.0,0.8333333333333334,1.0,0.8018867924528302,1.0,0.0,0.0,1,1,8,2,1,1,11,2/2/12,4/2/1,clean_roam_like_candidate,False
top_error_16_EUW1_7719808217_100,top_error,16,very_high,EUW1_7719808217,100,blue,16.3,0.35795485328220755,1.0,-0.6420451467177924,0.6420451467177924,Zaahen,Kayn,Ambessa,Veigar,Senna,Urgot,Khazix,Kassadin,Xerath,Blitzcrank,0.4,marksman_support,0.7,0.78,pick_roamer,0.85,0.3087440928364943,10154,0.4348205857701826,8649,6,6.0,1.0,1.0,1.0,1.0,0.0,0.0,3,4,2,0,2,0,17,5/13/9,6/9/4,chaotic_early_game,False
top_error_17_EUW1_7765827606_200,top_error,17,very_high,EUW1_7765827606,200,red,16.5,0.36162374269431097,1.0,-0.638376257305689,0.638376257305689,Akali,DrMundo,Akshan,Lucian,Ivern,Aatrox,FiddleSticks,Kennen,Jhin,Senna,,,,0.4,marksman_support,0.7,0.3913544429505531,364,0.3087440928364943,10154,7,6.0,1.0,1.0,1.0,1.0,0.0,0.0,0,5,2,0,2,0,16,0/6/19,5/7/3,chaotic_early_game,False
top_error_18_EUW1_7804333236_200,top_error,18,very_high,EUW1_7804333236,200,red,16.6,0.3595156948080167,0.9962160990675013,-0.6367004042594846,0.6367004042594846,Kennen,Qiyana,Ahri,Varus,Braum,Pantheon,Karthus,Ekko,Aphelios,Nautilus,0.48,protective_warden,0.75,0.84,engage_roamer,0.9,0.3591134453520027,14668,0.4161522916633062,28879,5,5.0,1.0,1.0,0.9747899159663864,0.8333333333333334,0.0,0.0,1,2,1,0,3,0,8,1/2/2,0/3/0,chaotic_early_game,False
top_error_19_EUW1_7803978812_100,top_error,19,very_high,EUW1_7803978812,100,blue,16.6,0.21883766918329767,0.8554299529687013,-0.6365922837854037,0.6365922837854037,Irelia,Gwen,Akali,Corki,Yuumi,Vayne,Nunu,Orianna,Zed,Sona,0.08,adc_enabler,0.95,0.22,scaling_enchanter,0.8,0.14909535543748414,4689,0.3335971472202456,11424,5,3.0,0.8,1.0,0.5102172788411796,0.8333333333333334,0.0,0.0,0,2,3,0,6,2,16,0/7/4,0/11/3,chaotic_early_game,False
top_error_20_EUW1_7831462570_200,top_error,20,very_high,EUW1_7831462570,200,red,16.8,0.28872445246826645,0.9224911599947503,-0.6337667075264839,0.6337667075264839,DrMundo,Sejuani,Lissandra,Ashe,Zyra,Darius,Sylas,Vex,Jinx,Thresh,0.34,lane_mage,0.75,0.72,pick_roamer,0.85,0.30587259064348576,1605,0.37826721529802937,19852,4,4.0,1.0,1.0,0.49006838163464683,0.6666666666666666,0.0,0.0,2,3,6,0,8,3,22,7/5/15,0/12/12,chaotic_early_game,False
bottom_error_01_EUW1_7739311514_200,bottom_error,1,very_low,EUW1_7739311514,200,red,16.3,0.15269862716820323,0.15272832319639656,-2.969602819333228e-05,2.969602819333228e-05,Ornn,Diana,Yone,Lucian,Yuumi,Ryze,Volibear,Naafiri,Zilean,Senna,0.08,adc_enabler,0.95,0.4,marksman_support,0.7,0.14909535543748414,4689,0.3087440928364943,10154,7,7.0,0.14285714285714285,0.0,0.08676182479708916,1.0,0.0,0.0,1,1,2,2,1,1,9,1/4/23,15/5/9,accurate_low,False
bottom_error_02_EUW1_7827297324_100,bottom_error,2,very_low,EUW1_7827297324,100,blue,16.8,0.16378415106303695,0.16386470838071285,-8.055731767589447e-05,8.055731767589447e-05,Azir,Rengar,Viktor,Twitch,Yuumi,Yasuo,Naafiri,Ahri,Vayne,Rell,0.08,adc_enabler,0.95,0.82,engage_roamer,0.85,0.14909535543748414,4689,0.4373914077290479,12474,6,5.0,0.0,0.0,0.4483500717360114,1.0,0.0,0.0,1,6,4,3,5,2,17,1/12/26,19/14/5,chaotic_early_game,False
bottom_error_03_EUW1_7737055177_200,bottom_error,3,very_low,EUW1_7737055177,200,red,16.3,0.15549861204347418,0.15500617848147027,0.0004924335620039022,0.0004924335620039022,Yone,Hecarim,Sylas,Vayne,Yuumi,Sion,DrMundo,Kassadin,Jhin,Lux,0.08,adc_enabler,0.95,0.32,lane_mage,0.75,0.14909535543748414,4689,0.356235730341071,3027,7,7.0,0.14285714285714285,0.0,0.09489916963226563,1.0,0.0,0.0,1,2,2,0,2,3,9,1/6/33,10/7/6,accurate_low,False
bottom_error_04_EUW1_7753025529_100,bottom_error,4,very_low,EUW1_7753025529,100,blue,16.4,0.24689323498143717,0.24578740606243824,0.0011058289189989357,0.0011058289189989357,Olaf,Nocturne,Ahri,Nilah,Senna,Jax,FiddleSticks,Orianna,Smolder,Braum,0.4,marksman_support,0.7,0.48,protective_warden,0.75,0.3087440928364943,10154,0.3591134453520027,14668,6,6.0,0.16666666666666666,0.16666666666666666,0.1031420765027321,1.0,0.0,0.0,0,4,3,2,3,0,11,3/7/24,18/4/6,chaotic_early_game,False
bottom_error_05_EUW1_7740461495_100,bottom_error,5,very_low,EUW1_7740461495,100,blue,16.3,0.14636222468243426,0.1451844570296783,0.0011777676527559566,0.0011777676527559566,Ornn,Khazix,Zoe,Ezreal,Yuumi,Darius,Talon,Katarina,Nilah,Senna,0.08,adc_enabler,0.95,0.4,marksman_support,0.7,0.14909535543748414,4689,0.3087440928364943,10154,5,5.0,0.0,0.0,0.3815312984997412,0.8333333333333334,0.0,0.0,0,0,0,0,0,0,1,0/3/7,2/4/3,accurate_low,False
bottom_error_06_EUW1_7717169345_200,bottom_error,6,low_mid,EUW1_7717169345,200,red,16.3,0.3290151395065423,0.32901838503163305,-3.245525090733725e-06,3.245525090733725e-06,Zaahen,Evelynn,Zed,Varus,Lulu,Vayne,Rengar,Katarina,Hwei,Braum,0.28,adc_enabler,0.85,0.48,protective_warden,0.75,0.3220609947644693,22250,0.3591134453520027,14668,7,7.0,0.14285714285714285,0.14285714285714285,0.5642712550607287,1.0,0.0,0.0,1,1,5,3,1,2,8,3/8/17,11/3/7,accurate_mid,False
bottom_error_07_EUW1_7711409386_100,bottom_error,7,low_mid,EUW1_7711409386,100,blue,16.2,0.27740928704061063,0.27740529984842544,3.987192185195276e-06,3.987192185195276e-06,Jayce,Kindred,Sylas,Lucian,Senna,Olaf,Karthus,Ryze,Draven,Nami,0.4,marksman_support,0.7,0.38,lane_enchanter,0.75,0.3087440928364943,10154,0.34617523496966535,35437,6,5.0,0.0,0.2,0.5545994993742178,1.0,0.0,0.0,2,2,5,2,3,2,18,2/2/13,3/5/4,chaotic_early_game,False
bottom_error_08_EUW1_7822907738_100,bottom_error,8,low_mid,EUW1_7822907738,100,blue,16.8,0.3681500026068791,0.36815926412980576,-9.261522926684584e-06,9.261522926684584e-06,Aatrox,Ekko,Chogath,Velkoz,Sona,Vladimir,Qiyana,Veigar,Yasuo,Rakan,0.22,scaling_enchanter,0.8,0.76,engage_roamer,0.85,0.3335971472202456,11424,0.4187952524345345,15160,6,5.0,0.0,0.2,0.9693225394120153,1.0,0.0,0.0,2,2,2,3,2,1,10,2/14/8,8/8/8,accurate_mid,False
bottom_error_09_EUW1_7760148189_200,bottom_error,9,low_mid,EUW1_7760148189,200,red,16.4,0.46953916662279327,0.46955161500222103,-1.2448379427765222e-05,1.2448379427765222e-05,LeeSin,Nidalee,Galio,Kaisa,Nautilus,Irelia,RekSai,Gwen,Jinx,Bard,0.84,engage_roamer,0.9,0.95,roaming_specialist,0.95,0.4161522916633062,28879,0.5061715449920616,22623,7,7.0,0.14285714285714285,0.42857142857142855,0.7533679981091939,1.0,0.0,0.0,1,2,6,5,1,2,14,1/5/18,19/2/5,chaotic_early_game,False
bottom_error_10_EUW1_7747844563_200,bottom_error,10,low_mid,EUW1_7747844563,200,red,16.4,0.4086323630890341,0.4086183338433356,1.4029245698488069e-05,1.4029245698488069e-05,Fiora,Talon,Diana,MissFortune,Leona,Sion,Evelynn,Zaahen,Senna,Janna,0.8,engage_roamer,0.9,0.58,enchanter_roamer,0.7,0.41426731404073,12027,0.43375721336491035,14180,7,5.0,0.2857142857142857,0.2,0.5232403718459493,1.0,0.0,0.0,0,1,4,4,2,0,8,0/3/17,10/5/2,accurate_mid,False
bottom_error_11_EUW1_7728913380_200,bottom_error,11,high_mid,EUW1_7728913380,200,red,16.3,0.5217063453485824,0.5216283160510876,7.802929749478604e-05,7.802929749478604e-05,Volibear,Jayce,Vladimir,Ekko,Alistar,Riven,Zaahen,Irelia,Veigar,Karma,0.82,engage_roamer,0.9,0.42,lane_enchanter,0.7,0.44976581560309126,13953,0.3872413347731952,27136,7,7.0,0.42857142857142855,0.2857142857142857,0.635225582548339,1.0,0.0,0.0,1,3,2,1,1,2,10,1/3/3,2/1/2,accurate_mid,False
bottom_error_12_EUW1_7758367754_100,bottom_error,12,high_mid,EUW1_7758367754,100,blue,16.4,0.5016817653063851,0.5015348970987225,0.00014686820766263153,0.00014686820766263153,Yasuo,Vi,Ornn,Jhin,Elise,Aatrox,Shaco,Galio,Smolder,Braum,0.72,pick_roamer,0.55,0.48,protective_warden,0.75,0.5341652830250864,5078,0.3591134453520027,14668,7,7.0,0.2857142857142857,0.2857142857142857,0.8495199821388701,1.0,0.0,0.0,2,1,7,1,0,5,12,2/1/10,3/0/6,accurate_mid,False
bottom_error_13_EUW1_7808656114_100,bottom_error,13,high_mid,EUW1_7808656114,100,blue,16.7,0.539309966645393,0.5395855490584798,-0.00027558241308678344,0.00027558241308678344,Gangplank,Aatrox,Yone,Seraphine,Bard,Vladimir,MonkeyKing,Akali,Yasuo,Janna,0.95,roaming_specialist,0.95,0.58,enchanter_roamer,0.7,0.5061715449920616,22623,0.43375721336491035,14180,7,6.0,0.14285714285714285,0.5,1.0,1.0,0.0,0.0,1,1,2,2,1,1,10,3/5/16,6/5/13,accurate_mid,False
bottom_error_14_EUW1_7753745474_200,bottom_error,14,high_mid,EUW1_7753745474,200,red,16.4,0.5716005572174535,0.571910036897623,-0.0003094796801694777,0.0003094796801694777,Gnar,Kayn,Fizz,Caitlyn,Shaco,Zaahen,Ekko,Yone,Jhin,Bard,0.74,ambush_roamer,0.65,0.95,roaming_specialist,0.95,0.5404283634733934,1445,0.5061715449920616,22623,7,4.0,0.2857142857142857,0.75,0.4182397357243983,1.0,0.0,0.0,2,1,2,1,5,2,13,8/5/16,11/11/14,chaotic_early_game,False
bottom_error_15_EUW1_7748838971_200,bottom_error,15,high_mid,EUW1_7748838971,200,red,16.4,0.5627686557706384,0.5624565656341897,0.0003120901364487283,0.0003120901364487283,Jayce,Zed,Ryze,Seraphine,Rell,Fiora,Naafiri,Irelia,AurelionSol,Shaco,0.82,engage_roamer,0.85,0.74,ambush_roamer,0.65,0.4373914077290479,12474,0.5404283634733934,1445,7,7.0,0.14285714285714285,0.5714285714285714,1.0,1.0,0.0,0.0,1,2,3,2,1,1,11,4/8/7,4/6/4,accurate_mid,False
bottom_error_16_EUW1_7712893387_100,bottom_error,16,very_high,EUW1_7712893387,100,blue,16.2,0.6651504415271062,0.7800363615766873,-0.11488592004958109,0.11488592004958109,Jayce,Diana,Varus,Jhin,AurelionSol,Teemo,Hecarim,Yone,KogMaw,Leona,,,,0.8,engage_roamer,0.9,0.6695785772799829,136,0.41426731404073,12027,7,7.0,0.5714285714285714,0.8571428571428571,0.8045228510537532,1.0,0.0,0.0,3,1,3,0,1,1,11,6/1/15,1/3/11,accurate_high,False
bottom_error_17_EUW1_7827524842_100,bottom_error,17,very_high,EUW1_7827524842,100,blue,16.8,0.6271805007793448,0.7574631866793402,-0.13028268589999537,0.13028268589999537,Zed,Naafiri,Sylas,AurelionSol,Shaco,Irelia,Viego,Karma,Veigar,Alistar,0.74,ambush_roamer,0.65,0.82,engage_roamer,0.9,0.5404283634733934,1445,0.44976581560309126,13953,7,6.0,0.5714285714285714,0.6666666666666666,1.0,1.0,0.0,0.0,5,1,6,6,2,5,25,8/2/16,9/3/14,chaotic_early_game,False
bottom_error_18_EUW1_7736622895_100,bottom_error,18,very_high,EUW1_7736622895,100,blue,16.3,0.6136877154640713,0.7648476261889188,-0.15115991072484747,0.15115991072484747,Renekton,Ambessa,Katarina,Sivir,Bard,Aurora,Zac,Yone,Seraphine,Nautilus,0.95,roaming_specialist,0.95,0.84,engage_roamer,0.9,0.5061715449920616,22623,0.4161522916633062,28879,7,7.0,0.5714285714285714,0.7142857142857143,0.9616153538584564,1.0,0.0,0.0,2,0,7,0,0,3,11,3/3/14,4/3/8,accurate_high,False
bottom_error_19_EUW1_7772199297_100,bottom_error,19,very_high,EUW1_7772199297,100,blue,16.5,0.6069211399280625,0.7594213000296438,-0.1525001601015813,0.1525001601015813,Ambessa,Graves,Smolder,Ziggs,Bard,Garen,XinZhao,Galio,Ezreal,Karma,0.95,roaming_specialist,0.95,0.42,lane_enchanter,0.7,0.5061715449920616,22623,0.3872413347731952,27136,7,7.0,0.42857142857142855,0.8571428571428571,1.0,1.0,0.0,0.0,0,1,2,2,0,0,4,1/5/13,6/0/9,accurate_high,False
bottom_error_20_EUW1_7761485723_200,bottom_error,20,very_high,EUW1_7761485723,200,red,16.4,0.5862815630709302,0.7550131693171546,-0.1687316062462244,0.1687316062462244,Darius,Lillia,Viktor,Ezreal,Elise,Zac,Ekko,Akshan,Seraphine,Pantheon,0.72,pick_roamer,0.55,0.78,engage_roamer,0.8,0.5341652830250864,5078,0.48255392700672933,3907,4,4.0,0.5,0.75,1.0,0.6666666666666666,0.0,0.0,6,4,6,5,1,4,21,9/9/9,10/7/6,chaotic_early_game,False
