ally_utility_champion_name,n,mean_abs_error,median_abs_error,p90_abs_error,mean_signed_error,mean_prediction,mean_actual
Caitlyn,1,0.4662498576652125,0.4662498576652125,0.4662498576652125,-0.4662498576652125,0.3724210264266122,0.8386708840918247
Gangplank,1,0.3904187222439546,0.3904187222439546,0.3904187222439546,0.3904187222439546,0.3904187222439546,0.0
Samira,1,0.38914210727772963,0.38914210727772963,0.38914210727772963,-0.38914210727772963,0.35377806425713626,0.7429201715348659
Olaf,1,0.35869777237794004,0.35869777237794004,0.35869777237794004,0.35869777237794004,0.3823848781277842,0.023687105749844197
Belveth,2,0.3388151438908844,0.3388151438908844,0.42525309485749957,-0.10804743870826894,0.5013341872335213,0.6093816259417901
Yorick,1,0.24307160054687604,0.24307160054687604,0.24307160054687604,0.24307160054687604,0.3320311508858479,0.08895955033897185
Yone,1,0.23879839291003563,0.23879839291003563,0.23879839291003563,0.23879839291003563,0.3538860880731718,0.11508769516313615
Rumble,7,0.2183430354796517,0.24758051941936865,0.3435448326731702,0.0854015830591111,0.398024950058771,0.31262336699965987
Kalista,3,0.21421926725248477,0.18332350158549202,0.38109842072956684,0.19502450081490022,0.4003372746991647,0.20531277388426442
Rammus,14,0.2048380126697968,0.18357066176371067,0.3615485395712178,-0.15041144347341387,0.466432820710246,0.6168442641836599
Yasuo,2,0.2028529642897339,0.2028529642897339,0.22288849850528644,0.02504441776944069,0.342774126884909,0.3177297091154683
Zeri,1,0.20222801456944564,0.20222801456944564,0.20222801456944564,0.20222801456944564,0.41875357233943766,0.21652555776999202
Darius,2,0.1997534045812677,0.1997534045812677,0.2177851097794199,0.022539631497690255,0.5254336524512552,0.502894020953565
Vladimir,2,0.19639261403643704,0.19639261403643704,0.2676036152872561,0.19639261403643704,0.3850050420072121,0.18861242797077504
Singed,17,0.1937408881223102,0.14773990121079783,0.3714370253957177,0.0500606179768298,0.5250290996481436,0.47496848167131384
Jax,27,0.18784867111961775,0.16065256593437893,0.33135931099584226,0.022665291626466372,0.5141569220579995,0.49149163043153304
Karthus,18,0.18635606988149192,0.14867415968235645,0.33333567478169795,-0.056885675414005035,0.33079949452380303,0.38768516993780805
Gwen,2,0.1858606727270816,0.1858606727270816,0.1989103513484223,-0.1858606727270816,0.43705945677475566,0.6229201295018372
Diana,1,0.18559105804689174,0.18559105804689174,0.18559105804689174,0.18559105804689174,0.44783041400876245,0.2622393559618707
Zed,16,0.18551830048543985,0.20098201901537704,0.3367446246949352,0.023150477692685266,0.394598390310493,0.37144791261780774
Fizz,2,0.1836289009767171,0.1836289009767171,0.23336286231377845,-0.06216745167132667,0.5320353315813833,0.5942027832527099
Zac,51,0.18178614223447037,0.1621327755305833,0.3430270033367638,0.006240402564887195,0.4087680966027995,0.4025276940379124
TwistedFate,25,0.17993458205977,0.13862183561114094,0.3555126023014289,-0.05032744869510876,0.45927215666821447,0.5095996053633232
AurelionSol,27,0.1774539870860355,0.2057939429661121,0.29346910978242025,-0.07556007618281313,0.6139812252389247,0.689541301421738
Syndra,16,0.17545408033834825,0.14481772933922,0.32375874458152576,-0.015201862183014097,0.385840035535991,0.4010418977190051
MasterYi,3,0.17519749121373995,0.22599604979658358,0.2601857185793072,-0.003957932636252132,0.46104958007904884,0.465007512715301
Orianna,19,0.17317894146955343,0.1427412770868936,0.3092371910269689,-0.002964301200859481,0.32076716799601035,0.3237314691968698
Sett,7,0.17151224467643436,0.1914553168784357,0.23906016344134978,0.11681072556830988,0.38659055980986096,0.2697798342415511
Kassadin,1,0.17114187071338396,0.17114187071338396,0.17114187071338396,0.17114187071338396,0.3718217867208052,0.20067991600742122
LeeSin,22,0.16759623975093818,0.15941196840925104,0.31462076678368683,0.021648028841121998,0.45282683048422745,0.4311788016431054
Fiora,12,0.16500237436902324,0.18422632396670316,0.2601695346230772,-0.01670272036445651,0.4756974571179062,0.4924001774823627
Varus,3,0.163446610162165,0.1981601676837592,0.20833044645622648,0.163446610162165,0.3920245499839769,0.22857793982181185
Garen,2,0.16317703737095124,0.16317703737095124,0.2906344016987511,-0.16317703737095124,0.43264311612393613,0.5958201534948874
JarvanIV,60,0.16266794031669782,0.1533741057902341,0.3203101589116541,-0.010253121377105878,0.4407334178116193,0.4509865391887252
Qiyana,15,0.1623465762277753,0.11846166662149049,0.32592715187708515,0.018259424208434835,0.4495191674623537,0.43125974325391886
Kled,2,0.16199705429787464,0.16199705429787464,0.21853982666793692,0.07067846546257787,0.41265292565409395,0.3419744601915161
Shaco,232,0.16184695478736597,0.13727450428594037,0.30998452187825354,0.006878303451662898,0.536640009170234,0.5297617057185712
Twitch,16,0.16152344909249886,0.14950310430862804,0.281559035609764,-0.12081887569138576,0.5662684364063819,0.6870873120977677
Kayle,9,0.16011436844436577,0.0850749927550482,0.3043768257993901,-0.04209182752245301,0.26400976585097957,0.30610159337343257
Amumu,108,0.15897957906806257,0.12638812681600026,0.3317002286178024,-0.008061225897340965,0.41105985041372123,0.4191210763110622
Vayne,5,0.158287527285834,0.21518565358968578,0.2213684428204573,0.017110463761217054,0.44696880283969626,0.4298583390784792
Brand,184,0.1581800850475585,0.1373605360781806,0.2985661901522691,0.017444028058940107,0.38574405685380403,0.36830002879486395
Morgana,289,0.15784446488414536,0.1451132086937439,0.3165908505696799,0.02115189484307192,0.3648491574171847,0.34369726257411276
XinZhao,17,0.1572582795462456,0.15381828392353541,0.2916642192398464,0.06976451235778483,0.49841813392408246,0.42865362156629766
Ekko,34,0.15622252839868675,0.11767945561771614,0.32485000720957685,0.042675552901413685,0.47168357818614115,0.4290080252847275
MissFortune,9,0.15455709128936201,0.13929304678665996,0.24229525226943527,0.025242835902836474,0.32689653919593487,0.3016537032930984
Teemo,30,0.1539259537904962,0.13973065788321826,0.2886073904899362,0.00697325554406417,0.4084269479438324,0.4014536923997682
Pantheon,591,0.15260222543456045,0.1367742511015319,0.29993038452488696,-0.01705198205379659,0.47668445974295554,0.4937364417967521
Trundle,77,0.1525451264103349,0.14611803290230613,0.3163312260817322,-0.005823472954825413,0.4287758449606944,0.4345993179155198
Viktor,2,0.15183188216149307,0.15183188216149307,0.17426249870121913,0.15183188216149307,0.4580871777393654,0.30625529557787234
Nasus,14,0.15077452164413851,0.16768011885795386,0.23436725525380175,-0.011070182193808958,0.34159402303856534,0.35266420523237424
Vi,10,0.15000656777891166,0.1148051806579409,0.2704096709345572,0.021786947473424065,0.45112326036111483,0.42933631288769075
Akshan,6,0.14950039590217185,0.16371070673518748,0.25690053764143805,-0.14950039590217185,0.48354093775962226,0.633041333661794
Rengar,16,0.14877558396998905,0.11587394189609695,0.2974039525419636,-0.09262961385265486,0.39324498764742066,0.48587460150007555
Zilean,902,0.14839046796474076,0.1257061377232912,0.3158922108819645,-0.009150070487731593,0.3644663222611926,0.3736163927489242
Taliyah,54,0.1477532720954207,0.12085765599635928,0.3035810966144138,-0.003614080079451255,0.45119184258610856,0.4548059226655598
Lissandra,26,0.1475224635831571,0.1316080286304569,0.3083126359818293,-0.0008289393186732585,0.42843176347047673,0.42926070278915
Elise,734,0.14747578104232126,0.1283556189106165,0.2959754060273757,-0.01808113713189389,0.5235597518235381,0.5416408889554319
Sona,1608,0.14687457102424525,0.12976734616345584,0.2919953982538525,0.0023477689619033106,0.33390826478152935,0.331560495819626
Annie,62,0.14668240096502658,0.12420730534110777,0.2868339545679205,0.04527244673152397,0.3783735639195373,0.33310111718801333
Janna,2158,0.14661326921444637,0.12378970917933363,0.3020790488839852,0.009429260504094062,0.4347643622727895,0.4253351017686953
Anivia,211,0.14595528020538756,0.12003462898429423,0.3062883824218871,0.014521070354510982,0.3720052375219562,0.35748416716744524
Shen,140,0.14575639457735537,0.12660450557423408,0.2835198326702379,-0.003132612662068293,0.36133003937216307,0.3644626520342314
Renata,393,0.1457473369653388,0.13063945815095124,0.30630876121767225,-0.005660654372739487,0.34462238345863255,0.35028303783137205
Taric,699,0.1453780256835659,0.13220028394232697,0.2908924160453628,0.013649223233952526,0.32537343743000874,0.3117242141960562
Rell,1849,0.14527463124566217,0.1275728652167606,0.2945110399474387,0.004012626969883642,0.43706471594097895,0.43305208897109526
Jhin,3,0.14481726724225702,0.08647939734457089,0.25788140098749884,0.08716433567920977,0.3389733116427436,0.2518089759635338
Camille,99,0.14478980304052275,0.13629825662076162,0.2597929456971536,-0.019045702579537284,0.496354057100634,0.5153997596801714
Nami,5283,0.14411947548567317,0.12662736101731537,0.2889791291704549,0.005441763641543644,0.3472823234022342,0.34184055976069055
Galio,113,0.14404566110480826,0.13658954464734557,0.28315391911939447,-0.0007640637397863889,0.4398992484177536,0.44066331215753995
Veigar,48,0.1438542368589958,0.13504522347484932,0.26758710802395436,0.01101373793073341,0.3372254543787965,0.32621171644806307
Zoe,288,0.14369552103121228,0.13351521824861787,0.27753813213551826,-0.002335755755504704,0.4259598966218094,0.4282956523773141
Senna,1553,0.14341719654869226,0.12701387035879902,0.28785249017924186,-0.0028326937308718802,0.31166270786668804,0.31449540159755995
Ahri,15,0.14296050626744058,0.1135067666174086,0.2704471458180894,0.04284558222488661,0.39348462709232906,0.35063904486744246
Maokai,378,0.14281814940276816,0.11790383367080576,0.28974126433914765,0.0025062132576623795,0.4214583048905154,0.41895209163285296
Sejuani,10,0.14259161672013437,0.09471505013626216,0.27728086717162914,-0.08903455133955185,0.41027009436797013,0.499304645707522
Nidalee,125,0.14257362480290633,0.10761155825396707,0.3160039604325665,-0.016512856282969137,0.4531027200797937,0.46961557636276285
Hwei,81,0.14249263721004882,0.1332627167860738,0.28739098994187334,0.033410459309105245,0.3287754001550348,0.29536494084592957
Blitzcrank,1307,0.14213300251755528,0.12209328372285994,0.2913539595915755,0.0011469234564293047,0.4350679826938016,0.43392105923737234
KSante,34,0.1418390631025399,0.11626764016178986,0.26699425896106443,0.03679085854506111,0.3729289271856738,0.3361380686406127
Seraphine,1115,0.14157702217669613,0.12955772570895993,0.280671907388161,0.004608290078993896,0.3166367769323808,0.31202848685338685
Sylas,214,0.1412099054576912,0.11239257657340732,0.2947305445224886,-0.009357511657009774,0.48336912613192157,0.4927266377889313
Lulu,3367,0.14073912703229224,0.1243603179964439,0.28368367718317083,-0.0016379882425334145,0.32343849185632756,0.325076480098861
Evelynn,2,0.1407197129318457,0.1407197129318457,0.22523066857575594,-0.10563869455488778,0.455576688376332,0.5612153829312198
Quinn,7,0.14071160908717376,0.11503976401784327,0.24981562619477618,-0.0889321580610168,0.44208299356697556,0.5310151516279924
Leona,1845,0.13989383851353704,0.11910356659767196,0.28452507886912676,0.00016113721273136727,0.4163484089168473,0.41618727170411596
Nautilus,4402,0.13982539030079386,0.12248265800621316,0.2827294246542869,0.0021266371782569884,0.4171968397548676,0.41507020257661054
Alistar,2111,0.13979382028878867,0.11960902521680705,0.2845157327751185,-0.0007820169687900123,0.4504850901052055,0.45126710707399553
Ivern,55,0.13960648523498015,0.12072531093972816,0.26743240964092385,-0.010341724960611613,0.40538819100450446,0.41572991596511605
Pyke,1770,0.1395066428601086,0.12069726088617497,0.28983256262066465,-0.009948929034876902,0.4900356947697049,0.49998462380458175
Thresh,2928,0.13889852735539462,0.11927925322468386,0.28668851844715976,0.0003383664781512012,0.3787217934153432,0.378383426937192
Braum,2175,0.1386282407611603,0.12187125465322157,0.28421034166018505,-0.0026592539716742873,0.3593161341265724,0.36197538809824664
Soraka,1095,0.1384226166529514,0.12042181839968896,0.28043245680783013,0.007096275018610857,0.3244547106507544,0.31735843563214355
Neeko,1432,0.13815208999844975,0.12062521441509108,0.27271054362107,-0.004239885405792036,0.40957277182238755,0.4138126572281796
Heimerdinger,32,0.13791511322769756,0.131992713943075,0.24601585997145708,0.10474942990110407,0.33135017501529096,0.22660074511418687
Karma,4100,0.137561982522315,0.11912713437094058,0.2820162025915679,0.0018366138877256748,0.3884749355640078,0.3866383216762822
Sion,17,0.1374066889549888,0.07930680042194,0.2676434343536595,-0.08296706958731885,0.36121893162984725,0.44418600121716606
Mel,121,0.1372020854600676,0.1089607678329681,0.2918310839110168,-0.006299731558701571,0.3415452968705481,0.34784502842924964
Katarina,6,0.13696513542712982,0.12843362414826437,0.25404591116578,-0.051342719328286886,0.34734936492362145,0.39869208425190833
Lux,462,0.1369248778963779,0.1151062245770447,0.28364906638084847,0.0035888068862400596,0.35499122465502636,0.3514024177687863
FiddleSticks,223,0.1368307138014791,0.11382764173750953,0.29251080259045703,-0.014681446130296856,0.39593587359534294,0.41061731972563975
Rakan,2273,0.13679371346760386,0.11626940180874068,0.27710274428615983,0.0026701925500386145,0.4178884495904448,0.4152182570404062
Bard,3468,0.13632288480308768,0.11471379381232802,0.2825503823051416,-0.0028571573115054216,0.5036051560523459,0.5064623133638514
Smolder,3,0.13600493799624624,0.09253823483314849,0.22266675146871992,0.09581980564426125,0.36387240045456354,0.2680525948103023
Zyra,221,0.13593147212854403,0.11819147209003461,0.26757821760832184,-0.0014305507908392657,0.3064997639585288,0.30793031474936805
Milio,1171,0.13556996576279337,0.11809323696037277,0.2669069649624879,0.007094204134048001,0.2980250393927183,0.2909308352586703
Poppy,480,0.13524600187833713,0.11175310476125636,0.29309970576992384,-0.008016382899503757,0.48544746153726676,0.49346384443677055
Ezreal,15,0.13457193396408546,0.13860174459193852,0.27464848250294227,0.05106069695389972,0.36967234851286157,0.3186116515589619
Ryze,3,0.13376469071371092,0.12338154668877566,0.24430821569795141,0.13376469071371092,0.3831337843780906,0.24936909366437968
Briar,3,0.13267311430926562,0.14147363503481902,0.2161015166309178,0.02383254371069606,0.5194729948813818,0.4956404511706858
TahmKench,213,0.13223077289541077,0.1120717689319693,0.2846528299844607,0.016760441645720506,0.3665334911153503,0.3497730494696297
Nunu,4,0.13214568236074253,0.11586292896157036,0.19380979984847008,-0.01934853106181643,0.5995598159494284,0.6189083470112448
Velkoz,510,0.13139604399223057,0.11239769714465761,0.27316006900074735,0.008185810509189836,0.33436222283944195,0.32617641233025213
Swain,182,0.13109894915675688,0.11155413111727076,0.28741851866949947,0.02281447671681589,0.33260232472120804,0.3097878480043922
Gragas,51,0.1310985605169775,0.10167798888100266,0.30000890801794106,0.0076946194074054486,0.41828211134417226,0.41058749193676675
Kennen,17,0.1308487216524134,0.11645905932386025,0.2733174595984143,-0.028545219038672492,0.42282608473884914,0.45137130377752166
Ashe,72,0.13052401213767195,0.09302840422494354,0.26752676760944033,0.019487024533720754,0.34448007102104544,0.3249930464873247
Xerath,135,0.13034657218848464,0.11237081921854372,0.24990853970454224,-0.002796589184119148,0.2965302809203495,0.2993268701044686
Leblanc,130,0.12989640567947808,0.10797067354547685,0.2729812759731328,0.01939893321354653,0.5210089379072655,0.5016100046937191
RekSai,15,0.12926125241563244,0.10154905438274764,0.2921632053299311,0.09547838461210655,0.45254770062596533,0.3570693160138588
Jayce,2,0.12731834730378624,0.12731834730378624,0.15025426584717946,-0.02866989817924151,0.36502253549824093,0.3936924336774824
Chogath,12,0.1251886303592699,0.0975911751892922,0.24509547245264174,0.0288737355792368,0.4406570964314367,0.4117833608521999
Skarner,31,0.12152871355879509,0.10016993937903212,0.21989200067821285,-0.04290656598745498,0.42955340527423874,0.4724599712616937
Zaahen,6,0.11634514968829901,0.10963627186115535,0.19759619446771132,0.03253725391681315,0.3537164749124468,0.3211792209956336
Yuumi,695,0.11599287052404723,0.10454114366246707,0.1937580895034568,0.02034235793582961,0.162984498438087,0.14264214050225738
Malphite,11,0.11238676415973595,0.10667389149844209,0.23399600354352987,0.0021313569387170343,0.3023985867174292,0.3002672297787122
Kindred,4,0.11208869452716567,0.1025349294308793,0.1846815077423833,0.11208869452716567,0.36881352575588006,0.25672483122871437
Naafiri,3,0.11148706543508112,0.09966869762024388,0.19972817116283795,-0.10478742601073911,0.42472041631103047,0.5295078423217695
Riven,2,0.11014001395870772,0.11014001395870772,0.17597043512740054,0.08228802646086604,0.3740617541512169,0.2917737276903508
Tryndamere,1,0.10964002552649066,0.10964002552649066,0.10964002552649066,-0.10964002552649066,0.41568598168827775,0.5253260072147684
Cassiopeia,2,0.10694798431388662,0.10694798431388662,0.15513572059805275,0.10694798431388662,0.3924277470070765,0.28547976269318986
KogMaw,6,0.10665750732601849,0.105830908214214,0.19254645891569072,0.038618711944976326,0.2905880415047031,0.25196932955972673
Khazix,2,0.10397675022514394,0.10397675022514394,0.12466200008518082,-0.10397675022514394,0.433945570329582,0.5379223205547259
Vex,11,0.10346453960324586,0.08690551711684769,0.21159658192487635,-0.017034808963818742,0.38849126603969264,0.4055260750035114
Akali,3,0.10010936602864921,0.10535892980914424,0.1262575709748421,0.10010936602864921,0.45548714484395747,0.35537777881530824
Ornn,7,0.09855503704527435,0.08870433278645112,0.1677255858927231,0.03713762151518734,0.3293201816708681,0.2921825601556807
Aurora,4,0.09537380100889983,0.05781405252234417,0.21548006001977052,-0.0872109621228381,0.45929753442516974,0.5465084965480078
Malzahar,8,0.09440088920557739,0.10236358592042702,0.15898424968217087,-0.05408255475698169,0.34731704822229903,0.4013996029792807
Ziggs,4,0.08907156711349866,0.060929852683017316,0.16501513204789314,0.08907156711349866,0.324403297431758,0.23533173031825935
Aatrox,3,0.08862036369631156,0.09666313053679548,0.11853016198134227,-0.02417827667178124,0.4260163728178295,0.45019464948961074
Jinx,1,0.0847351716112763,0.0847351716112763,0.0847351716112763,-0.0847351716112763,0.34072850014432277,0.42546367175559907
Viego,2,0.0834826520553413,0.0834826520553413,0.13655407676521447,-0.0834826520553413,0.45458880219331954,0.5380714542486609
Ambessa,3,0.0777149240537517,0.08762617638345255,0.10736058529686404,-0.05556531855202793,0.42406033868677945,0.4796256572388074
Urgot,2,0.06792781287331462,0.06792781287331462,0.11319860248718643,-0.05658848701733976,0.3283323545522633,0.38492084156960304
Lillia,2,0.0638892269730803,0.0638892269730803,0.0860131029986887,-0.0638892269730803,0.40331653343204493,0.46720576040512524
MonkeyKing,3,0.05637650042806815,0.04149482181924408,0.08464144069298841,0.007242229846214847,0.3399719741320786,0.3327297442858637
Tristana,1,0.05485143541189341,0.05485143541189341,0.05485143541189341,-0.05485143541189341,0.4622027673362772,0.5170542027481706
DrMundo,2,0.027684850956838453,0.027684850956838453,0.039175320111573625,-0.027684850956838453,0.3698970705006894,0.3975819214575278
Mordekaiser,2,0.015095185054833454,0.015095185054833454,0.015275378510960263,0.015095185054833454,0.38538781875211425,0.37029263369728077
