champion_a_id,champion_a_name,champion_a_archetype,champion_a_mean_roam,champion_b_id,champion_b_name,champion_b_archetype,champion_b_mean_roam,cosine_distance,roam_score_abs_diff,same_support_archetype
1,Annie,mage_support,0.3818310608441963,9,Fiddlesticks,mage_support,0.3980607451488379,1.0200814008712769,0.016229684304641556,True
1,Annie,mage_support,0.3818310608441963,10,Kayle,enchanter,0.25767113160686417,1.210248351097107,0.12415992923733216,False
1,Annie,mage_support,0.3818310608441963,12,Alistar,engage_tank,0.4495254201712283,0.38273584842681885,0.067694359327032,False
1,Annie,mage_support,0.3818310608441963,16,Soraka,enchanter,0.32284842293502336,0.9933275580406189,0.058982637909172964,False
1,Annie,mage_support,0.3818310608441963,25,Morgana,catcher,0.36457351016554607,0.9594665169715881,0.017257550678650257,False
1,Annie,mage_support,0.3818310608441963,26,Zilean,enchanter,0.36186119979026254,1.062536358833313,0.01996986105393378,False
1,Annie,mage_support,0.3818310608441963,32,Amumu,engage_tank,0.4081023865030098,1.3733303546905518,0.02627132565881346,False
1,Annie,mage_support,0.3818310608441963,37,Sona,enchanter,0.3324825509513441,1.1160502433776855,0.04934850989285222,False
1,Annie,mage_support,0.3818310608441963,40,Janna,enchanter,0.4354192770043923,1.112404465675354,0.05358821616019599,False
1,Annie,mage_support,0.3818310608441963,43,Karma,enchanter,0.3878484888260769,1.0642067193984985,0.0060174279818805965,False
1,Annie,mage_support,0.3818310608441963,44,Taric,warden,0.3253806119763538,1.1829636096954346,0.056450448867842506,False
1,Annie,mage_support,0.3818310608441963,50,Swain,mage_support,0.3324987376953444,0.5138574838638306,0.04933232314885194,True
1,Annie,mage_support,0.3818310608441963,53,Blitzcrank,hook,0.4358646914593439,1.1417266130447388,0.0540336306151476,False
1,Annie,mage_support,0.3818310608441963,57,Maokai,engage_tank,0.4205701487439526,1.112769365310669,0.038739087899756275,False
1,Annie,mage_support,0.3818310608441963,63,Brand,mage_support,0.37661736275433433,1.5513055324554443,0.0052136980898619956,True
1,Annie,mage_support,0.3818310608441963,74,Heimerdinger,mage_support,0.3432014495671928,0.9948906898498535,0.03862961127700354,True
1,Annie,mage_support,0.3818310608441963,80,Pantheon,engage_tank,0.47766223340173725,0.833105206489563,0.09583117255754092,False
1,Annie,mage_support,0.3818310608441963,89,Leona,engage_tank,0.4148578072167422,0.7068556547164917,0.03302674637254588,False
1,Annie,mage_support,0.3818310608441963,99,Lux,mage_support,0.3580099708875325,1.05915105342865,0.02382108995666382,True
1,Annie,mage_support,0.3818310608441963,101,Xerath,mage_support,0.2906263646499943,1.2158052921295166,0.09120469619420202,True
1,Annie,mage_support,0.3818310608441963,111,Nautilus,engage_tank,0.41624361816366756,1.0971688032150269,0.03441255731947124,False
1,Annie,mage_support,0.3818310608441963,117,Lulu,enchanter,0.32163356043457425,1.1726256608963013,0.06019750040962207,False
1,Annie,mage_support,0.3818310608441963,143,Zyra,mage_support,0.3044209958886175,1.1920092105865479,0.07741006495557884,True
1,Annie,mage_support,0.3818310608441963,147,Seraphine,enchanter,0.31371575056098083,1.2810642719268799,0.06811531028321549,False
1,Annie,mage_support,0.3818310608441963,161,Vel'Koz,mage_support,0.3322195941856475,0.9240562915802002,0.04961146665854882,True
1,Annie,mage_support,0.3818310608441963,201,Braum,warden,0.3586068490218303,0.9629522562026978,0.023224211822366003,False
1,Annie,mage_support,0.3818310608441963,223,Tahm Kench,warden,0.361605531803826,0.9965029358863831,0.020225529040370338,False
1,Annie,mage_support,0.3818310608441963,235,Senna,enchanter,0.3065584763623527,0.652782678604126,0.0752725844818436,False
1,Annie,mage_support,0.3818310608441963,267,Nami,enchanter,0.34688656312512534,1.163442611694336,0.03494449771907099,False
1,Annie,mage_support,0.3818310608441963,350,Yuumi,enchanter,0.15100188963925057,1.281233310699463,0.23082917120494575,False
1,Annie,mage_support,0.3818310608441963,412,Thresh,hook,0.3784007194170489,0.5349014401435852,0.003430341427147432,False
1,Annie,mage_support,0.3818310608441963,427,Ivern,enchanter,0.3840753113494868,0.5656346678733826,0.0022442505052904793,False
1,Annie,mage_support,0.3818310608441963,432,Bard,roamer,0.50600255496554,0.8644394278526306,0.1241714941213437,False
1,Annie,mage_support,0.3818310608441963,497,Rakan,engage_tank,0.41947699137498845,0.7639176845550537,0.03764593053079213,False
1,Annie,mage_support,0.3818310608441963,518,Neeko,mage_support,0.40898110252189884,1.0732370615005493,0.02715004167770252,True
1,Annie,mage_support,0.3818310608441963,526,Rell,engage_tank,0.43924832137001174,0.9825422763824463,0.05741726052581542,False
1,Annie,mage_support,0.3818310608441963,555,Pyke,roamer,0.48992491705204544,0.8902857899665833,0.10809385620784911,False
1,Annie,mage_support,0.3818310608441963,888,Renata Glasc,enchanter,0.34670721811651767,1.327439546585083,0.035123842727678656,False
1,Annie,mage_support,0.3818310608441963,902,Milio,enchanter,0.2948014635986576,1.5118786096572876,0.08702959724553871,False
9,Fiddlesticks,mage_support,0.3980607451488379,10,Kayle,enchanter,0.25767113160686417,0.614825427532196,0.1403896135419737,False
9,Fiddlesticks,mage_support,0.3980607451488379,12,Alistar,engage_tank,0.4495254201712283,1.1168839931488037,0.05146467502239044,False
9,Fiddlesticks,mage_support,0.3980607451488379,16,Soraka,enchanter,0.32284842293502336,1.3436765670776367,0.07521232221381452,False
9,Fiddlesticks,mage_support,0.3980607451488379,25,Morgana,catcher,0.36457351016554607,1.2388063669204712,0.033487234983291814,False
9,Fiddlesticks,mage_support,0.3980607451488379,26,Zilean,enchanter,0.36186119979026254,1.1718589067459106,0.036199545358575336,False
9,Fiddlesticks,mage_support,0.3980607451488379,32,Amumu,engage_tank,0.4081023865030098,0.5687029957771301,0.010041641354171904,False
9,Fiddlesticks,mage_support,0.3980607451488379,37,Sona,enchanter,0.3324825509513441,1.2527258396148682,0.06557819419749378,False
9,Fiddlesticks,mage_support,0.3980607451488379,40,Janna,enchanter,0.4354192770043923,0.3662392497062683,0.03735853185555443,False
9,Fiddlesticks,mage_support,0.3980607451488379,43,Karma,enchanter,0.3878484888260769,0.9022467732429504,0.01021225632276096,False
9,Fiddlesticks,mage_support,0.3980607451488379,44,Taric,warden,0.3253806119763538,0.732908308506012,0.07268013317248406,False
9,Fiddlesticks,mage_support,0.3980607451488379,50,Swain,mage_support,0.3324987376953444,1.162599802017212,0.0655620074534935,True
9,Fiddlesticks,mage_support,0.3980607451488379,53,Blitzcrank,hook,0.4358646914593439,0.9587872624397278,0.03780394631050604,False
9,Fiddlesticks,mage_support,0.3980607451488379,57,Maokai,engage_tank,0.4205701487439526,1.0331369638442993,0.02250940359511472,False
9,Fiddlesticks,mage_support,0.3980607451488379,63,Brand,mage_support,0.37661736275433433,1.225001573562622,0.021443382394503552,True
9,Fiddlesticks,mage_support,0.3980607451488379,74,Heimerdinger,mage_support,0.3432014495671928,0.9066466689109802,0.054859295581645096,True
9,Fiddlesticks,mage_support,0.3980607451488379,80,Pantheon,engage_tank,0.47766223340173725,0.6597415208816528,0.07960148825289937,False
9,Fiddlesticks,mage_support,0.3980607451488379,89,Leona,engage_tank,0.4148578072167422,0.8943036198616028,0.016797062067904323,False
9,Fiddlesticks,mage_support,0.3980607451488379,99,Lux,mage_support,0.3580099708875325,0.6711140871047974,0.04005077426130538,True
9,Fiddlesticks,mage_support,0.3980607451488379,101,Xerath,mage_support,0.2906263646499943,1.2712974548339844,0.10743438049884357,True
9,Fiddlesticks,mage_support,0.3980607451488379,111,Nautilus,engage_tank,0.41624361816366756,1.040733814239502,0.01818287301482968,False
9,Fiddlesticks,mage_support,0.3980607451488379,117,Lulu,enchanter,0.32163356043457425,1.6111268997192383,0.07642718471426363,False
9,Fiddlesticks,mage_support,0.3980607451488379,143,Zyra,mage_support,0.3044209958886175,1.0937399864196777,0.0936397492602204,True
9,Fiddlesticks,mage_support,0.3980607451488379,147,Seraphine,enchanter,0.31371575056098083,0.8367336988449097,0.08434499458785705,False
9,Fiddlesticks,mage_support,0.3980607451488379,161,Vel'Koz,mage_support,0.3322195941856475,0.8154281973838806,0.06584115096319038,True
9,Fiddlesticks,mage_support,0.3980607451488379,201,Braum,warden,0.3586068490218303,1.4339797496795654,0.03945389612700756,False
9,Fiddlesticks,mage_support,0.3980607451488379,223,Tahm Kench,warden,0.361605531803826,0.6279155015945435,0.036455213345011894,False
9,Fiddlesticks,mage_support,0.3980607451488379,235,Senna,enchanter,0.3065584763623527,0.8769369125366211,0.09150226878648515,False
9,Fiddlesticks,mage_support,0.3980607451488379,267,Nami,enchanter,0.34688656312512534,0.9227933883666992,0.051174182023712544,False
9,Fiddlesticks,mage_support,0.3980607451488379,350,Yuumi,enchanter,0.15100188963925057,1.1298578977584839,0.2470588555095873,False
9,Fiddlesticks,mage_support,0.3980607451488379,412,Thresh,hook,0.3784007194170489,0.7781814336776733,0.019660025731788988,False
9,Fiddlesticks,mage_support,0.3980607451488379,427,Ivern,enchanter,0.3840753113494868,1.1694413423538208,0.013985433799351077,False
9,Fiddlesticks,mage_support,0.3980607451488379,432,Bard,roamer,0.50600255496554,0.6709656715393066,0.10794180981670215,False
9,Fiddlesticks,mage_support,0.3980607451488379,497,Rakan,engage_tank,0.41947699137498845,1.436704397201538,0.02141624622615057,False
9,Fiddlesticks,mage_support,0.3980607451488379,518,Neeko,mage_support,0.40898110252189884,0.7299450635910034,0.010920357373060963,True
9,Fiddlesticks,mage_support,0.3980607451488379,526,Rell,engage_tank,0.43924832137001174,0.57679283618927,0.04118757622117386,False
9,Fiddlesticks,mage_support,0.3980607451488379,555,Pyke,roamer,0.48992491705204544,1.0395307540893555,0.09186417190320756,False
9,Fiddlesticks,mage_support,0.3980607451488379,888,Renata Glasc,enchanter,0.34670721811651767,0.7986372709274292,0.05135352703232021,False
9,Fiddlesticks,mage_support,0.3980607451488379,902,Milio,enchanter,0.2948014635986576,0.5974116325378418,0.10325928155018027,False
10,Kayle,enchanter,0.25767113160686417,12,Alistar,engage_tank,0.4495254201712283,1.1670756340026855,0.19185428856436415,False
10,Kayle,enchanter,0.25767113160686417,16,Soraka,enchanter,0.32284842293502336,0.9303861260414124,0.06517729132815919,True
10,Kayle,enchanter,0.25767113160686417,25,Morgana,catcher,0.36457351016554607,1.0989655256271362,0.1069023785586819,False
10,Kayle,enchanter,0.25767113160686417,26,Zilean,enchanter,0.36186119979026254,1.1788347959518433,0.10419006818339838,True
10,Kayle,enchanter,0.25767113160686417,32,Amumu,engage_tank,0.4081023865030098,0.8510057926177979,0.15043125489614562,False
10,Kayle,enchanter,0.25767113160686417,37,Sona,enchanter,0.3324825509513441,0.9632979035377502,0.07481141934447993,True
10,Kayle,enchanter,0.25767113160686417,40,Janna,enchanter,0.4354192770043923,1.1373569965362549,0.17774814539752815,True
10,Kayle,enchanter,0.25767113160686417,43,Karma,enchanter,0.3878484888260769,0.7255070209503174,0.13017735721921275,True
10,Kayle,enchanter,0.25767113160686417,44,Taric,warden,0.3253806119763538,0.6826423406600952,0.06770948036948965,False
10,Kayle,enchanter,0.25767113160686417,50,Swain,mage_support,0.3324987376953444,1.0957491397857666,0.07482760608848021,False
10,Kayle,enchanter,0.25767113160686417,53,Blitzcrank,hook,0.4358646914593439,1.08646559715271,0.17819355985247975,False
10,Kayle,enchanter,0.25767113160686417,57,Maokai,engage_tank,0.4205701487439526,0.9820859432220459,0.16289901713708843,False
10,Kayle,enchanter,0.25767113160686417,63,Brand,mage_support,0.37661736275433433,1.1982825994491577,0.11894623114747016,False
10,Kayle,enchanter,0.25767113160686417,74,Heimerdinger,mage_support,0.3432014495671928,0.8131699562072754,0.08553031796032862,False
10,Kayle,enchanter,0.25767113160686417,80,Pantheon,engage_tank,0.47766223340173725,0.5648900270462036,0.21999110179487308,False
10,Kayle,enchanter,0.25767113160686417,89,Leona,engage_tank,0.4148578072167422,0.8989090919494629,0.15718667560987803,False
10,Kayle,enchanter,0.25767113160686417,99,Lux,mage_support,0.3580099708875325,0.9914723038673401,0.10033883928066833,False
10,Kayle,enchanter,0.25767113160686417,101,Xerath,mage_support,0.2906263646499943,1.3341989517211914,0.03295523304313014,False
10,Kayle,enchanter,0.25767113160686417,111,Nautilus,engage_tank,0.41624361816366756,1.397376298904419,0.1585724865568034,False
10,Kayle,enchanter,0.25767113160686417,117,Lulu,enchanter,0.32163356043457425,1.1864356994628906,0.06396242882771008,True
10,Kayle,enchanter,0.25767113160686417,143,Zyra,mage_support,0.3044209958886175,1.003223180770874,0.04674986428175332,False
10,Kayle,enchanter,0.25767113160686417,147,Seraphine,enchanter,0.31371575056098083,1.051499605178833,0.056044618954116665,True
10,Kayle,enchanter,0.25767113160686417,161,Vel'Koz,mage_support,0.3322195941856475,1.0131012201309204,0.07454846257878334,False
10,Kayle,enchanter,0.25767113160686417,201,Braum,warden,0.3586068490218303,0.8270611763000488,0.10093571741496615,False
10,Kayle,enchanter,0.25767113160686417,223,Tahm Kench,warden,0.361605531803826,0.7311968803405762,0.10393440019696182,False
10,Kayle,enchanter,0.25767113160686417,235,Senna,enchanter,0.3065584763623527,0.745734691619873,0.04888734475548856,True
10,Kayle,enchanter,0.25767113160686417,267,Nami,enchanter,0.34688656312512534,0.8467792272567749,0.08921543151826117,True
10,Kayle,enchanter,0.25767113160686417,350,Yuumi,enchanter,0.15100188963925057,1.1259868144989014,0.1066692419676136,True
10,Kayle,enchanter,0.25767113160686417,412,Thresh,hook,0.3784007194170489,1.1118155717849731,0.12072958781018472,False
10,Kayle,enchanter,0.25767113160686417,427,Ivern,enchanter,0.3840753113494868,0.8363375067710876,0.12640417974262264,True
10,Kayle,enchanter,0.25767113160686417,432,Bard,roamer,0.50600255496554,0.9293578267097473,0.24833142335867586,False
10,Kayle,enchanter,0.25767113160686417,497,Rakan,engage_tank,0.41947699137498845,0.9467764496803284,0.16180585976812428,False
10,Kayle,enchanter,0.25767113160686417,518,Neeko,mage_support,0.40898110252189884,1.243574857711792,0.15130997091503467,False
10,Kayle,enchanter,0.25767113160686417,526,Rell,engage_tank,0.43924832137001174,0.9084447622299194,0.18157718976314757,False
10,Kayle,enchanter,0.25767113160686417,555,Pyke,roamer,0.48992491705204544,0.7027952671051025,0.23225378544518127,False
10,Kayle,enchanter,0.25767113160686417,888,Renata Glasc,enchanter,0.34670721811651767,0.7656813859939575,0.0890360865096535,True
10,Kayle,enchanter,0.25767113160686417,902,Milio,enchanter,0.2948014635986576,0.748113214969635,0.03713033199179344,True
12,Alistar,engage_tank,0.4495254201712283,16,Soraka,enchanter,0.32284842293502336,1.2081276178359985,0.12667699723620496,False
12,Alistar,engage_tank,0.4495254201712283,25,Morgana,catcher,0.36457351016554607,1.3792461156845093,0.08495191000568225,False
12,Alistar,engage_tank,0.4495254201712283,26,Zilean,enchanter,0.36186119979026254,1.2920324802398682,0.08766422038096577,False
12,Alistar,engage_tank,0.4495254201712283,32,Amumu,engage_tank,0.4081023865030098,1.6012189388275146,0.041423033668218534,True
12,Alistar,engage_tank,0.4495254201712283,37,Sona,enchanter,0.3324825509513441,1.0710408687591553,0.11704286921988422,False
12,Alistar,engage_tank,0.4495254201712283,40,Janna,enchanter,0.4354192770043923,1.0533289909362793,0.014106143166836005,False
12,Alistar,engage_tank,0.4495254201712283,43,Karma,enchanter,0.3878484888260769,0.7494454383850098,0.0616769313451514,False
12,Alistar,engage_tank,0.4495254201712283,44,Taric,warden,0.3253806119763538,0.9436952471733093,0.1241448081948745,False
12,Alistar,engage_tank,0.4495254201712283,50,Swain,mage_support,0.3324987376953444,0.9378030300140381,0.11702668247588394,False
12,Alistar,engage_tank,0.4495254201712283,53,Blitzcrank,hook,0.4358646914593439,0.6572157144546509,0.013660728711884396,False
12,Alistar,engage_tank,0.4495254201712283,57,Maokai,engage_tank,0.4205701487439526,0.921779990196228,0.02895527142727572,True
12,Alistar,engage_tank,0.4495254201712283,63,Brand,mage_support,0.37661736275433433,1.27670156955719,0.07290805741689399,False
12,Alistar,engage_tank,0.4495254201712283,74,Heimerdinger,mage_support,0.3432014495671928,0.8462810516357422,0.10632397060403553,False
12,Alistar,engage_tank,0.4495254201712283,80,Pantheon,engage_tank,0.47766223340173725,0.7327356338500977,0.028136813230508928,True
12,Alistar,engage_tank,0.4495254201712283,89,Leona,engage_tank,0.4148578072167422,0.921191930770874,0.034667612954486116,True
12,Alistar,engage_tank,0.4495254201712283,99,Lux,mage_support,0.3580099708875325,1.3229957818984985,0.09151544928369582,False
12,Alistar,engage_tank,0.4495254201712283,101,Xerath,mage_support,0.2906263646499943,1.21969473361969,0.158899055521234,False
12,Alistar,engage_tank,0.4495254201712283,111,Nautilus,engage_tank,0.41624361816366756,0.9949532151222229,0.03328180200756076,True
12,Alistar,engage_tank,0.4495254201712283,117,Lulu,enchanter,0.32163356043457425,1.2571978569030762,0.12789185973665407,False
12,Alistar,engage_tank,0.4495254201712283,143,Zyra,mage_support,0.3044209958886175,1.0802843570709229,0.14510442428261083,False
12,Alistar,engage_tank,0.4495254201712283,147,Seraphine,enchanter,0.31371575056098083,1.5503544807434082,0.13580966961024749,False
12,Alistar,engage_tank,0.4495254201712283,161,Vel'Koz,mage_support,0.3322195941856475,0.6953607797622681,0.11730582598558081,False
12,Alistar,engage_tank,0.4495254201712283,201,Braum,warden,0.3586068490218303,0.8542492389678955,0.090918571149398,False
12,Alistar,engage_tank,0.4495254201712283,223,Tahm Kench,warden,0.361605531803826,0.901149332523346,0.08791988836740233,False
12,Alistar,engage_tank,0.4495254201712283,235,Senna,enchanter,0.3065584763623527,0.8542994856834412,0.1429669438088756,False
12,Alistar,engage_tank,0.4495254201712283,267,Nami,enchanter,0.34688656312512534,1.2735157012939453,0.10263885704610298,False
12,Alistar,engage_tank,0.4495254201712283,350,Yuumi,enchanter,0.15100188963925057,1.18086576461792,0.2985235305319778,False
12,Alistar,engage_tank,0.4495254201712283,412,Thresh,hook,0.3784007194170489,0.49997419118881226,0.07112470075417943,False
12,Alistar,engage_tank,0.4495254201712283,427,Ivern,enchanter,0.3840753113494868,1.1405911445617676,0.06545010882174152,False
12,Alistar,engage_tank,0.4495254201712283,432,Bard,roamer,0.50600255496554,1.2538020610809326,0.05647713479431171,False
12,Alistar,engage_tank,0.4495254201712283,497,Rakan,engage_tank,0.41947699137498845,0.953109622001648,0.030048428796239868,True
12,Alistar,engage_tank,0.4495254201712283,518,Neeko,mage_support,0.40898110252189884,1.0471395254135132,0.040544317649329475,False
12,Alistar,engage_tank,0.4495254201712283,526,Rell,engage_tank,0.43924832137001174,1.0761542320251465,0.010277098801216578,True
12,Alistar,engage_tank,0.4495254201712283,555,Pyke,roamer,0.48992491705204544,0.8964394927024841,0.04039949688081712,False
12,Alistar,engage_tank,0.4495254201712283,888,Renata Glasc,enchanter,0.34670721811651767,1.3021304607391357,0.10281820205471065,False
12,Alistar,engage_tank,0.4495254201712283,902,Milio,enchanter,0.2948014635986576,1.2899224758148193,0.1547239565725707,False
16,Soraka,enchanter,0.32284842293502336,25,Morgana,catcher,0.36457351016554607,1.0496046543121338,0.041725087230522706,False
16,Soraka,enchanter,0.32284842293502336,26,Zilean,enchanter,0.36186119979026254,0.9456030130386353,0.039012776855239184,True
16,Soraka,enchanter,0.32284842293502336,32,Amumu,engage_tank,0.4081023865030098,1.100619912147522,0.08525396356798642,False
16,Soraka,enchanter,0.32284842293502336,37,Sona,enchanter,0.3324825509513441,1.1486274003982544,0.009634128016320742,True
16,Soraka,enchanter,0.32284842293502336,40,Janna,enchanter,0.4354192770043923,1.1995500326156616,0.11257085406936895,True
16,Soraka,enchanter,0.32284842293502336,43,Karma,enchanter,0.3878484888260769,1.3304526805877686,0.06500006589105356,True
16,Soraka,enchanter,0.32284842293502336,44,Taric,warden,0.3253806119763538,1.2520267963409424,0.002532189041330457,False
16,Soraka,enchanter,0.32284842293502336,50,Swain,mage_support,0.3324987376953444,0.8910608887672424,0.009650314760321022,False
16,Soraka,enchanter,0.32284842293502336,53,Blitzcrank,hook,0.4358646914593439,1.181079626083374,0.11301626852432056,False
16,Soraka,enchanter,0.32284842293502336,57,Maokai,engage_tank,0.4205701487439526,1.0845097303390503,0.09772172580892924,False
16,Soraka,enchanter,0.32284842293502336,63,Brand,mage_support,0.37661736275433433,1.07008957862854,0.05376893981931097,False
16,Soraka,enchanter,0.32284842293502336,74,Heimerdinger,mage_support,0.3432014495671928,1.0572137832641602,0.020353026632169424,False
16,Soraka,enchanter,0.32284842293502336,80,Pantheon,engage_tank,0.47766223340173725,1.2687668800354004,0.15481381046671389,False
16,Soraka,enchanter,0.32284842293502336,89,Leona,engage_tank,0.4148578072167422,1.0328785181045532,0.09200938428171884,False
16,Soraka,enchanter,0.32284842293502336,99,Lux,mage_support,0.3580099708875325,0.8401108980178833,0.03516154795250914,False
16,Soraka,enchanter,0.32284842293502336,101,Xerath,mage_support,0.2906263646499943,0.6712378263473511,0.032222058285029054,False
16,Soraka,enchanter,0.32284842293502336,111,Nautilus,engage_tank,0.41624361816366756,1.3813121318817139,0.0933951952286442,False
16,Soraka,enchanter,0.32284842293502336,117,Lulu,enchanter,0.32163356043457425,0.840567946434021,0.0012148625004491098,True
16,Soraka,enchanter,0.32284842293502336,143,Zyra,mage_support,0.3044209958886175,1.064678430557251,0.018427427046405875,False
16,Soraka,enchanter,0.32284842293502336,147,Seraphine,enchanter,0.31371575056098083,1.063265323638916,0.009132672374042528,True
16,Soraka,enchanter,0.32284842293502336,161,Vel'Koz,mage_support,0.3322195941856475,1.3884918689727783,0.009371171250624144,False
16,Soraka,enchanter,0.32284842293502336,201,Braum,warden,0.3586068490218303,0.805664598941803,0.03575842608680696,False
16,Soraka,enchanter,0.32284842293502336,223,Tahm Kench,warden,0.361605531803826,0.6445784568786621,0.038757108868802626,False
16,Soraka,enchanter,0.32284842293502336,235,Senna,enchanter,0.3065584763623527,0.871069610118866,0.016289946572670633,True
16,Soraka,enchanter,0.32284842293502336,267,Nami,enchanter,0.34688656312512534,1.2463710308074951,0.024038140190101975,True
16,Soraka,enchanter,0.32284842293502336,350,Yuumi,enchanter,0.15100188963925057,0.7318426370620728,0.1718465332957728,True
16,Soraka,enchanter,0.32284842293502336,412,Thresh,hook,0.3784007194170489,1.1700695753097534,0.05555229648202553,False
16,Soraka,enchanter,0.32284842293502336,427,Ivern,enchanter,0.3840753113494868,0.8344402313232422,0.06122688841446344,True
16,Soraka,enchanter,0.32284842293502336,432,Bard,roamer,0.50600255496554,0.8782979249954224,0.18315413203051667,False
16,Soraka,enchanter,0.32284842293502336,497,Rakan,engage_tank,0.41947699137498845,0.8713629245758057,0.09662856843996509,False
16,Soraka,enchanter,0.32284842293502336,518,Neeko,mage_support,0.40898110252189884,1.1432472467422485,0.08613267958687548,False
16,Soraka,enchanter,0.32284842293502336,526,Rell,engage_tank,0.43924832137001174,1.49881112575531,0.11639989843498838,False
16,Soraka,enchanter,0.32284842293502336,555,Pyke,roamer,0.48992491705204544,1.092018961906433,0.16707649411702208,False
16,Soraka,enchanter,0.32284842293502336,888,Renata Glasc,enchanter,0.34670721811651767,1.0048730373382568,0.023858795181494308,True
16,Soraka,enchanter,0.32284842293502336,902,Milio,enchanter,0.2948014635986576,0.9484806060791016,0.02804695933636575,True
25,Morgana,catcher,0.36457351016554607,26,Zilean,enchanter,0.36186119979026254,0.5203796029090881,0.002712310375283522,False
25,Morgana,catcher,0.36457351016554607,32,Amumu,engage_tank,0.4081023865030098,0.8319668769836426,0.04352887633746372,False
25,Morgana,catcher,0.36457351016554607,37,Sona,enchanter,0.3324825509513441,0.7594670057296753,0.032090959214201964,False
25,Morgana,catcher,0.36457351016554607,40,Janna,enchanter,0.4354192770043923,1.1016874313354492,0.07084576683884625,False
25,Morgana,catcher,0.36457351016554607,43,Karma,enchanter,0.3878484888260769,1.2489237785339355,0.023274978660530854,False
25,Morgana,catcher,0.36457351016554607,44,Taric,warden,0.3253806119763538,1.405233383178711,0.03919289818919225,False
25,Morgana,catcher,0.36457351016554607,50,Swain,mage_support,0.3324987376953444,0.5939444303512573,0.032074772470201685,False
25,Morgana,catcher,0.36457351016554607,53,Blitzcrank,hook,0.4358646914593439,1.3020825386047363,0.07129118129379786,False
25,Morgana,catcher,0.36457351016554607,57,Maokai,engage_tank,0.4205701487439526,0.8950873613357544,0.05599663857840653,False
25,Morgana,catcher,0.36457351016554607,63,Brand,mage_support,0.37661736275433433,0.8509138226509094,0.012043852588788262,False
25,Morgana,catcher,0.36457351016554607,74,Heimerdinger,mage_support,0.3432014495671928,1.1284220218658447,0.021372060598353282,False
25,Morgana,catcher,0.36457351016554607,80,Pantheon,engage_tank,0.47766223340173725,1.284995198249817,0.11308872323619118,False
25,Morgana,catcher,0.36457351016554607,89,Leona,engage_tank,0.4148578072167422,0.8785969018936157,0.050284297051196136,False
25,Morgana,catcher,0.36457351016554607,99,Lux,mage_support,0.3580099708875325,0.592566967010498,0.006563539278013564,False
25,Morgana,catcher,0.36457351016554607,101,Xerath,mage_support,0.2906263646499943,1.2554233074188232,0.07394714551555176,False
25,Morgana,catcher,0.36457351016554607,111,Nautilus,engage_tank,0.41624361816366756,0.5025214552879333,0.051670107998121495,False
25,Morgana,catcher,0.36457351016554607,117,Lulu,enchanter,0.32163356043457425,0.474029004573822,0.042939949730971816,False
25,Morgana,catcher,0.36457351016554607,143,Zyra,mage_support,0.3044209958886175,0.8901587128639221,0.06015251427692858,False
25,Morgana,catcher,0.36457351016554607,147,Seraphine,enchanter,0.31371575056098083,0.8732706308364868,0.050857759604565234,False
25,Morgana,catcher,0.36457351016554607,161,Vel'Koz,mage_support,0.3322195941856475,1.1515476703643799,0.03235391597989856,False
25,Morgana,catcher,0.36457351016554607,201,Braum,warden,0.3586068490218303,0.7443290948867798,0.005966661143715746,False
25,Morgana,catcher,0.36457351016554607,223,Tahm Kench,warden,0.361605531803826,1.3276698589324951,0.0029679783617200806,False
25,Morgana,catcher,0.36457351016554607,235,Senna,enchanter,0.3065584763623527,1.2098584175109863,0.05801503380319334,False
25,Morgana,catcher,0.36457351016554607,267,Nami,enchanter,0.34688656312512534,0.8527395725250244,0.01768694704042073,False
25,Morgana,catcher,0.36457351016554607,350,Yuumi,enchanter,0.15100188963925057,1.1002577543258667,0.2135716205262955,False
25,Morgana,catcher,0.36457351016554607,412,Thresh,hook,0.3784007194170489,1.146330714225769,0.013827209251502826,False
25,Morgana,catcher,0.36457351016554607,427,Ivern,enchanter,0.3840753113494868,0.41551196575164795,0.019501801183940737,False
25,Morgana,catcher,0.36457351016554607,432,Bard,roamer,0.50600255496554,1.1155694723129272,0.14142904479999396,False
25,Morgana,catcher,0.36457351016554607,497,Rakan,engage_tank,0.41947699137498845,0.25857311487197876,0.054903481209442384,False
25,Morgana,catcher,0.36457351016554607,518,Neeko,mage_support,0.40898110252189884,0.9629022479057312,0.044407592356352776,False
25,Morgana,catcher,0.36457351016554607,526,Rell,engage_tank,0.43924832137001174,0.662996768951416,0.07467481120446567,False
25,Morgana,catcher,0.36457351016554607,555,Pyke,roamer,0.48992491705204544,0.8127018809318542,0.12535140688649937,False
25,Morgana,catcher,0.36457351016554607,888,Renata Glasc,enchanter,0.34670721811651767,1.1197152137756348,0.0178662920490284,False
25,Morgana,catcher,0.36457351016554607,902,Milio,enchanter,0.2948014635986576,1.3444650173187256,0.06977204656688846,False
26,Zilean,enchanter,0.36186119979026254,32,Amumu,engage_tank,0.4081023865030098,1.0582494735717773,0.04624118671274724,False
26,Zilean,enchanter,0.36186119979026254,37,Sona,enchanter,0.3324825509513441,0.7418431639671326,0.029378648838918442,True
26,Zilean,enchanter,0.36186119979026254,40,Janna,enchanter,0.4354192770043923,1.2076938152313232,0.07355807721412977,True
26,Zilean,enchanter,0.36186119979026254,43,Karma,enchanter,0.3878484888260769,1.273862600326538,0.025987289035814376,True
26,Zilean,enchanter,0.36186119979026254,44,Taric,warden,0.3253806119763538,0.9817436337471008,0.03648058781390873,False
26,Zilean,enchanter,0.36186119979026254,50,Swain,mage_support,0.3324987376953444,0.9097411036491394,0.029362462094918163,False
26,Zilean,enchanter,0.36186119979026254,53,Blitzcrank,hook,0.4358646914593439,1.1766209602355957,0.07400349166908138,False
26,Zilean,enchanter,0.36186119979026254,57,Maokai,engage_tank,0.4205701487439526,0.6903336048126221,0.058708948953690054,False
26,Zilean,enchanter,0.36186119979026254,63,Brand,mage_support,0.37661736275433433,0.5777831077575684,0.014756162964071784,False
26,Zilean,enchanter,0.36186119979026254,74,Heimerdinger,mage_support,0.3432014495671928,0.8414304256439209,0.01865975022306976,False
26,Zilean,enchanter,0.36186119979026254,80,Pantheon,engage_tank,0.47766223340173725,1.3102340698242188,0.1158010336114747,False
26,Zilean,enchanter,0.36186119979026254,89,Leona,engage_tank,0.4148578072167422,1.1208544969558716,0.05299660742647966,False
26,Zilean,enchanter,0.36186119979026254,99,Lux,mage_support,0.3580099708875325,0.6326581239700317,0.0038512289027300417,False
26,Zilean,enchanter,0.36186119979026254,101,Xerath,mage_support,0.2906263646499943,0.5914109945297241,0.07123483514026824,False
26,Zilean,enchanter,0.36186119979026254,111,Nautilus,engage_tank,0.41624361816366756,0.5606926083564758,0.05438241837340502,False
26,Zilean,enchanter,0.36186119979026254,117,Lulu,enchanter,0.32163356043457425,0.7931965589523315,0.040227639355688294,True
26,Zilean,enchanter,0.36186119979026254,143,Zyra,mage_support,0.3044209958886175,1.0751019716262817,0.05744020390164506,False
26,Zilean,enchanter,0.36186119979026254,147,Seraphine,enchanter,0.31371575056098083,0.8176872730255127,0.04814544922928171,True
26,Zilean,enchanter,0.36186119979026254,161,Vel'Koz,mage_support,0.3322195941856475,0.854139506816864,0.02964160560461504,False
26,Zilean,enchanter,0.36186119979026254,201,Braum,warden,0.3586068490218303,1.3585454225540161,0.0032543507684322237,False
26,Zilean,enchanter,0.36186119979026254,223,Tahm Kench,warden,0.361605531803826,1.5300581455230713,0.0002556679864365585,False
26,Zilean,enchanter,0.36186119979026254,235,Senna,enchanter,0.3065584763623527,1.232336163520813,0.05530272342790982,True
26,Zilean,enchanter,0.36186119979026254,267,Nami,enchanter,0.34688656312512534,0.7530654072761536,0.014974636665137209,True
26,Zilean,enchanter,0.36186119979026254,350,Yuumi,enchanter,0.15100188963925057,0.781135082244873,0.21085931015101197,True
26,Zilean,enchanter,0.36186119979026254,412,Thresh,hook,0.3784007194170489,0.9582430720329285,0.016539519626786348,False
26,Zilean,enchanter,0.36186119979026254,427,Ivern,enchanter,0.3840753113494868,0.8864761590957642,0.02221411155922426,True
26,Zilean,enchanter,0.36186119979026254,432,Bard,roamer,0.50600255496554,1.6315704584121704,0.14414135517527749,False
26,Zilean,enchanter,0.36186119979026254,497,Rakan,engage_tank,0.41947699137498845,0.5898560285568237,0.057615791584725906,False
26,Zilean,enchanter,0.36186119979026254,518,Neeko,mage_support,0.40898110252189884,0.8650467395782471,0.0471199027316363,False
26,Zilean,enchanter,0.36186119979026254,526,Rell,engage_tank,0.43924832137001174,1.019971251487732,0.0773871215797492,False
26,Zilean,enchanter,0.36186119979026254,555,Pyke,roamer,0.48992491705204544,0.5838499069213867,0.1280637172617829,False
26,Zilean,enchanter,0.36186119979026254,888,Renata Glasc,enchanter,0.34670721811651767,1.3469878435134888,0.015153981673744876,True
26,Zilean,enchanter,0.36186119979026254,902,Milio,enchanter,0.2948014635986576,1.2112871408462524,0.06705973619160494,True
32,Amumu,engage_tank,0.4081023865030098,37,Sona,enchanter,0.3324825509513441,1.433944582939148,0.07561983555166568,False
32,Amumu,engage_tank,0.4081023865030098,40,Janna,enchanter,0.4354192770043923,0.8584785461425781,0.02731689050138253,False
32,Amumu,engage_tank,0.4081023865030098,43,Karma,enchanter,0.3878484888260769,0.9673879742622375,0.020253897676932864,False
32,Amumu,engage_tank,0.4081023865030098,44,Taric,warden,0.3253806119763538,1.1439869403839111,0.08272177452665597,False
32,Amumu,engage_tank,0.4081023865030098,50,Swain,mage_support,0.3324987376953444,1.0550490617752075,0.0756036488076654,False
32,Amumu,engage_tank,0.4081023865030098,53,Blitzcrank,hook,0.4358646914593439,1.347590446472168,0.02776230495633414,False
32,Amumu,engage_tank,0.4081023865030098,57,Maokai,engage_tank,0.4205701487439526,1.119269847869873,0.012467762240942815,True
32,Amumu,engage_tank,0.4081023865030098,63,Brand,mage_support,0.37661736275433433,0.8838885426521301,0.031485023748675456,False
32,Amumu,engage_tank,0.4081023865030098,74,Heimerdinger,mage_support,0.3432014495671928,1.2398693561553955,0.064900936935817,False
32,Amumu,engage_tank,0.4081023865030098,80,Pantheon,engage_tank,0.47766223340173725,0.988574206829071,0.06955984689872746,True
32,Amumu,engage_tank,0.4081023865030098,89,Leona,engage_tank,0.4148578072167422,1.160293459892273,0.0067554207137324185,True
32,Amumu,engage_tank,0.4081023865030098,99,Lux,mage_support,0.3580099708875325,0.9114450216293335,0.05009241561547728,False
32,Amumu,engage_tank,0.4081023865030098,101,Xerath,mage_support,0.2906263646499943,1.2138396501541138,0.11747602185301548,False
32,Amumu,engage_tank,0.4081023865030098,111,Nautilus,engage_tank,0.41624361816366756,0.8412083983421326,0.008141231660657777,True
32,Amumu,engage_tank,0.4081023865030098,117,Lulu,enchanter,0.32163356043457425,1.1350176334381104,0.08646882606843553,False
32,Amumu,engage_tank,0.4081023865030098,143,Zyra,mage_support,0.3044209958886175,0.946222722530365,0.1036813906143923,False
32,Amumu,engage_tank,0.4081023865030098,147,Seraphine,enchanter,0.31371575056098083,0.5404399633407593,0.09438663594202895,False
32,Amumu,engage_tank,0.4081023865030098,161,Vel'Koz,mage_support,0.3322195941856475,1.061478614807129,0.07588279231736228,False
32,Amumu,engage_tank,0.4081023865030098,201,Braum,warden,0.3586068490218303,1.3834372758865356,0.049495537481179464,False
32,Amumu,engage_tank,0.4081023865030098,223,Tahm Kench,warden,0.361605531803826,0.8947038650512695,0.0464968546991838,False
32,Amumu,engage_tank,0.4081023865030098,235,Senna,enchanter,0.3065584763623527,1.1876206398010254,0.10154391014065706,False
32,Amumu,engage_tank,0.4081023865030098,267,Nami,enchanter,0.34688656312512534,0.6872498393058777,0.06121582337788445,False
32,Amumu,engage_tank,0.4081023865030098,350,Yuumi,enchanter,0.15100188963925057,1.2104411125183105,0.25710049686375924,False
32,Amumu,engage_tank,0.4081023865030098,412,Thresh,hook,0.3784007194170489,1.0187568664550781,0.029701667085960892,False
32,Amumu,engage_tank,0.4081023865030098,427,Ivern,enchanter,0.3840753113494868,0.9253933429718018,0.02402707515352298,False
32,Amumu,engage_tank,0.4081023865030098,432,Bard,roamer,0.50600255496554,0.5518444776535034,0.09790016846253025,False
32,Amumu,engage_tank,0.4081023865030098,497,Rakan,engage_tank,0.41947699137498845,1.1836642026901245,0.011374604871978666,True
32,Amumu,engage_tank,0.4081023865030098,518,Neeko,mage_support,0.40898110252189884,0.6337389349937439,0.0008787160188890586,False
32,Amumu,engage_tank,0.4081023865030098,526,Rell,engage_tank,0.43924832137001174,0.6267150640487671,0.031145934867001956,True
32,Amumu,engage_tank,0.4081023865030098,555,Pyke,roamer,0.48992491705204544,1.096128225326538,0.08182253054903565,False
32,Amumu,engage_tank,0.4081023865030098,888,Renata Glasc,enchanter,0.34670721811651767,0.93779057264328,0.061395168386492116,False
32,Amumu,engage_tank,0.4081023865030098,902,Milio,enchanter,0.2948014635986576,0.5975055694580078,0.11330092290435217,False
37,Sona,enchanter,0.3324825509513441,40,Janna,enchanter,0.4354192770043923,1.244281530380249,0.10293672605304821,True
37,Sona,enchanter,0.3324825509513441,43,Karma,enchanter,0.3878484888260769,1.0590085983276367,0.05536593787473282,True
37,Sona,enchanter,0.3324825509513441,44,Taric,warden,0.3253806119763538,0.60086590051651,0.007101938974990285,False
37,Sona,enchanter,0.3324825509513441,50,Swain,mage_support,0.3324987376953444,1.321590542793274,1.6186744000279418e-05,False
37,Sona,enchanter,0.3324825509513441,53,Blitzcrank,hook,0.4358646914593439,1.2175931930541992,0.10338214050799982,False
37,Sona,enchanter,0.3324825509513441,57,Maokai,engage_tank,0.4205701487439526,0.7258541584014893,0.0880875977926085,False
37,Sona,enchanter,0.3324825509513441,63,Brand,mage_support,0.37661736275433433,0.7137671709060669,0.044134811802990226,False
37,Sona,enchanter,0.3324825509513441,74,Heimerdinger,mage_support,0.3432014495671928,0.6291090846061707,0.010718898615848682,False
37,Sona,enchanter,0.3324825509513441,80,Pantheon,engage_tank,0.47766223340173725,1.3596688508987427,0.14517968245039314,False
37,Sona,enchanter,0.3324825509513441,89,Leona,engage_tank,0.4148578072167422,0.7357632517814636,0.0823752562653981,False
37,Sona,enchanter,0.3324825509513441,99,Lux,mage_support,0.3580099708875325,0.9322227835655212,0.0255274199361884,False
37,Sona,enchanter,0.3324825509513441,101,Xerath,mage_support,0.2906263646499943,0.714031457901001,0.041856186301349796,False
37,Sona,enchanter,0.3324825509513441,111,Nautilus,engage_tank,0.41624361816366756,1.09686279296875,0.08376106721232346,False
37,Sona,enchanter,0.3324825509513441,117,Lulu,enchanter,0.32163356043457425,0.4688987135887146,0.010848990516769852,True
37,Sona,enchanter,0.3324825509513441,143,Zyra,mage_support,0.3044209958886175,0.960395336151123,0.028061555062726617,False
37,Sona,enchanter,0.3324825509513441,147,Seraphine,enchanter,0.31371575056098083,1.0344523191452026,0.01876680039036327,True
37,Sona,enchanter,0.3324825509513441,161,Vel'Koz,mage_support,0.3322195941856475,0.802043616771698,0.0002629567656965981,False
37,Sona,enchanter,0.3324825509513441,201,Braum,warden,0.3586068490218303,0.6591991186141968,0.026124298070486218,False
37,Sona,enchanter,0.3324825509513441,223,Tahm Kench,warden,0.361605531803826,1.4813518524169922,0.029122980852481883,False
37,Sona,enchanter,0.3324825509513441,235,Senna,enchanter,0.3065584763623527,0.8781524300575256,0.025924074588991375,True
37,Sona,enchanter,0.3324825509513441,267,Nami,enchanter,0.34688656312512534,0.9657973051071167,0.014404012173781233,True
37,Sona,enchanter,0.3324825509513441,350,Yuumi,enchanter,0.15100188963925057,0.7454214692115784,0.18148066131209353,True
37,Sona,enchanter,0.3324825509513441,412,Thresh,hook,0.3784007194170489,1.0964024066925049,0.04591816846570479,False
37,Sona,enchanter,0.3324825509513441,427,Ivern,enchanter,0.3840753113494868,1.1417869329452515,0.0515927603981427,True
37,Sona,enchanter,0.3324825509513441,432,Bard,roamer,0.50600255496554,1.51582932472229,0.17352000401419593,False
37,Sona,enchanter,0.3324825509513441,497,Rakan,engage_tank,0.41947699137498845,0.8613319396972656,0.08699444042364435,False
37,Sona,enchanter,0.3324825509513441,518,Neeko,mage_support,0.40898110252189884,1.3387389183044434,0.07649855157055474,False
37,Sona,enchanter,0.3324825509513441,526,Rell,engage_tank,0.43924832137001174,1.0953923463821411,0.10676577041866764,False
37,Sona,enchanter,0.3324825509513441,555,Pyke,roamer,0.48992491705204544,0.9695516228675842,0.15744236610070134,False
37,Sona,enchanter,0.3324825509513441,888,Renata Glasc,enchanter,0.34670721811651767,1.0182723999023438,0.014224667165173566,True
37,Sona,enchanter,0.3324825509513441,902,Milio,enchanter,0.2948014635986576,0.9877042770385742,0.03768108735268649,True
40,Janna,enchanter,0.4354192770043923,43,Karma,enchanter,0.3878484888260769,1.1318418979644775,0.04757078817831539,True
40,Janna,enchanter,0.4354192770043923,44,Taric,warden,0.3253806119763538,1.1500450372695923,0.1100386650280385,False
40,Janna,enchanter,0.4354192770043923,50,Swain,mage_support,0.3324987376953444,1.1173027753829956,0.10292053930904793,False
40,Janna,enchanter,0.4354192770043923,53,Blitzcrank,hook,0.4358646914593439,0.5695769786834717,0.00044541445495160925,False
40,Janna,enchanter,0.4354192770043923,57,Maokai,engage_tank,0.4205701487439526,1.1117817163467407,0.014849128260439715,False
40,Janna,enchanter,0.4354192770043923,63,Brand,mage_support,0.37661736275433433,1.0356824398040771,0.058801914250057985,False
40,Janna,enchanter,0.4354192770043923,74,Heimerdinger,mage_support,0.3432014495671928,0.9242945909500122,0.09221782743719953,False
40,Janna,enchanter,0.4354192770043923,80,Pantheon,engage_tank,0.47766223340173725,0.8340664505958557,0.04224295639734493,False
40,Janna,enchanter,0.4354192770043923,89,Leona,engage_tank,0.4148578072167422,1.100949764251709,0.02056146978765011,False
40,Janna,enchanter,0.4354192770043923,99,Lux,mage_support,0.3580099708875325,0.6195608377456665,0.07740930611685981,False
40,Janna,enchanter,0.4354192770043923,101,Xerath,mage_support,0.2906263646499943,1.162147879600525,0.144792912354398,False
40,Janna,enchanter,0.4354192770043923,111,Nautilus,engage_tank,0.41624361816366756,0.8576711416244507,0.019175658840724752,False
40,Janna,enchanter,0.4354192770043923,117,Lulu,enchanter,0.32163356043457425,1.295862078666687,0.11378571656981806,True
40,Janna,enchanter,0.4354192770043923,143,Zyra,mage_support,0.3044209958886175,1.0139843225479126,0.13099828111577483,False
40,Janna,enchanter,0.4354192770043923,147,Seraphine,enchanter,0.31371575056098083,0.8453915119171143,0.12170352644341148,True
40,Janna,enchanter,0.4354192770043923,161,Vel'Koz,mage_support,0.3322195941856475,1.1228389739990234,0.10319968281874481,False
40,Janna,enchanter,0.4354192770043923,201,Braum,warden,0.3586068490218303,1.135028600692749,0.07681242798256199,False
40,Janna,enchanter,0.4354192770043923,223,Tahm Kench,warden,0.361605531803826,0.5441402792930603,0.07381374520056633,False
40,Janna,enchanter,0.4354192770043923,235,Senna,enchanter,0.3065584763623527,1.1997259855270386,0.12886080064203959,True
40,Janna,enchanter,0.4354192770043923,267,Nami,enchanter,0.34688656312512534,1.3317620754241943,0.08853271387926698,True
40,Janna,enchanter,0.4354192770043923,350,Yuumi,enchanter,0.15100188963925057,0.8736091256141663,0.28441738736514177,True
40,Janna,enchanter,0.4354192770043923,412,Thresh,hook,0.3784007194170489,0.9330697059631348,0.05701855758734342,False
40,Janna,enchanter,0.4354192770043923,427,Ivern,enchanter,0.3840753113494868,1.2945411205291748,0.05134396565490551,True
40,Janna,enchanter,0.4354192770043923,432,Bard,roamer,0.50600255496554,0.7168704271316528,0.07058327796114772,False
40,Janna,enchanter,0.4354192770043923,497,Rakan,engage_tank,0.41947699137498845,1.30283784866333,0.015942285629403863,False
40,Janna,enchanter,0.4354192770043923,518,Neeko,mage_support,0.40898110252189884,0.6706714630126953,0.02643817448249347,False
40,Janna,enchanter,0.4354192770043923,526,Rell,engage_tank,0.43924832137001174,0.6851993799209595,0.0038290443656194273,False
40,Janna,enchanter,0.4354192770043923,555,Pyke,roamer,0.48992491705204544,1.309535264968872,0.054505640047653126,False
40,Janna,enchanter,0.4354192770043923,888,Renata Glasc,enchanter,0.34670721811651767,0.8026840090751648,0.08871205888787465,True
40,Janna,enchanter,0.4354192770043923,902,Milio,enchanter,0.2948014635986576,0.83561772108078,0.1406178134057347,True
43,Karma,enchanter,0.3878484888260769,44,Taric,warden,0.3253806119763538,0.6434860229492188,0.0624678768497231,False
43,Karma,enchanter,0.3878484888260769,50,Swain,mage_support,0.3324987376953444,1.1239391565322876,0.05534975113073254,False
43,Karma,enchanter,0.3878484888260769,53,Blitzcrank,hook,0.4358646914593439,0.630058765411377,0.048016202633267,False
43,Karma,enchanter,0.3878484888260769,57,Maokai,engage_tank,0.4205701487439526,0.6917133331298828,0.03272165991787568,False
43,Karma,enchanter,0.3878484888260769,63,Brand,mage_support,0.37661736275433433,0.7993819117546082,0.011231126071742592,False
43,Karma,enchanter,0.3878484888260769,74,Heimerdinger,mage_support,0.3432014495671928,1.317858338356018,0.044647039258884136,False
43,Karma,enchanter,0.3878484888260769,80,Pantheon,engage_tank,0.47766223340173725,0.9512143731117249,0.08981374457566033,False
43,Karma,enchanter,0.3878484888260769,89,Leona,engage_tank,0.4148578072167422,0.8587985634803772,0.027009318390665282,False
43,Karma,enchanter,0.3878484888260769,99,Lux,mage_support,0.3580099708875325,1.4930468797683716,0.029838517938544418,False
43,Karma,enchanter,0.3878484888260769,101,Xerath,mage_support,0.2906263646499943,1.076045036315918,0.09722212417608261,False
43,Karma,enchanter,0.3878484888260769,111,Nautilus,engage_tank,0.41624361816366756,0.8959192037582397,0.02839512933759064,False
43,Karma,enchanter,0.3878484888260769,117,Lulu,enchanter,0.32163356043457425,1.3831688165664673,0.06621492839150267,True
43,Karma,enchanter,0.3878484888260769,143,Zyra,mage_support,0.3044209958886175,0.8835434317588806,0.08342749293745944,False
43,Karma,enchanter,0.3878484888260769,147,Seraphine,enchanter,0.31371575056098083,1.3470513820648193,0.07413273826509609,True
43,Karma,enchanter,0.3878484888260769,161,Vel'Koz,mage_support,0.3322195941856475,0.7340467572212219,0.055628894640429416,False
43,Karma,enchanter,0.3878484888260769,201,Braum,warden,0.3586068490218303,0.892706036567688,0.0292416398042466,False
43,Karma,enchanter,0.3878484888260769,223,Tahm Kench,warden,0.361605531803826,0.9099847674369812,0.026242957022250935,False
43,Karma,enchanter,0.3878484888260769,235,Senna,enchanter,0.3065584763623527,1.4130077362060547,0.08129001246372419,True
43,Karma,enchanter,0.3878484888260769,267,Nami,enchanter,0.34688656312512534,1.082774043083191,0.040961925700951585,True
43,Karma,enchanter,0.3878484888260769,350,Yuumi,enchanter,0.15100188963925057,1.383357286453247,0.23684659918682635,True
43,Karma,enchanter,0.3878484888260769,412,Thresh,hook,0.3784007194170489,1.0821433067321777,0.009447769409028028,False
43,Karma,enchanter,0.3878484888260769,427,Ivern,enchanter,0.3840753113494868,1.268926978111267,0.003773177476590117,True
43,Karma,enchanter,0.3878484888260769,432,Bard,roamer,0.50600255496554,0.9802175760269165,0.11815406613946311,False
43,Karma,enchanter,0.3878484888260769,497,Rakan,engage_tank,0.41947699137498845,0.9865384697914124,0.03162850254891153,False
43,Karma,enchanter,0.3878484888260769,518,Neeko,mage_support,0.40898110252189884,0.6829843521118164,0.021132613695821922,False
43,Karma,enchanter,0.3878484888260769,526,Rell,engage_tank,0.43924832137001174,0.6956738233566284,0.05139983254393482,False
43,Karma,enchanter,0.3878484888260769,555,Pyke,roamer,0.48992491705204544,0.6524493098258972,0.10207642822596852,False
43,Karma,enchanter,0.3878484888260769,888,Renata Glasc,enchanter,0.34670721811651767,0.9117313623428345,0.04114127070955925,True
43,Karma,enchanter,0.3878484888260769,902,Milio,enchanter,0.2948014635986576,1.0165663957595825,0.09304702522741931,True
44,Taric,warden,0.3253806119763538,50,Swain,mage_support,0.3324987376953444,1.3819752931594849,0.0071181257189905645,False
44,Taric,warden,0.3253806119763538,53,Blitzcrank,hook,0.4358646914593439,1.0812702178955078,0.1104840794829901,False
44,Taric,warden,0.3253806119763538,57,Maokai,engage_tank,0.4205701487439526,0.48011815547943115,0.09518953676759878,False
44,Taric,warden,0.3253806119763538,63,Brand,mage_support,0.37661736275433433,0.8904848694801331,0.05123675077798051,False
44,Taric,warden,0.3253806119763538,74,Heimerdinger,mage_support,0.3432014495671928,0.8467661738395691,0.017820837590838967,False
44,Taric,warden,0.3253806119763538,80,Pantheon,engage_tank,0.47766223340173725,1.1855319738388062,0.15228162142538343,False
44,Taric,warden,0.3253806119763538,89,Leona,engage_tank,0.4148578072167422,0.8554356098175049,0.08947719524038839,False
44,Taric,warden,0.3253806119763538,99,Lux,mage_support,0.3580099708875325,0.8935407996177673,0.032629358911178685,False
44,Taric,warden,0.3253806119763538,101,Xerath,mage_support,0.2906263646499943,0.6454249620437622,0.03475424732635951,False
44,Taric,warden,0.3253806119763538,111,Nautilus,engage_tank,0.41624361816366756,1.0909992456436157,0.09086300618731374,False
44,Taric,warden,0.3253806119763538,117,Lulu,enchanter,0.32163356043457425,1.4217442274093628,0.003747051541779567,False
44,Taric,warden,0.3253806119763538,143,Zyra,mage_support,0.3044209958886175,0.6797980070114136,0.020959616087736332,False
44,Taric,warden,0.3253806119763538,147,Seraphine,enchanter,0.31371575056098083,1.17054283618927,0.011664861415372985,False
44,Taric,warden,0.3253806119763538,161,Vel'Koz,mage_support,0.3322195941856475,0.7110812664031982,0.006838982209293687,False
44,Taric,warden,0.3253806119763538,201,Braum,warden,0.3586068490218303,1.037534475326538,0.0332262370454765,True
44,Taric,warden,0.3253806119763538,223,Tahm Kench,warden,0.361605531803826,1.0795791149139404,0.03622491982747217,True
44,Taric,warden,0.3253806119763538,235,Senna,enchanter,0.3065584763623527,0.7212283611297607,0.01882213561400109,False
44,Taric,warden,0.3253806119763538,267,Nami,enchanter,0.34688656312512534,1.0863280296325684,0.021505951148771518,False
44,Taric,warden,0.3253806119763538,350,Yuumi,enchanter,0.15100188963925057,0.6378229260444641,0.17437872233710325,False
44,Taric,warden,0.3253806119763538,412,Thresh,hook,0.3784007194170489,1.0176079273223877,0.053020107440695075,False
44,Taric,warden,0.3253806119763538,427,Ivern,enchanter,0.3840753113494868,1.5204696655273438,0.058694699373132986,False
44,Taric,warden,0.3253806119763538,432,Bard,roamer,0.50600255496554,1.2004830837249756,0.1806219429891862,False
44,Taric,warden,0.3253806119763538,497,Rakan,engage_tank,0.41947699137498845,1.389853596687317,0.09409637939863463,False
44,Taric,warden,0.3253806119763538,518,Neeko,mage_support,0.40898110252189884,0.9693663716316223,0.08360049054554503,False
44,Taric,warden,0.3253806119763538,526,Rell,engage_tank,0.43924832137001174,1.0218807458877563,0.11386770939365792,False
44,Taric,warden,0.3253806119763538,555,Pyke,roamer,0.48992491705204544,0.9075032472610474,0.16454430507569162,False
44,Taric,warden,0.3253806119763538,888,Renata Glasc,enchanter,0.34670721811651767,0.8221003413200378,0.02132660614016385,False
44,Taric,warden,0.3253806119763538,902,Milio,enchanter,0.2948014635986576,0.45428919792175293,0.030579148377696208,False
50,Swain,mage_support,0.3324987376953444,53,Blitzcrank,hook,0.4358646914593439,1.146687388420105,0.10336595376399954,False
50,Swain,mage_support,0.3324987376953444,57,Maokai,engage_tank,0.4205701487439526,1.3325481414794922,0.08807141104860822,False
50,Swain,mage_support,0.3324987376953444,63,Brand,mage_support,0.37661736275433433,1.6190967559814453,0.044118625058989946,True
50,Swain,mage_support,0.3324987376953444,74,Heimerdinger,mage_support,0.3432014495671928,1.3279006481170654,0.010702711871848403,True
50,Swain,mage_support,0.3324987376953444,80,Pantheon,engage_tank,0.47766223340173725,0.8376399278640747,0.14516349570639286,False
50,Swain,mage_support,0.3324987376953444,89,Leona,engage_tank,0.4148578072167422,0.8807241320610046,0.08235906952139782,False
50,Swain,mage_support,0.3324987376953444,99,Lux,mage_support,0.3580099708875325,0.8415005207061768,0.02551123319218812,True
50,Swain,mage_support,0.3324987376953444,101,Xerath,mage_support,0.2906263646499943,1.1567109823226929,0.041872373045350075,True
50,Swain,mage_support,0.3324987376953444,111,Nautilus,engage_tank,0.41624361816366756,0.939701497554779,0.08374488046832318,False
50,Swain,mage_support,0.3324987376953444,117,Lulu,enchanter,0.32163356043457425,1.107202172279358,0.010865177260770131,False
50,Swain,mage_support,0.3324987376953444,143,Zyra,mage_support,0.3044209958886175,0.695711612701416,0.028077741806726897,True
50,Swain,mage_support,0.3324987376953444,147,Seraphine,enchanter,0.31371575056098083,0.7882475256919861,0.01878298713436355,False
50,Swain,mage_support,0.3324987376953444,161,Vel'Koz,mage_support,0.3322195941856475,1.1133967638015747,0.0002791435096968775,True
50,Swain,mage_support,0.3324987376953444,201,Braum,warden,0.3586068490218303,0.8513494729995728,0.02610811132648594,False
50,Swain,mage_support,0.3324987376953444,223,Tahm Kench,warden,0.361605531803826,0.7794222831726074,0.029106794108481604,False
50,Swain,mage_support,0.3324987376953444,235,Senna,enchanter,0.3065584763623527,0.8573104739189148,0.025940261332991654,False
50,Swain,mage_support,0.3324987376953444,267,Nami,enchanter,0.34688656312512534,0.8809077143669128,0.014387825429780954,False
50,Swain,mage_support,0.3324987376953444,350,Yuumi,enchanter,0.15100188963925057,1.0778555870056152,0.1814968480560938,False
50,Swain,mage_support,0.3324987376953444,412,Thresh,hook,0.3784007194170489,1.0296498537063599,0.04590198172170451,False
50,Swain,mage_support,0.3324987376953444,427,Ivern,enchanter,0.3840753113494868,0.3984549045562744,0.05157657365414242,False
50,Swain,mage_support,0.3324987376953444,432,Bard,roamer,0.50600255496554,0.7466293573379517,0.17350381727019565,False
50,Swain,mage_support,0.3324987376953444,497,Rakan,engage_tank,0.41947699137498845,0.6451637148857117,0.08697825367964407,False
50,Swain,mage_support,0.3324987376953444,518,Neeko,mage_support,0.40898110252189884,1.0069628953933716,0.07648236482655446,True
50,Swain,mage_support,0.3324987376953444,526,Rell,engage_tank,0.43924832137001174,0.796980082988739,0.10674958367466736,False
50,Swain,mage_support,0.3324987376953444,555,Pyke,roamer,0.48992491705204544,0.9972524046897888,0.15742617935670106,False
50,Swain,mage_support,0.3324987376953444,888,Renata Glasc,enchanter,0.34670721811651767,1.087743878364563,0.014208480421173286,False
50,Swain,mage_support,0.3324987376953444,902,Milio,enchanter,0.2948014635986576,1.3582180738449097,0.03769727409668677,False
53,Blitzcrank,hook,0.4358646914593439,57,Maokai,engage_tank,0.4205701487439526,0.9088510870933533,0.015294542715391324,False
53,Blitzcrank,hook,0.4358646914593439,63,Brand,mage_support,0.37661736275433433,0.727034330368042,0.059247328705009594,False
53,Blitzcrank,hook,0.4358646914593439,74,Heimerdinger,mage_support,0.3432014495671928,1.0550708770751953,0.09266324189215114,False
53,Blitzcrank,hook,0.4358646914593439,80,Pantheon,engage_tank,0.47766223340173725,0.8033616542816162,0.041797541942393324,False
53,Blitzcrank,hook,0.4358646914593439,89,Leona,engage_tank,0.4148578072167422,1.0203514099121094,0.02100688424260172,False
53,Blitzcrank,hook,0.4358646914593439,99,Lux,mage_support,0.3580099708875325,1.2103619575500488,0.07785472057181142,False
53,Blitzcrank,hook,0.4358646914593439,101,Xerath,mage_support,0.2906263646499943,1.05510413646698,0.14523832680934962,False
53,Blitzcrank,hook,0.4358646914593439,111,Nautilus,engage_tank,0.41624361816366756,0.7655006051063538,0.01962107329567636,False
53,Blitzcrank,hook,0.4358646914593439,117,Lulu,enchanter,0.32163356043457425,1.1607483625411987,0.11423113102476967,False
53,Blitzcrank,hook,0.4358646914593439,143,Zyra,mage_support,0.3044209958886175,0.9005361795425415,0.13144369557072644,False
53,Blitzcrank,hook,0.4358646914593439,147,Seraphine,enchanter,0.31371575056098083,1.4391086101531982,0.12214894089836309,False
53,Blitzcrank,hook,0.4358646914593439,161,Vel'Koz,mage_support,0.3322195941856475,0.9913370609283447,0.10364509727369642,False
53,Blitzcrank,hook,0.4358646914593439,201,Braum,warden,0.3586068490218303,0.9442121982574463,0.0772578424375136,False
53,Blitzcrank,hook,0.4358646914593439,223,Tahm Kench,warden,0.361605531803826,0.8706881403923035,0.07425915965551794,False
53,Blitzcrank,hook,0.4358646914593439,235,Senna,enchanter,0.3065584763623527,1.3992328643798828,0.1293062150969912,False
53,Blitzcrank,hook,0.4358646914593439,267,Nami,enchanter,0.34688656312512534,1.3227221965789795,0.08897812833421859,False
53,Blitzcrank,hook,0.4358646914593439,350,Yuumi,enchanter,0.15100188963925057,1.1422648429870605,0.2848628018200934,False
53,Blitzcrank,hook,0.4358646914593439,412,Thresh,hook,0.3784007194170489,1.1479452848434448,0.05746397204229503,True
53,Blitzcrank,hook,0.4358646914593439,427,Ivern,enchanter,0.3840753113494868,1.3091624975204468,0.05178938010985712,False
53,Blitzcrank,hook,0.4358646914593439,432,Bard,roamer,0.50600255496554,1.1073458194732666,0.07013786350619611,False
53,Blitzcrank,hook,0.4358646914593439,497,Rakan,engage_tank,0.41947699137498845,1.1045339107513428,0.016387700084355472,False
53,Blitzcrank,hook,0.4358646914593439,518,Neeko,mage_support,0.40898110252189884,0.8527289032936096,0.02688358893744508,False
53,Blitzcrank,hook,0.4358646914593439,526,Rell,engage_tank,0.43924832137001174,1.161920428276062,0.003383629910667818,False
53,Blitzcrank,hook,0.4358646914593439,555,Pyke,roamer,0.48992491705204544,1.0715845823287964,0.054060225592701516,False
53,Blitzcrank,hook,0.4358646914593439,888,Renata Glasc,enchanter,0.34670721811651767,0.9803741574287415,0.08915747334282625,False
53,Blitzcrank,hook,0.4358646914593439,902,Milio,enchanter,0.2948014635986576,1.2536914348602295,0.1410632278606863,False
57,Maokai,engage_tank,0.4205701487439526,63,Brand,mage_support,0.37661736275433433,0.507057785987854,0.04395278598961827,False
57,Maokai,engage_tank,0.4205701487439526,74,Heimerdinger,mage_support,0.3432014495671928,1.0721604824066162,0.07736869917675981,False
57,Maokai,engage_tank,0.4205701487439526,80,Pantheon,engage_tank,0.47766223340173725,1.3864023685455322,0.05709208465778465,True
57,Maokai,engage_tank,0.4205701487439526,89,Leona,engage_tank,0.4148578072167422,0.6649677753448486,0.005712341527210396,True
57,Maokai,engage_tank,0.4205701487439526,99,Lux,mage_support,0.3580099708875325,0.6616507768630981,0.0625601778564201,False
57,Maokai,engage_tank,0.4205701487439526,101,Xerath,mage_support,0.2906263646499943,0.9525988698005676,0.1299437840939583,False
57,Maokai,engage_tank,0.4205701487439526,111,Nautilus,engage_tank,0.41624361816366756,0.4432653784751892,0.004326530580285037,True
57,Maokai,engage_tank,0.4205701487439526,117,Lulu,enchanter,0.32163356043457425,1.2072199583053589,0.09893658830937835,False
57,Maokai,engage_tank,0.4205701487439526,143,Zyra,mage_support,0.3044209958886175,0.8360581994056702,0.11614915285533511,False
57,Maokai,engage_tank,0.4205701487439526,147,Seraphine,enchanter,0.31371575056098083,1.5545098781585693,0.10685439818297177,False
57,Maokai,engage_tank,0.4205701487439526,161,Vel'Koz,mage_support,0.3322195941856475,1.1100295782089233,0.0883505545583051,False
57,Maokai,engage_tank,0.4205701487439526,201,Braum,warden,0.3586068490218303,0.9150489568710327,0.06196329972212228,False
57,Maokai,engage_tank,0.4205701487439526,223,Tahm Kench,warden,0.361605531803826,1.3087561130523682,0.05896461694012661,False
57,Maokai,engage_tank,0.4205701487439526,235,Senna,enchanter,0.3065584763623527,1.2664748430252075,0.11401167238159987,False
57,Maokai,engage_tank,0.4205701487439526,267,Nami,enchanter,0.34688656312512534,1.447420597076416,0.07368358561882726,False
57,Maokai,engage_tank,0.4205701487439526,350,Yuumi,enchanter,0.15100188963925057,0.961206316947937,0.26956825910470206,False
57,Maokai,engage_tank,0.4205701487439526,412,Thresh,hook,0.3784007194170489,1.0652599334716797,0.04216942932690371,False
57,Maokai,engage_tank,0.4205701487439526,427,Ivern,enchanter,0.3840753113494868,1.3447020053863525,0.036494837394465796,False
57,Maokai,engage_tank,0.4205701487439526,432,Bard,roamer,0.50600255496554,1.364680528640747,0.08543240622158743,False
57,Maokai,engage_tank,0.4205701487439526,497,Rakan,engage_tank,0.41947699137498845,0.709579348564148,0.0010931573689641483,True
57,Maokai,engage_tank,0.4205701487439526,518,Neeko,mage_support,0.40898110252189884,0.7528798580169678,0.011589046222053756,False
57,Maokai,engage_tank,0.4205701487439526,526,Rell,engage_tank,0.43924832137001174,0.8505938053131104,0.018678172626059142,True
57,Maokai,engage_tank,0.4205701487439526,555,Pyke,roamer,0.48992491705204544,0.6198607683181763,0.06935476830809284,False
57,Maokai,engage_tank,0.4205701487439526,888,Renata Glasc,enchanter,0.34670721811651767,1.2810618877410889,0.07386293062743493,False
57,Maokai,engage_tank,0.4205701487439526,902,Milio,enchanter,0.2948014635986576,0.8705130815505981,0.125768685145295,False
63,Brand,mage_support,0.37661736275433433,74,Heimerdinger,mage_support,0.3432014495671928,0.863386332988739,0.033415913187141544,True
63,Brand,mage_support,0.37661736275433433,80,Pantheon,engage_tank,0.47766223340173725,1.4956939220428467,0.10104487064740292,False
63,Brand,mage_support,0.37661736275433433,89,Leona,engage_tank,0.4148578072167422,1.2258285284042358,0.038240444462407874,False
63,Brand,mage_support,0.37661736275433433,99,Lux,mage_support,0.3580099708875325,1.0857492685317993,0.018607391866801826,True
63,Brand,mage_support,0.37661736275433433,101,Xerath,mage_support,0.2906263646499943,0.6548599004745483,0.08599099810434002,True
63,Brand,mage_support,0.37661736275433433,111,Nautilus,engage_tank,0.41624361816366756,0.557801365852356,0.03962625540933323,False
63,Brand,mage_support,0.37661736275433433,117,Lulu,enchanter,0.32163356043457425,0.6454035043716431,0.05498380231976008,False
63,Brand,mage_support,0.37661736275433433,143,Zyra,mage_support,0.3044209958886175,0.9724267721176147,0.07219636686571684,True
63,Brand,mage_support,0.37661736275433433,147,Seraphine,enchanter,0.31371575056098083,1.1541862487792969,0.0629016121933535,False
63,Brand,mage_support,0.37661736275433433,161,Vel'Koz,mage_support,0.3322195941856475,0.9136962890625,0.044397768568686824,True
63,Brand,mage_support,0.37661736275433433,201,Braum,warden,0.3586068490218303,1.1297427415847778,0.018010513732504008,False
63,Brand,mage_support,0.37661736275433433,223,Tahm Kench,warden,0.361605531803826,1.5043389797210693,0.015011830950508342,False
63,Brand,mage_support,0.37661736275433433,235,Senna,enchanter,0.3065584763623527,1.6235456466674805,0.0700588863919816,False
63,Brand,mage_support,0.37661736275433433,267,Nami,enchanter,0.34688656312512534,1.0754618644714355,0.029730799629208993,False
63,Brand,mage_support,0.37661736275433433,350,Yuumi,enchanter,0.15100188963925057,0.8962726593017578,0.22561547311508376,False
63,Brand,mage_support,0.37661736275433433,412,Thresh,hook,0.3784007194170489,1.0972399711608887,0.0017833566627145636,False
63,Brand,mage_support,0.37661736275433433,427,Ivern,enchanter,0.3840753113494868,1.3451225757598877,0.007457948595152475,False
63,Brand,mage_support,0.37661736275433433,432,Bard,roamer,0.50600255496554,1.452710747718811,0.1293851922112057,False
63,Brand,mage_support,0.37661736275433433,497,Rakan,engage_tank,0.41947699137498845,0.880034863948822,0.04285962862065412,False
63,Brand,mage_support,0.37661736275433433,518,Neeko,mage_support,0.40898110252189884,0.7813295125961304,0.032363739767564514,True
63,Brand,mage_support,0.37661736275433433,526,Rell,engage_tank,0.43924832137001174,1.1436824798583984,0.06263095861567741,False
63,Brand,mage_support,0.37661736275433433,555,Pyke,roamer,0.48992491705204544,0.9024814367294312,0.11330755429771111,False
63,Brand,mage_support,0.37661736275433433,888,Renata Glasc,enchanter,0.34670721811651767,1.1653908491134644,0.02991014463781666,False
63,Brand,mage_support,0.37661736275433433,902,Milio,enchanter,0.2948014635986576,0.9538967609405518,0.08181589915567672,False
74,Heimerdinger,mage_support,0.3432014495671928,80,Pantheon,engage_tank,0.47766223340173725,0.8175563216209412,0.13446078383454446,False
74,Heimerdinger,mage_support,0.3432014495671928,89,Leona,engage_tank,0.4148578072167422,1.398648738861084,0.07165635764954942,False
74,Heimerdinger,mage_support,0.3432014495671928,99,Lux,mage_support,0.3580099708875325,1.000045657157898,0.014808521320339718,True
74,Heimerdinger,mage_support,0.3432014495671928,101,Xerath,mage_support,0.2906263646499943,0.8953371047973633,0.05257508491719848,True
74,Heimerdinger,mage_support,0.3432014495671928,111,Nautilus,engage_tank,0.41624361816366756,1.3581831455230713,0.07304216859647478,False
74,Heimerdinger,mage_support,0.3432014495671928,117,Lulu,enchanter,0.32163356043457425,0.793683648109436,0.021567889132618534,False
74,Heimerdinger,mage_support,0.3432014495671928,143,Zyra,mage_support,0.3044209958886175,1.0408958196640015,0.0387804536785753,True
74,Heimerdinger,mage_support,0.3432014495671928,147,Seraphine,enchanter,0.31371575056098083,0.8394269943237305,0.02948569900621195,False
74,Heimerdinger,mage_support,0.3432014495671928,161,Vel'Koz,mage_support,0.3322195941856475,0.7534350752830505,0.01098185538154528,True
74,Heimerdinger,mage_support,0.3432014495671928,201,Braum,warden,0.3586068490218303,1.1335651874542236,0.015405399454637536,False
74,Heimerdinger,mage_support,0.3432014495671928,223,Tahm Kench,warden,0.361605531803826,1.1855074167251587,0.0184040822366332,False
74,Heimerdinger,mage_support,0.3432014495671928,235,Senna,enchanter,0.3065584763623527,0.8501831889152527,0.03664297320484006,False
74,Heimerdinger,mage_support,0.3432014495671928,267,Nami,enchanter,0.34688656312512534,0.9390809535980225,0.003685113557932551,False
74,Heimerdinger,mage_support,0.3432014495671928,350,Yuumi,enchanter,0.15100188963925057,0.5926089882850647,0.19219955992794222,False
74,Heimerdinger,mage_support,0.3432014495671928,412,Thresh,hook,0.3784007194170489,0.3831765055656433,0.03519926984985611,False
74,Heimerdinger,mage_support,0.3432014495671928,427,Ivern,enchanter,0.3840753113494868,0.9874667525291443,0.04087386178229402,False
74,Heimerdinger,mage_support,0.3432014495671928,432,Bard,roamer,0.50600255496554,1.3755615949630737,0.16280110539834725,False
74,Heimerdinger,mage_support,0.3432014495671928,497,Rakan,engage_tank,0.41947699137498845,1.0377830266952515,0.07627554180779567,False
74,Heimerdinger,mage_support,0.3432014495671928,518,Neeko,mage_support,0.40898110252189884,1.5261324644088745,0.06577965295470606,True
74,Heimerdinger,mage_support,0.3432014495671928,526,Rell,engage_tank,0.43924832137001174,1.1801155805587769,0.09604687180281896,False
74,Heimerdinger,mage_support,0.3432014495671928,555,Pyke,roamer,0.48992491705204544,1.1864196062088013,0.14672346748485265,False
74,Heimerdinger,mage_support,0.3432014495671928,888,Renata Glasc,enchanter,0.34670721811651767,1.2062559127807617,0.0035057685493248836,False
74,Heimerdinger,mage_support,0.3432014495671928,902,Milio,enchanter,0.2948014635986576,0.816130518913269,0.048399985968535175,False
80,Pantheon,engage_tank,0.47766223340173725,89,Leona,engage_tank,0.4148578072167422,1.0669950246810913,0.06280442618499504,True
80,Pantheon,engage_tank,0.47766223340173725,99,Lux,mage_support,0.3580099708875325,1.3094894886016846,0.11965226251420474,False
80,Pantheon,engage_tank,0.47766223340173725,101,Xerath,mage_support,0.2906263646499943,1.5617326498031616,0.18703586875174294,False
80,Pantheon,engage_tank,0.47766223340173725,111,Nautilus,engage_tank,0.41624361816366756,1.2943000793457031,0.061418615238069685,True
80,Pantheon,engage_tank,0.47766223340173725,117,Lulu,enchanter,0.32163356043457425,1.2770633697509766,0.156028672967163,False
80,Pantheon,engage_tank,0.47766223340173725,143,Zyra,mage_support,0.3044209958886175,1.2781319618225098,0.17324123751311976,False
80,Pantheon,engage_tank,0.47766223340173725,147,Seraphine,enchanter,0.31371575056098083,0.8355726003646851,0.1639464828407564,False
80,Pantheon,engage_tank,0.47766223340173725,161,Vel'Koz,mage_support,0.3322195941856475,1.1687495708465576,0.14544263921608974,False
80,Pantheon,engage_tank,0.47766223340173725,201,Braum,warden,0.3586068490218303,1.0693445205688477,0.11905538437990693,False
80,Pantheon,engage_tank,0.47766223340173725,223,Tahm Kench,warden,0.361605531803826,0.825674831867218,0.11605670159791126,False
80,Pantheon,engage_tank,0.47766223340173725,235,Senna,enchanter,0.3065584763623527,0.8171756863594055,0.17110375703938452,False
80,Pantheon,engage_tank,0.47766223340173725,267,Nami,enchanter,0.34688656312512534,0.9237846732139587,0.1307756702766119,False
80,Pantheon,engage_tank,0.47766223340173725,350,Yuumi,enchanter,0.15100188963925057,1.3619319200515747,0.32666034376248665,False
80,Pantheon,engage_tank,0.47766223340173725,412,Thresh,hook,0.3784007194170489,0.891636312007904,0.09926151398468835,False
80,Pantheon,engage_tank,0.47766223340173725,427,Ivern,enchanter,0.3840753113494868,0.8597768545150757,0.09358692205225044,False
80,Pantheon,engage_tank,0.47766223340173725,432,Bard,roamer,0.50600255496554,0.8697527050971985,0.028340321563802784,False
80,Pantheon,engage_tank,0.47766223340173725,497,Rakan,engage_tank,0.41947699137498845,1.063366174697876,0.058185242026748796,True
80,Pantheon,engage_tank,0.47766223340173725,518,Neeko,mage_support,0.40898110252189884,1.1597040891647339,0.0686811308798384,False
80,Pantheon,engage_tank,0.47766223340173725,526,Rell,engage_tank,0.43924832137001174,0.842764675617218,0.038413912031725506,True
80,Pantheon,engage_tank,0.47766223340173725,555,Pyke,roamer,0.48992491705204544,0.7825039625167847,0.012262683650308193,False
80,Pantheon,engage_tank,0.47766223340173725,888,Renata Glasc,enchanter,0.34670721811651767,1.1420116424560547,0.13095501528521958,False
80,Pantheon,engage_tank,0.47766223340173725,902,Milio,enchanter,0.2948014635986576,1.2564771175384521,0.18286076980307964,False
89,Leona,engage_tank,0.4148578072167422,99,Lux,mage_support,0.3580099708875325,0.7936763763427734,0.0568478363292097,False
89,Leona,engage_tank,0.4148578072167422,101,Xerath,mage_support,0.2906263646499943,1.2457301616668701,0.1242314425667479,False
89,Leona,engage_tank,0.4148578072167422,111,Nautilus,engage_tank,0.41624361816366756,0.8889187574386597,0.0013858109469253588,True
89,Leona,engage_tank,0.4148578072167422,117,Lulu,enchanter,0.32163356043457425,1.061947226524353,0.09322424678216795,False
89,Leona,engage_tank,0.4148578072167422,143,Zyra,mage_support,0.3044209958886175,0.9978519082069397,0.11043681132812472,False
89,Leona,engage_tank,0.4148578072167422,147,Seraphine,enchanter,0.31371575056098083,1.440481185913086,0.10114205665576137,False
89,Leona,engage_tank,0.4148578072167422,161,Vel'Koz,mage_support,0.3322195941856475,1.118841290473938,0.0826382130310947,False
89,Leona,engage_tank,0.4148578072167422,201,Braum,warden,0.3586068490218303,0.7856755256652832,0.05625095819491188,False
89,Leona,engage_tank,0.4148578072167422,223,Tahm Kench,warden,0.361605531803826,1.1114768981933594,0.05325227541291622,False
89,Leona,engage_tank,0.4148578072167422,235,Senna,enchanter,0.3065584763623527,0.7805799245834351,0.10829933085438948,False
89,Leona,engage_tank,0.4148578072167422,267,Nami,enchanter,0.34688656312512534,1.134016752243042,0.06797124409161687,False
89,Leona,engage_tank,0.4148578072167422,350,Yuumi,enchanter,0.15100188963925057,1.5059783458709717,0.2638559175774916,False
89,Leona,engage_tank,0.4148578072167422,412,Thresh,hook,0.3784007194170489,1.297342300415039,0.03645708779969331,False
89,Leona,engage_tank,0.4148578072167422,427,Ivern,enchanter,0.3840753113494868,0.9324871897697449,0.0307824958672554,False
89,Leona,engage_tank,0.4148578072167422,432,Bard,roamer,0.50600255496554,0.8892163038253784,0.09114474774879783,False
89,Leona,engage_tank,0.4148578072167422,497,Rakan,engage_tank,0.41947699137498845,0.9279506206512451,0.004619184158246248,True
89,Leona,engage_tank,0.4148578072167422,518,Neeko,mage_support,0.40898110252189884,1.0335286855697632,0.00587670469484336,False
89,Leona,engage_tank,0.4148578072167422,526,Rell,engage_tank,0.43924832137001174,0.9469752907752991,0.024390514153269538,True
89,Leona,engage_tank,0.4148578072167422,555,Pyke,roamer,0.48992491705204544,0.9476779699325562,0.07506710983530324,False
89,Leona,engage_tank,0.4148578072167422,888,Renata Glasc,enchanter,0.34670721811651767,1.180751085281372,0.06815058910022453,False
89,Leona,engage_tank,0.4148578072167422,902,Milio,enchanter,0.2948014635986576,1.1721631288528442,0.1200563436180846,False
99,Lux,mage_support,0.3580099708875325,101,Xerath,mage_support,0.2906263646499943,1.02213716506958,0.0673836062375382,True
99,Lux,mage_support,0.3580099708875325,111,Nautilus,engage_tank,0.41624361816366756,0.6458696126937866,0.05823364727613506,False
99,Lux,mage_support,0.3580099708875325,117,Lulu,enchanter,0.32163356043457425,1.1497907638549805,0.03637641045295825,False
99,Lux,mage_support,0.3580099708875325,143,Zyra,mage_support,0.3044209958886175,0.7967222332954407,0.05358897499891502,True
99,Lux,mage_support,0.3580099708875325,147,Seraphine,enchanter,0.31371575056098083,0.9699116349220276,0.04429422032655167,False
99,Lux,mage_support,0.3580099708875325,161,Vel'Koz,mage_support,0.3322195941856475,1.1670153141021729,0.025790376701885,True
99,Lux,mage_support,0.3580099708875325,201,Braum,warden,0.3586068490218303,1.0443084239959717,0.000596878134297818,False
99,Lux,mage_support,0.3580099708875325,223,Tahm Kench,warden,0.361605531803826,0.8229443430900574,0.003595560916293483,False
99,Lux,mage_support,0.3580099708875325,235,Senna,enchanter,0.3065584763623527,0.8600673675537109,0.051451494525179775,False
99,Lux,mage_support,0.3580099708875325,267,Nami,enchanter,0.34688656312512534,1.1418660879135132,0.011123407762407167,False
99,Lux,mage_support,0.3580099708875325,350,Yuumi,enchanter,0.15100188963925057,0.6399925947189331,0.20700808124828193,False
99,Lux,mage_support,0.3580099708875325,412,Thresh,hook,0.3784007194170489,1.045215129852295,0.02039074852951639,False
99,Lux,mage_support,0.3580099708875325,427,Ivern,enchanter,0.3840753113494868,0.9362953305244446,0.0260653404619543,False
99,Lux,mage_support,0.3580099708875325,432,Bard,roamer,0.50600255496554,1.0001003742218018,0.14799258407800753,False
99,Lux,mage_support,0.3580099708875325,497,Rakan,engage_tank,0.41947699137498845,0.8540990352630615,0.06146702048745595,False
99,Lux,mage_support,0.3580099708875325,518,Neeko,mage_support,0.40898110252189884,0.8913254737854004,0.05097113163436634,True
99,Lux,mage_support,0.3580099708875325,526,Rell,engage_tank,0.43924832137001174,0.76958829164505,0.08123835048247924,False
99,Lux,mage_support,0.3580099708875325,555,Pyke,roamer,0.48992491705204544,1.069998025894165,0.13191494616451294,False
99,Lux,mage_support,0.3580099708875325,888,Renata Glasc,enchanter,0.34670721811651767,0.9000926613807678,0.011302752771014835,False
99,Lux,mage_support,0.3580099708875325,902,Milio,enchanter,0.2948014635986576,0.6786991357803345,0.0632085072888749,False
101,Xerath,mage_support,0.2906263646499943,111,Nautilus,engage_tank,0.41624361816366756,1.1788415908813477,0.12561725351367325,False
101,Xerath,mage_support,0.2906263646499943,117,Lulu,enchanter,0.32163356043457425,0.934517502784729,0.031007195784579944,False
101,Xerath,mage_support,0.2906263646499943,143,Zyra,mage_support,0.3044209958886175,0.8013636469841003,0.013794631238623178,True
101,Xerath,mage_support,0.2906263646499943,147,Seraphine,enchanter,0.31371575056098083,0.7621891498565674,0.023089385910986526,False
101,Xerath,mage_support,0.2906263646499943,161,Vel'Koz,mage_support,0.3322195941856475,0.7855242490768433,0.0415932295356532,True
101,Xerath,mage_support,0.2906263646499943,201,Braum,warden,0.3586068490218303,1.2145793437957764,0.06798048437183601,False
101,Xerath,mage_support,0.2906263646499943,223,Tahm Kench,warden,0.361605531803826,1.1234512329101562,0.07097916715383168,False
101,Xerath,mage_support,0.2906263646499943,235,Senna,enchanter,0.3065584763623527,1.0305237770080566,0.01593211171235842,False
101,Xerath,mage_support,0.2906263646499943,267,Nami,enchanter,0.34688656312512534,0.9877828359603882,0.05626019847513103,False
101,Xerath,mage_support,0.2906263646499943,350,Yuumi,enchanter,0.15100188963925057,0.36903589963912964,0.13962447501074374,False
101,Xerath,mage_support,0.2906263646499943,412,Thresh,hook,0.3784007194170489,1.0929200649261475,0.08777435476705459,False
101,Xerath,mage_support,0.2906263646499943,427,Ivern,enchanter,0.3840753113494868,1.4001951217651367,0.0934489466994925,False
101,Xerath,mage_support,0.2906263646499943,432,Bard,roamer,0.50600255496554,1.2816693782806396,0.21537619031554572,False
101,Xerath,mage_support,0.2906263646499943,497,Rakan,engage_tank,0.41947699137498845,1.3459666967391968,0.12885062672499414,False
101,Xerath,mage_support,0.2906263646499943,518,Neeko,mage_support,0.40898110252189884,0.9143521189689636,0.11835473787190454,True
101,Xerath,mage_support,0.2906263646499943,526,Rell,engage_tank,0.43924832137001174,1.462228775024414,0.14862195672001743,False
101,Xerath,mage_support,0.2906263646499943,555,Pyke,roamer,0.48992491705204544,1.1846648454666138,0.19929855240205113,False
101,Xerath,mage_support,0.2906263646499943,888,Renata Glasc,enchanter,0.34670721811651767,0.957641065120697,0.05608085346652336,False
101,Xerath,mage_support,0.2906263646499943,902,Milio,enchanter,0.2948014635986576,0.7680596113204956,0.004175098948663303,False
111,Nautilus,engage_tank,0.41624361816366756,117,Lulu,enchanter,0.32163356043457425,1.028247594833374,0.09461005772909331,False
111,Nautilus,engage_tank,0.41624361816366756,143,Zyra,mage_support,0.3044209958886175,0.8359031677246094,0.11182262227505008,False
111,Nautilus,engage_tank,0.41624361816366756,147,Seraphine,enchanter,0.31371575056098083,1.2529518604278564,0.10252786760268673,False
111,Nautilus,engage_tank,0.41624361816366756,161,Vel'Koz,mage_support,0.3322195941856475,0.9809582233428955,0.08402402397802006,False
111,Nautilus,engage_tank,0.41624361816366756,201,Braum,warden,0.3586068490218303,1.104042887687683,0.05763676914183724,False
111,Nautilus,engage_tank,0.41624361816366756,223,Tahm Kench,warden,0.361605531803826,1.322596549987793,0.054638086359841576,False
111,Nautilus,engage_tank,0.41624361816366756,235,Senna,enchanter,0.3065584763623527,1.4789758920669556,0.10968514180131483,False
111,Nautilus,engage_tank,0.41624361816366756,267,Nami,enchanter,0.34688656312512534,1.0985321998596191,0.06935705503854223,False
111,Nautilus,engage_tank,0.41624361816366756,350,Yuumi,enchanter,0.15100188963925057,1.180146336555481,0.26524172852441696,False
111,Nautilus,engage_tank,0.41624361816366756,412,Thresh,hook,0.3784007194170489,1.0842516422271729,0.03784289874661867,False
111,Nautilus,engage_tank,0.41624361816366756,427,Ivern,enchanter,0.3840753113494868,1.1048637628555298,0.03216830681418076,False
111,Nautilus,engage_tank,0.41624361816366756,432,Bard,roamer,0.50600255496554,1.3070780038833618,0.08975893680187247,False
111,Nautilus,engage_tank,0.41624361816366756,497,Rakan,engage_tank,0.41947699137498845,0.6220186948776245,0.003233373211320889,True
111,Nautilus,engage_tank,0.41624361816366756,518,Neeko,mage_support,0.40898110252189884,0.4491721987724304,0.007262515641768719,False
111,Nautilus,engage_tank,0.41624361816366756,526,Rell,engage_tank,0.43924832137001174,0.6532883644104004,0.02300470320634418,True
111,Nautilus,engage_tank,0.41624361816366756,555,Pyke,roamer,0.48992491705204544,0.7238515615463257,0.07368129888837788,False
111,Nautilus,engage_tank,0.41624361816366756,888,Renata Glasc,enchanter,0.34670721811651767,1.2763720750808716,0.0695364000471499,False
111,Nautilus,engage_tank,0.41624361816366756,902,Milio,enchanter,0.2948014635986576,1.1874744892120361,0.12144215456500995,False
117,Lulu,enchanter,0.32163356043457425,143,Zyra,mage_support,0.3044209958886175,1.0675749778747559,0.017212564545956766,False
117,Lulu,enchanter,0.32163356043457425,147,Seraphine,enchanter,0.31371575056098083,0.9005482792854309,0.007917809873593418,True
117,Lulu,enchanter,0.32163356043457425,161,Vel'Koz,mage_support,0.3322195941856475,1.0983555316925049,0.010586033751073254,False
117,Lulu,enchanter,0.32163356043457425,201,Braum,warden,0.3586068490218303,0.6123970746994019,0.03697328858725607,False
117,Lulu,enchanter,0.32163356043457425,223,Tahm Kench,warden,0.361605531803826,1.4743845462799072,0.039971971369251735,False
117,Lulu,enchanter,0.32163356043457425,235,Senna,enchanter,0.3065584763623527,1.0242671966552734,0.015075084072221523,True
117,Lulu,enchanter,0.32163356043457425,267,Nami,enchanter,0.34688656312512534,0.843670129776001,0.025253002690551085,True
117,Lulu,enchanter,0.32163356043457425,350,Yuumi,enchanter,0.15100188963925057,0.9582963585853577,0.17063167079532368,True
117,Lulu,enchanter,0.32163356043457425,412,Thresh,hook,0.3784007194170489,1.2050296068191528,0.05676715898247464,False
117,Lulu,enchanter,0.32163356043457425,427,Ivern,enchanter,0.3840753113494868,0.7055911421775818,0.06244175091491255,True
117,Lulu,enchanter,0.32163356043457425,432,Bard,roamer,0.50600255496554,1.297894835472107,0.18436899453096578,False
117,Lulu,enchanter,0.32163356043457425,497,Rakan,engage_tank,0.41947699137498845,0.6526550054550171,0.0978434309404142,False
117,Lulu,enchanter,0.32163356043457425,518,Neeko,mage_support,0.40898110252189884,1.3379884958267212,0.08734754208732459,False
117,Lulu,enchanter,0.32163356043457425,526,Rell,engage_tank,0.43924832137001174,1.3602017164230347,0.11761476093543749,False
117,Lulu,enchanter,0.32163356043457425,555,Pyke,roamer,0.48992491705204544,1.1498161554336548,0.1682913566174712,False
117,Lulu,enchanter,0.32163356043457425,888,Renata Glasc,enchanter,0.34670721811651767,1.1162834167480469,0.025073657681943418,True
117,Lulu,enchanter,0.32163356043457425,902,Milio,enchanter,0.2948014635986576,1.3361742496490479,0.02683209683591664,True
143,Zyra,mage_support,0.3044209958886175,147,Seraphine,enchanter,0.31371575056098083,0.9761907458305359,0.009294754672363348,False
143,Zyra,mage_support,0.3044209958886175,161,Vel'Koz,mage_support,0.3322195941856475,0.9702174067497253,0.02779859829703002,True
143,Zyra,mage_support,0.3044209958886175,201,Braum,warden,0.3586068490218303,0.689975917339325,0.054185853133212836,False
143,Zyra,mage_support,0.3044209958886175,223,Tahm Kench,warden,0.361605531803826,0.869465708732605,0.0571845359152085,False
143,Zyra,mage_support,0.3044209958886175,235,Senna,enchanter,0.3065584763623527,0.8770219087600708,0.0021374804737352426,False
143,Zyra,mage_support,0.3044209958886175,267,Nami,enchanter,0.34688656312512534,1.1687848567962646,0.04246556723650785,False
143,Zyra,mage_support,0.3044209958886175,350,Yuumi,enchanter,0.15100188963925057,0.5636796355247498,0.15341910624936692,False
143,Zyra,mage_support,0.3044209958886175,412,Thresh,hook,0.3784007194170489,1.130360722541809,0.07397972352843141,False
143,Zyra,mage_support,0.3044209958886175,427,Ivern,enchanter,0.3840753113494868,1.0888807773590088,0.07965431546086932,False
143,Zyra,mage_support,0.3044209958886175,432,Bard,roamer,0.50600255496554,0.9167473912239075,0.20158155907692255,False
143,Zyra,mage_support,0.3044209958886175,497,Rakan,engage_tank,0.41947699137498845,1.1400361061096191,0.11505599548637097,False
143,Zyra,mage_support,0.3044209958886175,518,Neeko,mage_support,0.40898110252189884,0.9215033054351807,0.10456010663328136,True
143,Zyra,mage_support,0.3044209958886175,526,Rell,engage_tank,0.43924832137001174,1.0914543867111206,0.13482732548139426,False
143,Zyra,mage_support,0.3044209958886175,555,Pyke,roamer,0.48992491705204544,1.4697380065917969,0.18550392116342795,False
143,Zyra,mage_support,0.3044209958886175,888,Renata Glasc,enchanter,0.34670721811651767,1.004353404045105,0.04228622222790018,False
143,Zyra,mage_support,0.3044209958886175,902,Milio,enchanter,0.2948014635986576,0.6242889165878296,0.009619532289959876,False
147,Seraphine,enchanter,0.31371575056098083,161,Vel'Koz,mage_support,0.3322195941856475,0.9985098838806152,0.01850384362466667,False
147,Seraphine,enchanter,0.31371575056098083,201,Braum,warden,0.3586068490218303,1.3101756572723389,0.04489109846084949,False
147,Seraphine,enchanter,0.31371575056098083,223,Tahm Kench,warden,0.361605531803826,0.9431618452072144,0.04788978124284515,False
147,Seraphine,enchanter,0.31371575056098083,235,Senna,enchanter,0.3065584763623527,1.0104011297225952,0.007157274198628105,True
147,Seraphine,enchanter,0.31371575056098083,267,Nami,enchanter,0.34688656312512534,0.5670620203018188,0.0331708125641445,True
147,Seraphine,enchanter,0.31371575056098083,350,Yuumi,enchanter,0.15100188963925057,0.6869480609893799,0.16271386092173026,True
147,Seraphine,enchanter,0.31371575056098083,412,Thresh,hook,0.3784007194170489,0.9878076314926147,0.06468496885606806,False
147,Seraphine,enchanter,0.31371575056098083,427,Ivern,enchanter,0.3840753113494868,0.9493539333343506,0.07035956078850597,True
147,Seraphine,enchanter,0.31371575056098083,432,Bard,roamer,0.50600255496554,0.8634015321731567,0.1922868044045592,False
147,Seraphine,enchanter,0.31371575056098083,497,Rakan,engage_tank,0.41947699137498845,1.2308979034423828,0.10576124081400762,False
147,Seraphine,enchanter,0.31371575056098083,518,Neeko,mage_support,0.40898110252189884,0.9807407855987549,0.09526535196091801,False
147,Seraphine,enchanter,0.31371575056098083,526,Rell,engage_tank,0.43924832137001174,0.7577171921730042,0.1255325708090309,False
147,Seraphine,enchanter,0.31371575056098083,555,Pyke,roamer,0.48992491705204544,1.1878079175949097,0.1762091664910646,False
147,Seraphine,enchanter,0.31371575056098083,888,Renata Glasc,enchanter,0.34670721811651767,0.9094477891921997,0.032991467555536835,True
147,Seraphine,enchanter,0.31371575056098083,902,Milio,enchanter,0.2948014635986576,0.7743829488754272,0.018914286962323223,True
161,Vel'Koz,mage_support,0.3322195941856475,201,Braum,warden,0.3586068490218303,1.3947831392288208,0.026387254836182816,False
161,Vel'Koz,mage_support,0.3322195941856475,223,Tahm Kench,warden,0.361605531803826,1.0638093948364258,0.02938593761817848,False
161,Vel'Koz,mage_support,0.3322195941856475,235,Senna,enchanter,0.3065584763623527,1.005993366241455,0.025661117823294777,False
161,Vel'Koz,mage_support,0.3322195941856475,267,Nami,enchanter,0.34688656312512534,0.4054141044616699,0.014666968939477831,False
161,Vel'Koz,mage_support,0.3322195941856475,350,Yuumi,enchanter,0.15100188963925057,1.0267252922058105,0.18121770454639693,False
161,Vel'Koz,mage_support,0.3322195941856475,412,Thresh,hook,0.3784007194170489,0.47780030965805054,0.04618112523140139,False
161,Vel'Koz,mage_support,0.3322195941856475,427,Ivern,enchanter,0.3840753113494868,1.1370199918746948,0.0518557171638393,False
161,Vel'Koz,mage_support,0.3322195941856475,432,Bard,roamer,0.50600255496554,1.3861534595489502,0.17378296077989253,False
161,Vel'Koz,mage_support,0.3322195941856475,497,Rakan,engage_tank,0.41947699137498845,1.2253541946411133,0.08725739718934095,False
161,Vel'Koz,mage_support,0.3322195941856475,518,Neeko,mage_support,0.40898110252189884,1.008935809135437,0.07676150833625134,True
161,Vel'Koz,mage_support,0.3322195941856475,526,Rell,engage_tank,0.43924832137001174,0.9316043257713318,0.10702872718436424,False
161,Vel'Koz,mage_support,0.3322195941856475,555,Pyke,roamer,0.48992491705204544,1.0473614931106567,0.15770532286639793,False
161,Vel'Koz,mage_support,0.3322195941856475,888,Renata Glasc,enchanter,0.34670721811651767,0.9188836812973022,0.014487623930870164,False
161,Vel'Koz,mage_support,0.3322195941856475,902,Milio,enchanter,0.2948014635986576,0.7798806428909302,0.037418130586989895,False
201,Braum,warden,0.3586068490218303,223,Tahm Kench,warden,0.361605531803826,0.8151630163192749,0.002998682781995665,True
201,Braum,warden,0.3586068490218303,235,Senna,enchanter,0.3065584763623527,0.811077356338501,0.05204837265947759,False
201,Braum,warden,0.3586068490218303,267,Nami,enchanter,0.34688656312512534,1.5020241737365723,0.011720285896704985,False
201,Braum,warden,0.3586068490218303,350,Yuumi,enchanter,0.15100188963925057,0.8885190486907959,0.20760495938257975,False
201,Braum,warden,0.3586068490218303,412,Thresh,hook,0.3784007194170489,1.4202773571014404,0.01979387039521857,False
201,Braum,warden,0.3586068490218303,427,Ivern,enchanter,0.3840753113494868,0.9208501577377319,0.025468462327656483,False
201,Braum,warden,0.3586068490218303,432,Bard,roamer,0.50600255496554,0.9799812436103821,0.1473957059437097,False
201,Braum,warden,0.3586068490218303,497,Rakan,engage_tank,0.41947699137498845,0.6411402225494385,0.06087014235315813,False
201,Braum,warden,0.3586068490218303,518,Neeko,mage_support,0.40898110252189884,1.1013188362121582,0.05037425350006852,False
201,Braum,warden,0.3586068490218303,526,Rell,engage_tank,0.43924832137001174,1.1136740446090698,0.08064147234818142,False
201,Braum,warden,0.3586068490218303,555,Pyke,roamer,0.48992491705204544,0.9967846870422363,0.13131806803021512,False
201,Braum,warden,0.3586068490218303,888,Renata Glasc,enchanter,0.34670721811651767,0.893653392791748,0.011899630905312653,False
201,Braum,warden,0.3586068490218303,902,Milio,enchanter,0.2948014635986576,1.200939655303955,0.06380538542317271,False
223,Tahm Kench,warden,0.361605531803826,235,Senna,enchanter,0.3065584763623527,0.8752162456512451,0.05504705544147326,False
223,Tahm Kench,warden,0.361605531803826,267,Nami,enchanter,0.34688656312512534,1.2322702407836914,0.01471896867870065,False
223,Tahm Kench,warden,0.361605531803826,350,Yuumi,enchanter,0.15100188963925057,0.8384803533554077,0.21060364216457542,False
223,Tahm Kench,warden,0.361605531803826,412,Thresh,hook,0.3784007194170489,0.9953814148902893,0.016795187613222906,False
223,Tahm Kench,warden,0.361605531803826,427,Ivern,enchanter,0.3840753113494868,1.1317946910858154,0.022469779545660817,False
223,Tahm Kench,warden,0.361605531803826,432,Bard,roamer,0.50600255496554,0.5478654503822327,0.14439702316171404,False
223,Tahm Kench,warden,0.361605531803826,497,Rakan,engage_tank,0.41947699137498845,1.2548389434814453,0.057871459571162465,False
223,Tahm Kench,warden,0.361605531803826,518,Neeko,mage_support,0.40898110252189884,0.7950959801673889,0.04737557071807286,False
223,Tahm Kench,warden,0.361605531803826,526,Rell,engage_tank,0.43924832137001174,0.8535212874412537,0.07764278956618575,False
223,Tahm Kench,warden,0.361605531803826,555,Pyke,roamer,0.48992491705204544,1.2111872434616089,0.12831938524821945,False
223,Tahm Kench,warden,0.361605531803826,888,Renata Glasc,enchanter,0.34670721811651767,0.5909658670425415,0.014898313687308318,False
223,Tahm Kench,warden,0.361605531803826,902,Milio,enchanter,0.2948014635986576,0.6303828954696655,0.06680406820516838,False
235,Senna,enchanter,0.3065584763623527,267,Nami,enchanter,0.34688656312512534,0.9610432386398315,0.04032808676277261,True
235,Senna,enchanter,0.3065584763623527,350,Yuumi,enchanter,0.15100188963925057,0.7971181869506836,0.15555658672310216,True
235,Senna,enchanter,0.3065584763623527,412,Thresh,hook,0.3784007194170489,0.988784670829773,0.07184224305469616,False
235,Senna,enchanter,0.3065584763623527,427,Ivern,enchanter,0.3840753113494868,0.855423629283905,0.07751683498713408,True
235,Senna,enchanter,0.3065584763623527,432,Bard,roamer,0.50600255496554,0.842871904373169,0.1994440786031873,False
235,Senna,enchanter,0.3065584763623527,497,Rakan,engage_tank,0.41947699137498845,1.3456755876541138,0.11291851501263572,False
235,Senna,enchanter,0.3065584763623527,518,Neeko,mage_support,0.40898110252189884,1.2932900190353394,0.10242262615954612,False
235,Senna,enchanter,0.3065584763623527,526,Rell,engage_tank,0.43924832137001174,1.421217918395996,0.132689845007659,False
235,Senna,enchanter,0.3065584763623527,555,Pyke,roamer,0.48992491705204544,1.226483702659607,0.1833664406896927,False
235,Senna,enchanter,0.3065584763623527,888,Renata Glasc,enchanter,0.34670721811651767,0.9070164561271667,0.04014874175416494,True
235,Senna,enchanter,0.3065584763623527,902,Milio,enchanter,0.2948014635986576,0.8497548699378967,0.011757012763695118,True
267,Nami,enchanter,0.34688656312512534,350,Yuumi,enchanter,0.15100188963925057,1.2189562320709229,0.19588467348587477,True
267,Nami,enchanter,0.34688656312512534,412,Thresh,hook,0.3784007194170489,0.8545483946800232,0.031514156291923556,False
267,Nami,enchanter,0.34688656312512534,427,Ivern,enchanter,0.3840753113494868,0.6753374338150024,0.03718874822436147,True
267,Nami,enchanter,0.34688656312512534,432,Bard,roamer,0.50600255496554,1.1183499097824097,0.1591159918404147,False
267,Nami,enchanter,0.34688656312512534,497,Rakan,engage_tank,0.41947699137498845,1.0857330560684204,0.07259042824986311,False
267,Nami,enchanter,0.34688656312512534,518,Neeko,mage_support,0.40898110252189884,1.2815611362457275,0.06209453939677351,False
267,Nami,enchanter,0.34688656312512534,526,Rell,engage_tank,0.43924832137001174,0.8875033259391785,0.0923617582448864,False
267,Nami,enchanter,0.34688656312512534,555,Pyke,roamer,0.48992491705204544,0.9898529648780823,0.1430383539269201,False
267,Nami,enchanter,0.34688656312512534,888,Renata Glasc,enchanter,0.34670721811651767,0.7988357543945312,0.00017934500860766756,True
267,Nami,enchanter,0.34688656312512534,902,Milio,enchanter,0.2948014635986576,0.8981996774673462,0.052085099526467726,True
350,Yuumi,enchanter,0.15100188963925057,412,Thresh,hook,0.3784007194170489,0.9733558297157288,0.22739882977779832,False
350,Yuumi,enchanter,0.15100188963925057,427,Ivern,enchanter,0.3840753113494868,1.3046332597732544,0.23307342171023623,True
350,Yuumi,enchanter,0.15100188963925057,432,Bard,roamer,0.50600255496554,1.1870309114456177,0.3550006653262895,False
350,Yuumi,enchanter,0.15100188963925057,497,Rakan,engage_tank,0.41947699137498845,1.2223631143569946,0.26847510173573785,False
350,Yuumi,enchanter,0.15100188963925057,518,Neeko,mage_support,0.40898110252189884,1.0692692995071411,0.25797921288264825,False
350,Yuumi,enchanter,0.15100188963925057,526,Rell,engage_tank,0.43924832137001174,1.2634475231170654,0.28824643173076114,False
350,Yuumi,enchanter,0.15100188963925057,555,Pyke,roamer,0.48992491705204544,1.316039800643921,0.3389230274127949,False
350,Yuumi,enchanter,0.15100188963925057,888,Renata Glasc,enchanter,0.34670721811651767,0.7808398008346558,0.1957053284772671,True
350,Yuumi,enchanter,0.15100188963925057,902,Milio,enchanter,0.2948014635986576,0.520784318447113,0.14379957395940704,True
412,Thresh,hook,0.3784007194170489,427,Ivern,enchanter,0.3840753113494868,0.884636640548706,0.005674591932437911,False
412,Thresh,hook,0.3784007194170489,432,Bard,roamer,0.50600255496554,1.1469964981079102,0.12760183554849114,False
412,Thresh,hook,0.3784007194170489,497,Rakan,engage_tank,0.41947699137498845,0.9913260340690613,0.04107627195793956,False
412,Thresh,hook,0.3784007194170489,518,Neeko,mage_support,0.40898110252189884,1.17865788936615,0.03058038310484995,False
412,Thresh,hook,0.3784007194170489,526,Rell,engage_tank,0.43924832137001174,0.832947313785553,0.06084760195296285,False
412,Thresh,hook,0.3784007194170489,555,Pyke,roamer,0.48992491705204544,1.1108933687210083,0.11152419763499655,False
412,Thresh,hook,0.3784007194170489,888,Renata Glasc,enchanter,0.34670721811651767,1.328425645828247,0.031693501300531224,False
412,Thresh,hook,0.3784007194170489,902,Milio,enchanter,0.2948014635986576,0.8723620176315308,0.08359925581839128,False
427,Ivern,enchanter,0.3840753113494868,432,Bard,roamer,0.50600255496554,0.7009603977203369,0.12192724361605323,False
427,Ivern,enchanter,0.3840753113494868,497,Rakan,engage_tank,0.41947699137498845,0.44163668155670166,0.03540168002550165,False
427,Ivern,enchanter,0.3840753113494868,518,Neeko,mage_support,0.40898110252189884,1.4462400674819946,0.02490579117241204,False
427,Ivern,enchanter,0.3840753113494868,526,Rell,engage_tank,0.43924832137001174,0.9260147213935852,0.05517301002052494,False
427,Ivern,enchanter,0.3840753113494868,555,Pyke,roamer,0.48992491705204544,0.9558823108673096,0.10584960570255864,False
427,Ivern,enchanter,0.3840753113494868,888,Renata Glasc,enchanter,0.34670721811651767,0.992107629776001,0.037368093232969135,True
427,Ivern,enchanter,0.3840753113494868,902,Milio,enchanter,0.2948014635986576,1.4319257736206055,0.0892738477508292,True
432,Bard,roamer,0.50600255496554,497,Rakan,engage_tank,0.41947699137498845,1.2975366115570068,0.08652556359055158,False
432,Bard,roamer,0.50600255496554,518,Neeko,mage_support,0.40898110252189884,1.003869891166687,0.09702145244364119,False
432,Bard,roamer,0.50600255496554,526,Rell,engage_tank,0.43924832137001174,0.8303998708724976,0.06675423359552829,False
432,Bard,roamer,0.50600255496554,555,Pyke,roamer,0.48992491705204544,1.4150657653808594,0.01607763791349459,True
432,Bard,roamer,0.50600255496554,888,Renata Glasc,enchanter,0.34670721811651767,0.5846878886222839,0.15929533684902236,False
432,Bard,roamer,0.50600255496554,902,Milio,enchanter,0.2948014635986576,0.838249921798706,0.21120109136688242,False
497,Rakan,engage_tank,0.41947699137498845,518,Neeko,mage_support,0.40898110252189884,1.088945984840393,0.010495888853089608,False
497,Rakan,engage_tank,0.41947699137498845,526,Rell,engage_tank,0.43924832137001174,0.7080981731414795,0.01977132999502329,True
497,Rakan,engage_tank,0.41947699137498845,555,Pyke,roamer,0.48992491705204544,0.4418484568595886,0.07044792567705699,False
497,Rakan,engage_tank,0.41947699137498845,888,Renata Glasc,enchanter,0.34670721811651767,1.275583028793335,0.07276977325847078,False
497,Rakan,engage_tank,0.41947699137498845,902,Milio,enchanter,0.2948014635986576,1.5553359985351562,0.12467552777633084,False
518,Neeko,mage_support,0.40898110252189884,526,Rell,engage_tank,0.43924832137001174,0.7405204176902771,0.030267218848112898,False
518,Neeko,mage_support,0.40898110252189884,555,Pyke,roamer,0.48992491705204544,0.715929388999939,0.0809438145301466,False
518,Neeko,mage_support,0.40898110252189884,888,Renata Glasc,enchanter,0.34670721811651767,1.1313273906707764,0.062273884405381175,False
518,Neeko,mage_support,0.40898110252189884,902,Milio,enchanter,0.2948014635986576,1.0118701457977295,0.11417963892324123,False
526,Rell,engage_tank,0.43924832137001174,555,Pyke,roamer,0.48992491705204544,0.6858430504798889,0.0506765956820337,False
526,Rell,engage_tank,0.43924832137001174,888,Renata Glasc,enchanter,0.34670721811651767,0.8767585158348083,0.09254110325349407,False
526,Rell,engage_tank,0.43924832137001174,902,Milio,enchanter,0.2948014635986576,0.9142189621925354,0.14444685777135413,False
555,Pyke,roamer,0.48992491705204544,888,Renata Glasc,enchanter,0.34670721811651767,1.1653562784194946,0.14321769893552777,False
555,Pyke,roamer,0.48992491705204544,902,Milio,enchanter,0.2948014635986576,1.417131781578064,0.19512345345338783,False
888,Renata Glasc,enchanter,0.34670721811651767,902,Milio,enchanter,0.2948014635986576,0.6454216241836548,0.05190575451786006,True
