champion_name,count,mean,median,std,q25,q75
AurelionSol,127,0.5421191918629601,0.5456453634085212,0.22836461865840424,0.387132955502383,0.7275
Twitch,103,0.5014226375510686,0.4815754419956406,0.22593563820674506,0.3267857142857143,0.6453707916287534
Nunu,44,0.49541807394177223,0.5190694680385055,0.17846999078987155,0.34080104996379434,0.6437499999999999
Elise,4612,0.4152986385606995,0.40665039650185386,0.18583539826201967,0.28186245658016407,0.5357142857142858
Shaco,1272,0.41309700011874806,0.4004783393501805,0.20862790685980226,0.2571482324183874,0.5578512895497433
Jax,191,0.40404500803849647,0.3869343986543314,0.2133073724652508,0.21758374203647327,0.5609335002782415
Akshan,34,0.3982784797847947,0.40279583329016755,0.1344994856637831,0.33129399046776337,0.46473214285714287
Briar,33,0.392914083796435,0.38339697919635224,0.1339724254272733,0.2833333333333333,0.49306820706509663
Leblanc,713,0.39284920506199805,0.39210097055705084,0.1778491424451011,0.2600765306122449,0.5075318246110325
Rammus,97,0.38320089631556653,0.3689437155352729,0.19662506980132965,0.24664003521990788,0.5333333333333334
Camille,444,0.38068708149325065,0.3605003241841366,0.17381725958781669,0.25110142677134395,0.49108845918883964
Singed,103,0.36900248865111196,0.3459656084656085,0.1908523739850096,0.21912371372337364,0.5075815429521773
Sylas,1161,0.36700003796546754,0.3539656259854935,0.17770322205877756,0.23278791178872857,0.474284331060032
Pyke,10195,0.3662172141823436,0.3547745525833175,0.1716730495305635,0.24348628037020942,0.4794253608903241
XinZhao,67,0.3655846830816641,0.3341150911403137,0.18700927123129105,0.2256984488581436,0.5333333333333334
Vi,43,0.36242237117473275,0.3378002170243549,0.15860693218525568,0.24166666666666667,0.49720037724898436
Bard,19960,0.35890465647764414,0.34878024552276293,0.16682868851946603,0.23775589307960218,0.46640173603851237
MasterYi,25,0.35634781072760974,0.2902464065708419,0.23419151601150187,0.18333333333333335,0.4985269709543569
Poppy,3025,0.3561136237831601,0.34961416490486263,0.17105005468830256,0.23133116883116883,0.46566759603469643
Qiyana,122,0.3545010056267839,0.3468265564915992,0.17111078854886141,0.2440855105204291,0.4558735139547067
Pantheon,3430,0.35449462281762717,0.34063125569527464,0.17900292461700326,0.22340713665349946,0.4698374582996836
Nidalee,866,0.33732495622398945,0.3149825001914671,0.19002872366084428,0.19147735219482642,0.46083157121112367
Quinn,39,0.33489779224589006,0.32347944723175776,0.1420152004759238,0.24791040556383642,0.4243486054541657
TwistedFate,151,0.33311599379654094,0.3287335451656832,0.18051007525907373,0.18315459924964284,0.4596560020500361
Fiora,53,0.3303946524166211,0.31571365248226946,0.17754879561039058,0.19166666666666668,0.45230053420644495
Kennen,54,0.3283161775996511,0.3010926047672109,0.17278427383498515,0.20889372714037144,0.43567968173644755
Ekko,136,0.32470864633811725,0.2972563998557779,0.16670488461622943,0.20700452140670964,0.43051468899925716
LeeSin,101,0.3220443818656024,0.2972193790515183,0.2031648204363118,0.1404690618762475,0.4666666666666667
Alistar,12711,0.32157999944280324,0.3075983878615458,0.1684004095409413,0.19475478955362197,0.4286475107658697
Vayne,21,0.31861683559564946,0.28897166228454574,0.15572741348980054,0.22961522717969707,0.36000000000000004
RekSai,80,0.31528103756134557,0.26933041843409844,0.18281285216472457,0.1926962876803851,0.41227904082109873
Sejuani,58,0.3146366516474958,0.2927351889585499,0.17072611614291083,0.17011805565480867,0.455801611644719
Skarner,115,0.31157107540040335,0.3246640537513998,0.15663953352807838,0.2025462356023865,0.3885443897044038
Galio,770,0.31093906160324314,0.2893821733056191,0.1624665327916784,0.19353996001241994,0.4006443625729013
Taliyah,284,0.30905950243954056,0.2945991206656515,0.1618917040592042,0.1882369719575458,0.4105175725675099
Rell,10801,0.30848136064705567,0.296127029608405,0.16310766919536704,0.18626801632925105,0.41476592749032026
JarvanIV,300,0.30757687572102854,0.29340009948955137,0.18474390029014529,0.1635828225076823,0.41526435215325047
Blitzcrank,7662,0.3075439045614022,0.28967904644052467,0.1645972424193008,0.18347867778467103,0.4166666666666667
Aatrox,51,0.30711868047787727,0.29801130627902284,0.17706190364696603,0.20224293694096476,0.43156454783748366
Rengar,92,0.30420595415302176,0.3131361421807385,0.1701679380900698,0.1759996690603449,0.39661064588717954
Zoe,1614,0.30371240628730617,0.2847163502275449,0.1634250748408406,0.18147965663732318,0.40448581463327077
Janna,12618,0.3035536710962898,0.2844781179535515,0.1752802343194132,0.17242280265983073,0.413921499721396
Lissandra,169,0.30174581534804296,0.29131299373467723,0.15811148471865297,0.1761255115961801,0.4079182295573893
Gragas,301,0.30041872289244936,0.28994612443517553,0.18630208666657486,0.15714285714285714,0.3975962004458661
Trundle,407,0.2998453702783642,0.28120336630227316,0.18527796093456564,0.15745642701525053,0.41238905970354733
Maokai,2247,0.2988276650774011,0.2833333333333333,0.1631395398890498,0.17752363653159503,0.4
Chogath,57,0.2958289433864849,0.2831081081081081,0.14558418502783155,0.18820572844946298,0.41239304200852145
Leona,10671,0.29238442650520174,0.27277029528834584,0.1671247386120716,0.1673183487621486,0.3941880198777061
Zac,295,0.2919195405224536,0.2655096904925319,0.18338835728284195,0.1471488965585106,0.4030268948054183
Rakan,13786,0.2914299192928366,0.2766958514777502,0.1607227074708831,0.17077207168073505,0.39350078658729226
Nautilus,25871,0.2903489796709834,0.2764004149377593,0.1582734405720032,0.1723453187718817,0.3916666666666667
Amumu,633,0.2848545764211289,0.2756238200771567,0.16166231675043455,0.15757502420135527,0.3947909553076865
Neeko,8722,0.28364713921781237,0.2654849107355662,0.15815330572898276,0.16424379229757052,0.3855047472293379
Ivern,309,0.2835330871223793,0.2630558428128232,0.17109832586540075,0.14210471422611598,0.4055423782416192
Syndra,60,0.28190095573247015,0.24198541037959462,0.1785846777648489,0.15230422560327167,0.3837710014600521
FiddleSticks,1305,0.2772251554078009,0.2601809954751131,0.1664686445103534,0.15067466266866564,0.3729725337233869
Karma,23653,0.26684791450238804,0.2491747296528173,0.1588279222245221,0.1459981386691484,0.36777891854893907
Teemo,198,0.26677335861418516,0.24577487118509714,0.16728247523456924,0.13795579705422312,0.3578610709132085
Rumble,69,0.26642781282971134,0.23537375607498262,0.17326108340241866,0.1164317410597755,0.39333333333333337
Katarina,25,0.2645832049387211,0.20703441295546554,0.17050731175500503,0.1370404839460214,0.4088381555153707
Sett,52,0.26342565789847017,0.2193760318534764,0.16051596930320183,0.14761392418366595,0.35673095210058653
Zed,120,0.26110818290028465,0.24460985991895084,0.1641932216471135,0.1313141278610892,0.36418688538983846
Brand,990,0.25964946795135274,0.2317929248028347,0.17728185344040367,0.12808080061758734,0.35744038798085365
Thresh,17412,0.25948364509712807,0.24213609207413064,0.15306573401321136,0.14222608886857818,0.3561107727666792
Vex,46,0.2580560540910576,0.2403517917361419,0.1550960744629193,0.1642084423023968,0.34992143274267823
KSante,201,0.2579194771461092,0.24047619047619045,0.1550954326061721,0.13333333333333333,0.35
Ezreal,90,0.25534913648981317,0.20198842419716206,0.17803488946126722,0.13585353339420228,0.3623933565162344
Ahri,48,0.254589163613106,0.2029952433512036,0.1994421195135055,0.11355169880450866,0.34062638159113023
Annie,393,0.24923637577634436,0.2132929092619429,0.17161357038937536,0.12251153192522454,0.33384200354324367
TahmKench,1397,0.24905235738771006,0.2336823734729494,0.14977304399244132,0.1339779005524862,0.336443310920473
Sion,85,0.24559164616534546,0.25600874935666496,0.14972341156387803,0.11703078450844091,0.3619047619047619
Morgana,1753,0.24487678106679384,0.22188519243313762,0.16108010962409888,0.12267867191896453,0.3388132941666385
Lux,2534,0.2440838610384573,0.21944760787757125,0.15960881645800948,0.12278068900007408,0.3360353964344879
Zilean,5300,0.24383734469121365,0.22144403215831787,0.1614765907726149,0.1191959407739179,0.34357349993117614
Braum,13343,0.2432864970440564,0.2242852161785216,0.15117886489592475,0.1270781367055871,0.3383143613061434
Shen,818,0.2431003315284245,0.2180546270168584,0.15780121318412826,0.13132849650937176,0.3239193304423503
Anivia,1065,0.24202594648066325,0.21229976209357657,0.15407644977413995,0.12809694793536802,0.339017521902378
DrMundo,21,0.24187804157245626,0.2246584699453552,0.12158571844480419,0.180248387867208,0.3050936500685244
Ornn,41,0.24053365790868228,0.1921719602181585,0.1667257117621506,0.12329627931851173,0.2833333333333333
Heimerdinger,172,0.23564552510594636,0.19972576673382586,0.1692808159155857,0.11731947003005894,0.3311308214263816
Zaahen,30,0.23559206366892035,0.20198746262427372,0.16360808184948952,0.10802336803558307,0.31524768620577426
Urgot,21,0.23438563430681236,0.2021895492155045,0.18536288952325,0.09330070357907616,0.29830893488137306
Mel,697,0.23293395046349108,0.2062118691070438,0.1542587640686908,0.11097085658605721,0.32485000810766984
Karthus,103,0.227071957865839,0.19230458609749068,0.15595904091217636,0.10286305873748439,0.3312130837923011
Renata,2179,0.2265630782546803,0.2,0.14895011325581867,0.11011603375527426,0.32325166316013
Varus,24,0.2263012651776237,0.185785658333671,0.17347186036055937,0.12143954546208131,0.30656296023564067
Nasus,92,0.22538281300328827,0.19923312086360845,0.15192171970131063,0.10752527356608682,0.32580320541407143
Nami,31107,0.22499688211067967,0.2,0.1502229680845834,0.10942417859324596,0.3156109096598919
Velkoz,2823,0.2230785591188721,0.2,0.14560254744468204,0.11340153625580601,0.311081569321729
Veigar,328,0.21803434556852513,0.1854592379438143,0.15367962166540805,0.10939102680166156,0.2993716153813861
Kindred,36,0.21791375543530545,0.18462811821772812,0.18038716049188944,0.10057729238195312,0.29614280412191074
Sona,10084,0.2161981934522519,0.18645527983272503,0.15276074215024313,0.09947846190827306,0.3048890888270281
Swain,1167,0.21584898417627135,0.19368481302467566,0.14385592466381847,0.10439719678476125,0.3015514585114143
Taric,4232,0.21424342338483746,0.1885514762982053,0.15305951583768135,0.09575070512112693,0.30307419834735727
Hwei,407,0.21396514665073435,0.1891075219896876,0.14143627113229115,0.09965671696589198,0.2967601335697966
Ashe,470,0.2119687374681953,0.17709992433570476,0.15127831402118894,0.10229413460615089,0.291314539949601
Lulu,19513,0.20760708376061907,0.18286987900658033,0.1452715322622052,0.09536285040607806,0.2918125171813433
Soraka,6096,0.20696327127740158,0.18193760504164905,0.14305274820883182,0.09769108689506287,0.2884691054000564
MonkeyKing,23,0.20548421875248693,0.18526080084299262,0.1304275474797364,0.13403465275298626,0.22878269132604995
Orianna,131,0.20291182261734148,0.17460063897763578,0.14953089709571205,0.0735661268556005,0.28998188315409984
Zyra,1333,0.20205472870344102,0.173460211874846,0.1391294706872412,0.09598066949552095,0.28507242818561257
Malphite,110,0.20169590789184408,0.17733821246736375,0.1315904321232633,0.09876098817823581,0.28314693411921604
Seraphine,6120,0.19915754909867098,0.17398778641758147,0.14020276277081348,0.09237425763060245,0.2800822763132953
Senna,9009,0.1976372065922743,0.16666666666666666,0.15024912967713128,0.08333333333333333,0.28022613065326635
Milio,6756,0.1844312386213246,0.15791131617033966,0.1380540981815456,0.07879360635140292,0.26205654777037307
Xerath,708,0.1824484910875684,0.15744444593481738,0.13090645551927074,0.08350733110616182,0.2521868966445331
Ziggs,26,0.1705249152783224,0.13970755995001094,0.12087049673120301,0.08552537141277416,0.2075280060761782
MissFortune,32,0.16341190544365763,0.13178590044305444,0.13410211586264772,0.06937957358755895,0.20669778470800917
Kayle,53,0.16306932924098036,0.14166666666666666,0.13894555856311228,0.04953505007153073,0.23664302600472814
KogMaw,31,0.15987878121688076,0.15714285714285714,0.09429094861843432,0.10081490834554557,0.2215897665254425
Yuumi,3921,0.0930763934445403,0.05703471678412946,0.11890805893669593,0.010551948051948035,0.12386723091390953
