support_champion_id,support_name,support_archetype,neighbor_rank,neighbor_champion_id,neighbor_name,neighbor_support_archetype,neighbor_primary_class,cosine_distance,cosine_similarity,same_support_archetype,same_primary_class
1,Annie,mage_support,1,12,Alistar,engage_tank,Tank,0.38273584842681885,0.6172641515731812,False,False
1,Annie,mage_support,2,50,Swain,mage_support,Mage,0.5138574838638306,0.48614251613616943,True,True
1,Annie,mage_support,3,412,Thresh,hook,Support,0.5349014401435852,0.4650985598564148,False,False
1,Annie,mage_support,4,427,Ivern,enchanter,Support,0.5656346678733826,0.43436533212661743,False,False
1,Annie,mage_support,5,235,Senna,enchanter,Marksman,0.652782678604126,0.347217321395874,False,False
9,Fiddlesticks,mage_support,1,40,Janna,enchanter,Support,0.3662392497062683,0.6337607502937317,False,False
9,Fiddlesticks,mage_support,2,32,Amumu,engage_tank,Tank,0.5687029957771301,0.4312970042228699,False,False
9,Fiddlesticks,mage_support,3,526,Rell,engage_tank,Tank,0.57679283618927,0.42320716381073,False,False
9,Fiddlesticks,mage_support,4,902,Milio,enchanter,Support,0.5974116325378418,0.4025883674621582,False,False
9,Fiddlesticks,mage_support,5,10,Kayle,enchanter,Fighter,0.614825427532196,0.38517457246780396,False,False
10,Kayle,enchanter,1,80,Pantheon,engage_tank,Fighter,0.5648900270462036,0.4351099729537964,False,True
10,Kayle,enchanter,2,9,Fiddlesticks,mage_support,Mage,0.614825427532196,0.38517457246780396,False,False
10,Kayle,enchanter,3,44,Taric,warden,Support,0.6826423406600952,0.3173576593399048,False,False
10,Kayle,enchanter,4,555,Pyke,roamer,Support,0.7027952671051025,0.29720473289489746,False,False
10,Kayle,enchanter,5,43,Karma,enchanter,Mage,0.7255070209503174,0.2744929790496826,True,False
12,Alistar,engage_tank,1,1,Annie,mage_support,Mage,0.38273584842681885,0.6172641515731812,False,False
12,Alistar,engage_tank,2,412,Thresh,hook,Support,0.49997419118881226,0.5000258088111877,False,False
12,Alistar,engage_tank,3,53,Blitzcrank,hook,Tank,0.6572157144546509,0.3427842855453491,False,True
12,Alistar,engage_tank,4,161,Vel'Koz,mage_support,Mage,0.6953607797622681,0.30463922023773193,False,False
12,Alistar,engage_tank,5,80,Pantheon,engage_tank,Fighter,0.7327356338500977,0.26726436614990234,True,False
16,Soraka,enchanter,1,223,Tahm Kench,warden,Support,0.6445784568786621,0.3554215431213379,False,True
16,Soraka,enchanter,2,101,Xerath,mage_support,Mage,0.6712378263473511,0.3287621736526489,False,False
16,Soraka,enchanter,3,350,Yuumi,enchanter,Support,0.7318426370620728,0.26815736293792725,True,True
16,Soraka,enchanter,4,201,Braum,warden,Support,0.805664598941803,0.19433540105819702,False,True
16,Soraka,enchanter,5,427,Ivern,enchanter,Support,0.8344402313232422,0.1655597686767578,True,True
25,Morgana,catcher,1,497,Rakan,engage_tank,Support,0.25857311487197876,0.7414268851280212,False,False
25,Morgana,catcher,2,427,Ivern,enchanter,Support,0.41551196575164795,0.584488034248352,False,False
25,Morgana,catcher,3,117,Lulu,enchanter,Support,0.474029004573822,0.525970995426178,False,False
25,Morgana,catcher,4,111,Nautilus,engage_tank,Tank,0.5025214552879333,0.49747854471206665,False,False
25,Morgana,catcher,5,26,Zilean,enchanter,Support,0.5203796029090881,0.47962039709091187,False,False
26,Zilean,enchanter,1,25,Morgana,catcher,Mage,0.5203796029090881,0.47962039709091187,False,False
26,Zilean,enchanter,2,111,Nautilus,engage_tank,Tank,0.5606926083564758,0.43930739164352417,False,False
26,Zilean,enchanter,3,63,Brand,mage_support,Mage,0.5777831077575684,0.42221689224243164,False,False
26,Zilean,enchanter,4,555,Pyke,roamer,Support,0.5838499069213867,0.4161500930786133,False,True
26,Zilean,enchanter,5,497,Rakan,engage_tank,Support,0.5898560285568237,0.41014397144317627,False,True
32,Amumu,engage_tank,1,147,Seraphine,enchanter,Mage,0.5404399633407593,0.4595600366592407,False,False
32,Amumu,engage_tank,2,432,Bard,roamer,Support,0.5518444776535034,0.4481555223464966,False,False
32,Amumu,engage_tank,3,9,Fiddlesticks,mage_support,Mage,0.5687029957771301,0.4312970042228699,False,False
32,Amumu,engage_tank,4,902,Milio,enchanter,Support,0.5975055694580078,0.4024944305419922,False,False
32,Amumu,engage_tank,5,526,Rell,engage_tank,Tank,0.6267150640487671,0.3732849359512329,True,True
37,Sona,enchanter,1,117,Lulu,enchanter,Support,0.4688987135887146,0.5311012864112854,True,True
37,Sona,enchanter,2,44,Taric,warden,Support,0.60086590051651,0.39913409948349,False,True
37,Sona,enchanter,3,74,Heimerdinger,mage_support,Mage,0.6291090846061707,0.37089091539382935,False,False
37,Sona,enchanter,4,201,Braum,warden,Support,0.6591991186141968,0.3408008813858032,False,True
37,Sona,enchanter,5,63,Brand,mage_support,Mage,0.7137671709060669,0.2862328290939331,False,False
40,Janna,enchanter,1,9,Fiddlesticks,mage_support,Mage,0.3662392497062683,0.6337607502937317,False,False
40,Janna,enchanter,2,223,Tahm Kench,warden,Support,0.5441402792930603,0.4558597207069397,False,True
40,Janna,enchanter,3,53,Blitzcrank,hook,Tank,0.5695769786834717,0.4304230213165283,False,False
40,Janna,enchanter,4,99,Lux,mage_support,Mage,0.6195608377456665,0.3804391622543335,False,False
40,Janna,enchanter,5,518,Neeko,mage_support,Mage,0.6706714630126953,0.3293285369873047,False,False
43,Karma,enchanter,1,53,Blitzcrank,hook,Tank,0.630058765411377,0.36994123458862305,False,False
43,Karma,enchanter,2,44,Taric,warden,Support,0.6434860229492188,0.35651397705078125,False,False
43,Karma,enchanter,3,555,Pyke,roamer,Support,0.6524493098258972,0.3475506901741028,False,False
43,Karma,enchanter,4,518,Neeko,mage_support,Mage,0.6829843521118164,0.3170156478881836,False,True
43,Karma,enchanter,5,57,Maokai,engage_tank,Tank,0.6917133331298828,0.3082866668701172,False,False
44,Taric,warden,1,902,Milio,enchanter,Support,0.45428919792175293,0.5457108020782471,False,True
44,Taric,warden,2,57,Maokai,engage_tank,Tank,0.48011815547943115,0.5198818445205688,False,False
44,Taric,warden,3,37,Sona,enchanter,Support,0.60086590051651,0.39913409948349,False,True
44,Taric,warden,4,350,Yuumi,enchanter,Support,0.6378229260444641,0.3621770739555359,False,True
44,Taric,warden,5,43,Karma,enchanter,Mage,0.6434860229492188,0.35651397705078125,False,False
50,Swain,mage_support,1,427,Ivern,enchanter,Support,0.3984549045562744,0.6015450954437256,False,False
50,Swain,mage_support,2,1,Annie,mage_support,Mage,0.5138574838638306,0.48614251613616943,True,True
50,Swain,mage_support,3,25,Morgana,catcher,Mage,0.5939444303512573,0.4060555696487427,False,True
50,Swain,mage_support,4,497,Rakan,engage_tank,Support,0.6451637148857117,0.35483628511428833,False,False
50,Swain,mage_support,5,143,Zyra,mage_support,Mage,0.695711612701416,0.304288387298584,True,True
53,Blitzcrank,hook,1,40,Janna,enchanter,Support,0.5695769786834717,0.4304230213165283,False,False
53,Blitzcrank,hook,2,43,Karma,enchanter,Mage,0.630058765411377,0.36994123458862305,False,False
53,Blitzcrank,hook,3,12,Alistar,engage_tank,Tank,0.6572157144546509,0.3427842855453491,False,True
53,Blitzcrank,hook,4,63,Brand,mage_support,Mage,0.727034330368042,0.272965669631958,False,False
53,Blitzcrank,hook,5,111,Nautilus,engage_tank,Tank,0.7655006051063538,0.23449939489364624,False,True
57,Maokai,engage_tank,1,111,Nautilus,engage_tank,Tank,0.4432653784751892,0.5567346215248108,True,True
57,Maokai,engage_tank,2,44,Taric,warden,Support,0.48011815547943115,0.5198818445205688,False,False
57,Maokai,engage_tank,3,63,Brand,mage_support,Mage,0.507057785987854,0.492942214012146,False,False
57,Maokai,engage_tank,4,555,Pyke,roamer,Support,0.6198607683181763,0.38013923168182373,False,False
57,Maokai,engage_tank,5,99,Lux,mage_support,Mage,0.6616507768630981,0.33834922313690186,False,False
63,Brand,mage_support,1,57,Maokai,engage_tank,Tank,0.507057785987854,0.492942214012146,False,False
63,Brand,mage_support,2,111,Nautilus,engage_tank,Tank,0.557801365852356,0.44219863414764404,False,False
63,Brand,mage_support,3,26,Zilean,enchanter,Support,0.5777831077575684,0.42221689224243164,False,False
63,Brand,mage_support,4,117,Lulu,enchanter,Support,0.6454035043716431,0.35459649562835693,False,False
63,Brand,mage_support,5,101,Xerath,mage_support,Mage,0.6548599004745483,0.34514009952545166,True,True
74,Heimerdinger,mage_support,1,412,Thresh,hook,Support,0.3831765055656433,0.6168234944343567,False,False
74,Heimerdinger,mage_support,2,350,Yuumi,enchanter,Support,0.5926089882850647,0.4073910117149353,False,False
74,Heimerdinger,mage_support,3,37,Sona,enchanter,Support,0.6291090846061707,0.37089091539382935,False,False
74,Heimerdinger,mage_support,4,161,Vel'Koz,mage_support,Mage,0.7534350752830505,0.24656492471694946,True,True
74,Heimerdinger,mage_support,5,117,Lulu,enchanter,Support,0.793683648109436,0.20631635189056396,False,False
80,Pantheon,engage_tank,1,10,Kayle,enchanter,Fighter,0.5648900270462036,0.4351099729537964,False,True
80,Pantheon,engage_tank,2,9,Fiddlesticks,mage_support,Mage,0.6597415208816528,0.34025847911834717,False,False
80,Pantheon,engage_tank,3,12,Alistar,engage_tank,Tank,0.7327356338500977,0.26726436614990234,True,False
80,Pantheon,engage_tank,4,555,Pyke,roamer,Support,0.7825039625167847,0.21749603748321533,False,False
80,Pantheon,engage_tank,5,53,Blitzcrank,hook,Tank,0.8033616542816162,0.1966383457183838,False,False
89,Leona,engage_tank,1,57,Maokai,engage_tank,Tank,0.6649677753448486,0.33503222465515137,True,True
89,Leona,engage_tank,2,1,Annie,mage_support,Mage,0.7068556547164917,0.2931443452835083,False,False
89,Leona,engage_tank,3,37,Sona,enchanter,Support,0.7357632517814636,0.2642367482185364,False,False
89,Leona,engage_tank,4,235,Senna,enchanter,Marksman,0.7805799245834351,0.21942007541656494,False,False
89,Leona,engage_tank,5,201,Braum,warden,Support,0.7856755256652832,0.2143244743347168,False,False
99,Lux,mage_support,1,25,Morgana,catcher,Mage,0.592566967010498,0.40743303298950195,False,True
99,Lux,mage_support,2,40,Janna,enchanter,Support,0.6195608377456665,0.3804391622543335,False,False
99,Lux,mage_support,3,26,Zilean,enchanter,Support,0.6326581239700317,0.36734187602996826,False,False
99,Lux,mage_support,4,350,Yuumi,enchanter,Support,0.6399925947189331,0.3600074052810669,False,False
99,Lux,mage_support,5,111,Nautilus,engage_tank,Tank,0.6458696126937866,0.3541303873062134,False,False
101,Xerath,mage_support,1,350,Yuumi,enchanter,Support,0.36903589963912964,0.6309641003608704,False,False
101,Xerath,mage_support,2,26,Zilean,enchanter,Support,0.5914109945297241,0.4085890054702759,False,False
101,Xerath,mage_support,3,44,Taric,warden,Support,0.6454249620437622,0.3545750379562378,False,False
101,Xerath,mage_support,4,63,Brand,mage_support,Mage,0.6548599004745483,0.34514009952545166,True,True
101,Xerath,mage_support,5,16,Soraka,enchanter,Support,0.6712378263473511,0.3287621736526489,False,False
111,Nautilus,engage_tank,1,57,Maokai,engage_tank,Tank,0.4432653784751892,0.5567346215248108,True,True
111,Nautilus,engage_tank,2,518,Neeko,mage_support,Mage,0.4491721987724304,0.5508278012275696,False,False
111,Nautilus,engage_tank,3,25,Morgana,catcher,Mage,0.5025214552879333,0.49747854471206665,False,False
111,Nautilus,engage_tank,4,63,Brand,mage_support,Mage,0.557801365852356,0.44219863414764404,False,False
111,Nautilus,engage_tank,5,26,Zilean,enchanter,Support,0.5606926083564758,0.43930739164352417,False,False
117,Lulu,enchanter,1,37,Sona,enchanter,Support,0.4688987135887146,0.5311012864112854,True,True
117,Lulu,enchanter,2,25,Morgana,catcher,Mage,0.474029004573822,0.525970995426178,False,False
117,Lulu,enchanter,3,201,Braum,warden,Support,0.6123970746994019,0.38760292530059814,False,True
117,Lulu,enchanter,4,63,Brand,mage_support,Mage,0.6454035043716431,0.35459649562835693,False,False
117,Lulu,enchanter,5,497,Rakan,engage_tank,Support,0.6526550054550171,0.3473449945449829,False,True
143,Zyra,mage_support,1,350,Yuumi,enchanter,Support,0.5636796355247498,0.43632036447525024,False,False
143,Zyra,mage_support,2,902,Milio,enchanter,Support,0.6242889165878296,0.3757110834121704,False,False
143,Zyra,mage_support,3,44,Taric,warden,Support,0.6797980070114136,0.3202019929885864,False,False
143,Zyra,mage_support,4,201,Braum,warden,Support,0.689975917339325,0.31002408266067505,False,False
143,Zyra,mage_support,5,50,Swain,mage_support,Mage,0.695711612701416,0.304288387298584,True,True
147,Seraphine,enchanter,1,32,Amumu,engage_tank,Tank,0.5404399633407593,0.4595600366592407,False,False
147,Seraphine,enchanter,2,267,Nami,enchanter,Support,0.5670620203018188,0.43293797969818115,True,False
147,Seraphine,enchanter,3,350,Yuumi,enchanter,Support,0.6869480609893799,0.3130519390106201,True,False
147,Seraphine,enchanter,4,526,Rell,engage_tank,Tank,0.7577171921730042,0.24228280782699585,False,False
147,Seraphine,enchanter,5,101,Xerath,mage_support,Mage,0.7621891498565674,0.23781085014343262,False,True
161,Vel'Koz,mage_support,1,267,Nami,enchanter,Support,0.4054141044616699,0.5945858955383301,False,False
161,Vel'Koz,mage_support,2,412,Thresh,hook,Support,0.47780030965805054,0.5221996903419495,False,False
161,Vel'Koz,mage_support,3,12,Alistar,engage_tank,Tank,0.6953607797622681,0.30463922023773193,False,False
161,Vel'Koz,mage_support,4,44,Taric,warden,Support,0.7110812664031982,0.28891873359680176,False,False
161,Vel'Koz,mage_support,5,43,Karma,enchanter,Mage,0.7340467572212219,0.2659532427787781,False,True
201,Braum,warden,1,117,Lulu,enchanter,Support,0.6123970746994019,0.38760292530059814,False,True
201,Braum,warden,2,497,Rakan,engage_tank,Support,0.6411402225494385,0.3588597774505615,False,True
201,Braum,warden,3,37,Sona,enchanter,Support,0.6591991186141968,0.3408008813858032,False,True
201,Braum,warden,4,143,Zyra,mage_support,Mage,0.689975917339325,0.31002408266067505,False,False
201,Braum,warden,5,25,Morgana,catcher,Mage,0.7443290948867798,0.2556709051132202,False,False
223,Tahm Kench,warden,1,40,Janna,enchanter,Support,0.5441402792930603,0.4558597207069397,False,True
223,Tahm Kench,warden,2,432,Bard,roamer,Support,0.5478654503822327,0.45213454961776733,False,True
223,Tahm Kench,warden,3,888,Renata Glasc,enchanter,Support,0.5909658670425415,0.4090341329574585,False,True
223,Tahm Kench,warden,4,9,Fiddlesticks,mage_support,Mage,0.6279155015945435,0.37208449840545654,False,False
223,Tahm Kench,warden,5,902,Milio,enchanter,Support,0.6303828954696655,0.3696171045303345,False,True
235,Senna,enchanter,1,1,Annie,mage_support,Mage,0.652782678604126,0.347217321395874,False,False
235,Senna,enchanter,2,44,Taric,warden,Support,0.7212283611297607,0.27877163887023926,False,False
235,Senna,enchanter,3,10,Kayle,enchanter,Fighter,0.745734691619873,0.25426530838012695,True,False
235,Senna,enchanter,4,89,Leona,engage_tank,Tank,0.7805799245834351,0.21942007541656494,False,False
235,Senna,enchanter,5,350,Yuumi,enchanter,Support,0.7971181869506836,0.2028818130493164,True,False
267,Nami,enchanter,1,161,Vel'Koz,mage_support,Mage,0.4054141044616699,0.5945858955383301,False,False
267,Nami,enchanter,2,147,Seraphine,enchanter,Mage,0.5670620203018188,0.43293797969818115,True,False
267,Nami,enchanter,3,427,Ivern,enchanter,Support,0.6753374338150024,0.32466256618499756,True,True
267,Nami,enchanter,4,32,Amumu,engage_tank,Tank,0.6872498393058777,0.3127501606941223,False,False
267,Nami,enchanter,5,26,Zilean,enchanter,Support,0.7530654072761536,0.24693459272384644,True,True
350,Yuumi,enchanter,1,101,Xerath,mage_support,Mage,0.36903589963912964,0.6309641003608704,False,False
350,Yuumi,enchanter,2,902,Milio,enchanter,Support,0.520784318447113,0.47921568155288696,True,True
350,Yuumi,enchanter,3,143,Zyra,mage_support,Mage,0.5636796355247498,0.43632036447525024,False,False
350,Yuumi,enchanter,4,74,Heimerdinger,mage_support,Mage,0.5926089882850647,0.4073910117149353,False,False
350,Yuumi,enchanter,5,44,Taric,warden,Support,0.6378229260444641,0.3621770739555359,False,True
412,Thresh,hook,1,74,Heimerdinger,mage_support,Mage,0.3831765055656433,0.6168234944343567,False,False
412,Thresh,hook,2,161,Vel'Koz,mage_support,Mage,0.47780030965805054,0.5221996903419495,False,False
412,Thresh,hook,3,12,Alistar,engage_tank,Tank,0.49997419118881226,0.5000258088111877,False,False
412,Thresh,hook,4,1,Annie,mage_support,Mage,0.5349014401435852,0.4650985598564148,False,False
412,Thresh,hook,5,9,Fiddlesticks,mage_support,Mage,0.7781814336776733,0.22181856632232666,False,False
427,Ivern,enchanter,1,50,Swain,mage_support,Mage,0.3984549045562744,0.6015450954437256,False,False
427,Ivern,enchanter,2,25,Morgana,catcher,Mage,0.41551196575164795,0.584488034248352,False,False
427,Ivern,enchanter,3,497,Rakan,engage_tank,Support,0.44163668155670166,0.5583633184432983,False,True
427,Ivern,enchanter,4,1,Annie,mage_support,Mage,0.5656346678733826,0.43436533212661743,False,False
427,Ivern,enchanter,5,267,Nami,enchanter,Support,0.6753374338150024,0.32466256618499756,True,True
432,Bard,roamer,1,223,Tahm Kench,warden,Support,0.5478654503822327,0.45213454961776733,False,True
432,Bard,roamer,2,32,Amumu,engage_tank,Tank,0.5518444776535034,0.4481555223464966,False,False
432,Bard,roamer,3,888,Renata Glasc,enchanter,Support,0.5846878886222839,0.41531211137771606,False,True
432,Bard,roamer,4,9,Fiddlesticks,mage_support,Mage,0.6709656715393066,0.32903432846069336,False,False
432,Bard,roamer,5,427,Ivern,enchanter,Support,0.7009603977203369,0.2990396022796631,False,True
497,Rakan,engage_tank,1,25,Morgana,catcher,Mage,0.25857311487197876,0.7414268851280212,False,False
497,Rakan,engage_tank,2,427,Ivern,enchanter,Support,0.44163668155670166,0.5583633184432983,False,True
497,Rakan,engage_tank,3,555,Pyke,roamer,Support,0.4418484568595886,0.5581515431404114,False,True
497,Rakan,engage_tank,4,26,Zilean,enchanter,Support,0.5898560285568237,0.41014397144317627,False,True
497,Rakan,engage_tank,5,111,Nautilus,engage_tank,Tank,0.6220186948776245,0.3779813051223755,True,False
518,Neeko,mage_support,1,111,Nautilus,engage_tank,Tank,0.4491721987724304,0.5508278012275696,False,False
518,Neeko,mage_support,2,32,Amumu,engage_tank,Tank,0.6337389349937439,0.3662610650062561,False,False
518,Neeko,mage_support,3,40,Janna,enchanter,Support,0.6706714630126953,0.3293285369873047,False,False
518,Neeko,mage_support,4,43,Karma,enchanter,Mage,0.6829843521118164,0.3170156478881836,False,True
518,Neeko,mage_support,5,555,Pyke,roamer,Support,0.715929388999939,0.28407061100006104,False,False
526,Rell,engage_tank,1,9,Fiddlesticks,mage_support,Mage,0.57679283618927,0.42320716381073,False,False
526,Rell,engage_tank,2,32,Amumu,engage_tank,Tank,0.6267150640487671,0.3732849359512329,True,True
526,Rell,engage_tank,3,111,Nautilus,engage_tank,Tank,0.6532883644104004,0.3467116355895996,True,True
526,Rell,engage_tank,4,25,Morgana,catcher,Mage,0.662996768951416,0.337003231048584,False,False
526,Rell,engage_tank,5,40,Janna,enchanter,Support,0.6851993799209595,0.3148006200790405,False,False
555,Pyke,roamer,1,497,Rakan,engage_tank,Support,0.4418484568595886,0.5581515431404114,False,True
555,Pyke,roamer,2,26,Zilean,enchanter,Support,0.5838499069213867,0.4161500930786133,False,True
555,Pyke,roamer,3,57,Maokai,engage_tank,Tank,0.6198607683181763,0.38013923168182373,False,False
555,Pyke,roamer,4,43,Karma,enchanter,Mage,0.6524493098258972,0.3475506901741028,False,False
555,Pyke,roamer,5,526,Rell,engage_tank,Tank,0.6858430504798889,0.3141569495201111,False,False
888,Renata Glasc,enchanter,1,432,Bard,roamer,Support,0.5846878886222839,0.41531211137771606,False,True
888,Renata Glasc,enchanter,2,223,Tahm Kench,warden,Support,0.5909658670425415,0.4090341329574585,False,True
888,Renata Glasc,enchanter,3,902,Milio,enchanter,Support,0.6454216241836548,0.3545783758163452,True,True
888,Renata Glasc,enchanter,4,10,Kayle,enchanter,Fighter,0.7656813859939575,0.23431861400604248,True,False
888,Renata Glasc,enchanter,5,350,Yuumi,enchanter,Support,0.7808398008346558,0.21916019916534424,True,True
902,Milio,enchanter,1,44,Taric,warden,Support,0.45428919792175293,0.5457108020782471,False,True
902,Milio,enchanter,2,350,Yuumi,enchanter,Support,0.520784318447113,0.47921568155288696,True,True
902,Milio,enchanter,3,9,Fiddlesticks,mage_support,Mage,0.5974116325378418,0.4025883674621582,False,False
902,Milio,enchanter,4,32,Amumu,engage_tank,Tank,0.5975055694580078,0.4024944305419922,False,False
902,Milio,enchanter,5,143,Zyra,mage_support,Mage,0.6242889165878296,0.3757110834121704,False,False
