role_slot,champion_name,n
ally_bottom,Yunara,19104
ally_bottom,Ezreal,18544
ally_bottom,Kaisa,17764
ally_bottom,Jhin,15732
ally_bottom,Caitlyn,14990
ally_bottom,Corki,14133
ally_bottom,Varus,13228
ally_bottom,Aphelios,12765
ally_bottom,Jinx,11347
ally_bottom,Lucian,7475
ally_bottom,Sivir,7395
ally_bottom,Ashe,6733
ally_bottom,Draven,6250
ally_bottom,Twitch,6228
ally_bottom,Smolder,5619
ally_bottom,Tristana,5314
ally_bottom,MissFortune,4913
ally_bottom,Samira,4761
ally_bottom,Vayne,4498
ally_bottom,Xayah,4268
ally_bottom,Zeri,4017
ally_bottom,KogMaw,3500
ally_bottom,AurelionSol,3157
ally_bottom,Mel,3100
ally_bottom,Yasuo,3094
ally_bottom,Swain,2961
ally_bottom,Ziggs,2851
ally_bottom,Kalista,2419
ally_bottom,Senna,2348
ally_bottom,Velkoz,2236
ally_bottom,Nilah,2234
ally_bottom,Karthus,2204
ally_bottom,Veigar,1985
ally_bottom,Seraphine,1859
ally_bottom,Lux,1338
ally_bottom,Hwei,1119
ally_bottom,Cassiopeia,1114
ally_bottom,Vladimir,1065
ally_bottom,Brand,986
ally_bottom,Syndra,984
ally_bottom,Katarina,713
ally_bottom,Zilean,697
ally_bottom,Zyra,559
ally_bottom,Viktor,421
ally_bottom,Heimerdinger,355
ally_bottom,Naafiri,289
ally_bottom,Xerath,281
ally_bottom,Ekko,228
ally_bottom,Fiora,226
ally_bottom,Anivia,216
ally_bottom,Singed,214
ally_bottom,Malzahar,203
ally_bottom,Taliyah,200
ally_bottom,Sion,186
ally_bottom,Aurora,167
ally_bottom,Akshan,159
ally_bottom,Qiyana,154
ally_bottom,Viego,131
ally_bottom,Zoe,126
ally_bottom,Rengar,101
ally_bottom,Ahri,95
ally_bottom,Olaf,84
ally_bottom,TahmKench,84
ally_bottom,TwistedFate,69
ally_bottom,Yone,69
ally_bottom,Pantheon,64
ally_bottom,LeeSin,58
ally_bottom,Irelia,55
ally_bottom,Zed,55
ally_bottom,Ryze,54
ally_bottom,Soraka,54
ally_bottom,Chogath,50
ally_bottom,Karma,45
ally_bottom,Quinn,40
ally_bottom,Riven,39
ally_bottom,Akali,38
ally_bottom,MasterYi,36
ally_bottom,Sylas,33
ally_bottom,Annie,31
ally_bottom,Camille,30
ally_bottom,DrMundo,28
ally_bottom,KSante,25
ally_bottom,Kayle,25
ally_bottom,Graves,23
ally_bottom,Lissandra,23
ally_bottom,Ornn,22
ally_bottom,Talon,22
ally_bottom,Kennen,21
ally_bottom,Kindred,20
ally_bottom,MonkeyKing,20
ally_bottom,Morgana,20
ally_bottom,XinZhao,20
ally_bottom,Gwen,19
ally_bottom,Jax,18
ally_bottom,Kled,18
ally_bottom,Leblanc,18
ally_bottom,Azir,17
ally_bottom,Orianna,17
ally_bottom,Kayn,15
ally_bottom,Neeko,15
ally_bottom,Fizz,14
ally_bottom,Pyke,14
ally_bottom,Sona,14
ally_bottom,Kassadin,13
ally_bottom,Teemo,13
ally_bottom,Vex,13
ally_bottom,Lulu,12
ally_bottom,Nunu,12
ally_bottom,RekSai,12
ally_bottom,Elise,11
ally_bottom,Jayce,11
ally_bottom,FiddleSticks,10
ally_bottom,Galio,10
ally_bottom,Malphite,10
ally_bottom,Nautilus,10
ally_bottom,Urgot,10
ally_bottom,Ambessa,9
ally_bottom,Diana,9
ally_bottom,Nasus,9
ally_bottom,Zac,9
ally_bottom,Maokai,8
ally_bottom,Gangplank,7
ally_bottom,Nidalee,7
ally_bottom,Briar,6
ally_bottom,Renata,6
ally_bottom,Sett,6
ally_bottom,Shaco,6
ally_bottom,Tryndamere,6
ally_bottom,Aatrox,5
ally_bottom,Darius,5
ally_bottom,Garen,5
ally_bottom,Renekton,5
ally_bottom,Trundle,5
ally_bottom,Shen,4
ally_bottom,Alistar,3
ally_bottom,Bard,3
ally_bottom,JarvanIV,3
ally_bottom,Mordekaiser,3
ally_bottom,Nami,3
ally_bottom,Nocturne,3
ally_bottom,Rumble,3
ally_bottom,Udyr,3
ally_bottom,Zaahen,3
ally_bottom,Belveth,2
ally_bottom,Blitzcrank,2
ally_bottom,Gnar,2
ally_bottom,Gragas,2
ally_bottom,Khazix,2
ally_bottom,Rakan,2
ally_bottom,Rammus,2
ally_bottom,Sejuani,2
ally_bottom,Taric,2
ally_bottom,Vi,2
ally_bottom,Warwick,2
ally_bottom,Yorick,2
ally_bottom,Braum,1
ally_bottom,Hecarim,1
ally_bottom,Illaoi,1
ally_bottom,Ivern,1
ally_bottom,Janna,1
ally_bottom,Leona,1
ally_bottom,Volibear,1
ally_bottom,Yuumi,1
ally_jungle,Viego,13317
ally_jungle,Khazix,12231
ally_jungle,JarvanIV,11286
ally_jungle,Diana,8629
ally_jungle,Talon,8608
ally_jungle,LeeSin,8520
ally_jungle,Hecarim,7913
ally_jungle,DrMundo,7655
ally_jungle,Ambessa,7521
ally_jungle,XinZhao,7050
ally_jungle,Rengar,6572
ally_jungle,Ekko,6566
ally_jungle,Jayce,6537
ally_jungle,Zaahen,6314
ally_jungle,RekSai,6293
ally_jungle,Shaco,6202
ally_jungle,Naafiri,5656
ally_jungle,Qiyana,5518
ally_jungle,Nunu,5131
ally_jungle,Vi,4620
ally_jungle,Sylas,4510
ally_jungle,Zac,4260
ally_jungle,Graves,4167
ally_jungle,Taliyah,4064
ally_jungle,Elise,4036
ally_jungle,Aatrox,3997
ally_jungle,MasterYi,3806
ally_jungle,Nidalee,3584
ally_jungle,Kayn,3538
ally_jungle,Nocturne,3502
ally_jungle,Volibear,3250
ally_jungle,Ivern,3124
ally_jungle,Zed,3115
ally_jungle,Gwen,3062
ally_jungle,FiddleSticks,3020
ally_jungle,Kindred,2941
ally_jungle,MonkeyKing,2902
ally_jungle,Belveth,2888
ally_jungle,Evelynn,2762
ally_jungle,Karthus,2703
ally_jungle,Briar,2495
ally_jungle,Udyr,2335
ally_jungle,Zyra,2304
ally_jungle,Lillia,2152
ally_jungle,Pantheon,1466
ally_jungle,Malphite,1387
ally_jungle,Sejuani,1378
ally_jungle,Jax,1353
ally_jungle,Darius,1252
ally_jungle,Rammus,1142
ally_jungle,Chogath,1130
ally_jungle,Skarner,1017
ally_jungle,Shen,958
ally_jungle,Nasus,828
ally_jungle,Warwick,825
ally_jungle,Brand,791
ally_jungle,Rumble,784
ally_jungle,Fizz,751
ally_jungle,Trundle,730
ally_jungle,Maokai,642
ally_jungle,Shyvana,630
ally_jungle,Amumu,622
ally_jungle,Teemo,527
ally_jungle,Gragas,515
ally_jungle,Riven,467
ally_jungle,Poppy,457
ally_jungle,Morgana,451
ally_jungle,Mordekaiser,335
ally_jungle,Olaf,301
ally_jungle,Sion,258
ally_jungle,Neeko,225
ally_jungle,AurelionSol,224
ally_jungle,Camille,185
ally_jungle,Vayne,104
ally_jungle,Twitch,76
ally_jungle,Urgot,61
ally_jungle,Kayle,55
ally_jungle,Ezreal,47
ally_jungle,Kaisa,45
ally_jungle,Ornn,44
ally_jungle,Nautilus,40
ally_jungle,Singed,34
ally_jungle,Yone,27
ally_jungle,Tryndamere,22
ally_jungle,Taric,21
ally_jungle,Zeri,21
ally_jungle,Draven,19
ally_jungle,Kassadin,19
ally_jungle,Yorick,19
ally_jungle,Sett,14
ally_jungle,TwistedFate,12
ally_jungle,Corki,10
ally_jungle,Kled,10
ally_jungle,Heimerdinger,7
ally_jungle,Gnar,6
ally_jungle,Ryze,6
ally_jungle,Yasuo,6
ally_jungle,Akali,5
ally_jungle,Ashe,5
ally_jungle,Nilah,5
ally_jungle,Varus,5
ally_jungle,Zoe,5
ally_jungle,Ahri,4
ally_jungle,Akshan,4
ally_jungle,Garen,4
ally_jungle,KogMaw,4
ally_jungle,Annie,3
ally_jungle,Galio,3
ally_jungle,Jhin,3
ally_jungle,Pyke,3
ally_jungle,Tristana,3
ally_jungle,Xayah,3
ally_jungle,Anivia,2
ally_jungle,Aurora,2
ally_jungle,Cassiopeia,2
ally_jungle,Irelia,2
ally_jungle,KSante,2
ally_jungle,Karma,2
ally_jungle,Lux,2
ally_jungle,MissFortune,2
ally_jungle,Renekton,2
ally_jungle,Sona,2
ally_jungle,TahmKench,2
ally_jungle,Thresh,2
ally_jungle,Zilean,2
ally_jungle,Aphelios,1
ally_jungle,Bard,1
ally_jungle,Blitzcrank,1
ally_jungle,Illaoi,1
ally_jungle,Leblanc,1
ally_jungle,Leona,1
ally_jungle,Lulu,1
ally_jungle,Malzahar,1
ally_jungle,Mel,1
ally_jungle,Nami,1
ally_jungle,Orianna,1
ally_jungle,Smolder,1
ally_jungle,Swain,1
ally_jungle,Syndra,1
ally_jungle,Vex,1
ally_middle,Ahri,14747
ally_middle,Ryze,11321
ally_middle,Yasuo,10328
ally_middle,Syndra,10321
ally_middle,Orianna,10116
ally_middle,Akali,9138
ally_middle,Kassadin,8533
ally_middle,Sylas,7823
ally_middle,Katarina,7408
ally_middle,Zed,7139
ally_middle,Yone,6495
ally_middle,Akshan,6242
ally_middle,Viktor,6129
ally_middle,Galio,5699
ally_middle,Ekko,5460
ally_middle,Anivia,5413
ally_middle,Taliyah,5368
ally_middle,TwistedFate,5315
ally_middle,Zoe,5240
ally_middle,Aurora,5100
ally_middle,Qiyana,4877
ally_middle,Leblanc,4598
ally_middle,Vladimir,3794
ally_middle,Mel,3733
ally_middle,Malzahar,3545
ally_middle,Azir,3498
ally_middle,AurelionSol,3374
ally_middle,Veigar,3265
ally_middle,Naafiri,3232
ally_middle,Xerath,3146
ally_middle,Fizz,3056
ally_middle,Hwei,2954
ally_middle,Irelia,2798
ally_middle,Cassiopeia,2416
ally_middle,Velkoz,2254
ally_middle,Lux,2202
ally_middle,Lissandra,2092
ally_middle,Jayce,1995
ally_middle,Vex,1871
ally_middle,Diana,1822
ally_middle,Kayle,1652
ally_middle,Tristana,1578
ally_middle,Sion,1545
ally_middle,Annie,1458
ally_middle,Talon,1403
ally_middle,Swain,1383
ally_middle,Corki,1379
ally_middle,Smolder,1324
ally_middle,KogMaw,1307
ally_middle,Zilean,1111
ally_middle,Quinn,1085
ally_middle,Singed,960
ally_middle,Ambessa,906
ally_middle,Chogath,870
ally_middle,Ziggs,848
ally_middle,Karma,838
ally_middle,Neeko,780
ally_middle,Malphite,767
ally_middle,Nasus,729
ally_middle,Varus,701
ally_middle,Kennen,692
ally_middle,Zac,632
ally_middle,Pantheon,631
ally_middle,Tryndamere,591
ally_middle,Morgana,561
ally_middle,Gragas,555
ally_middle,Renekton,489
ally_middle,Gwen,487
ally_middle,Seraphine,485
ally_middle,Karthus,468
ally_middle,Nunu,462
ally_middle,Riven,451
ally_middle,Garen,444
ally_middle,Ezreal,413
ally_middle,Brand,381
ally_middle,Rumble,378
ally_middle,KSante,368
ally_middle,Viego,352
ally_middle,Vayne,337
ally_middle,Shen,325
ally_middle,Gangplank,324
ally_middle,Heimerdinger,308
ally_middle,LeeSin,303
ally_middle,Camille,298
ally_middle,Lucian,281
ally_middle,Ornn,261
ally_middle,Zaahen,234
ally_middle,Kaisa,233
ally_middle,Ivern,210
ally_middle,FiddleSticks,198
ally_middle,Soraka,177
ally_middle,RekSai,176
ally_middle,Kled,171
ally_middle,Twitch,171
ally_middle,Nidalee,160
ally_middle,Aatrox,156
ally_middle,Jax,148
ally_middle,DrMundo,138
ally_middle,XinZhao,128
ally_middle,MasterYi,120
ally_middle,Graves,118
ally_middle,Urgot,115
ally_middle,Udyr,111
ally_middle,Illaoi,108
ally_middle,Mordekaiser,108
ally_middle,Olaf,105
ally_middle,Zyra,96
ally_middle,Shaco,94
ally_middle,TahmKench,94
ally_middle,Jhin,93
ally_middle,Briar,85
ally_middle,Sejuani,83
ally_middle,Sett,82
ally_middle,Draven,78
ally_middle,Rakan,77
ally_middle,Darius,74
ally_middle,Fiora,70
ally_middle,Caitlyn,68
ally_middle,Vi,68
ally_middle,Yorick,64
ally_middle,Warwick,63
ally_middle,Lulu,62
ally_middle,Zeri,57
ally_middle,Nautilus,56
ally_middle,Kalista,53
ally_middle,Pyke,53
ally_middle,Kayn,52
ally_middle,Sivir,43
ally_middle,Ashe,41
ally_middle,Elise,41
ally_middle,Nocturne,39
ally_middle,Belveth,34
ally_middle,Yunara,33
ally_middle,Bard,32
ally_middle,JarvanIV,31
ally_middle,Volibear,30
ally_middle,Kindred,29
ally_middle,Aphelios,28
ally_middle,Samira,28
ally_middle,Teemo,27
ally_middle,Xayah,25
ally_middle,Poppy,24
ally_middle,Sona,24
ally_middle,MissFortune,19
ally_middle,MonkeyKing,18
ally_middle,Gnar,16
ally_middle,Janna,16
ally_middle,Maokai,16
ally_middle,Trundle,16
ally_middle,Khazix,15
ally_middle,Senna,13
ally_middle,Taric,12
ally_middle,Rammus,10
ally_middle,Alistar,9
ally_middle,Hecarim,8
ally_middle,Nilah,8
ally_middle,Thresh,8
ally_middle,Blitzcrank,7
ally_middle,Evelynn,6
ally_middle,Jinx,6
ally_middle,Lillia,6
ally_middle,Shyvana,6
ally_middle,Amumu,4
ally_middle,Milio,4
ally_middle,Rengar,4
ally_middle,Skarner,4
ally_middle,Leona,3
ally_middle,Nami,3
ally_middle,Yuumi,1
ally_top,Ambessa,10016
ally_top,Sion,8732
ally_top,Zaahen,8664
ally_top,Renekton,7889
ally_top,KSante,7575
ally_top,Rumble,7443
ally_top,Jax,7273
ally_top,Ornn,6762
ally_top,Jayce,6585
ally_top,Aatrox,6561
ally_top,Fiora,6519
ally_top,Malphite,6455
ally_top,Riven,6333
ally_top,Vayne,6070
ally_top,Gnar,5914
ally_top,Gangplank,5897
ally_top,Irelia,5547
ally_top,Shen,5152
ally_top,Darius,5066
ally_top,Varus,4776
ally_top,Gwen,4763
ally_top,Kennen,4649
ally_top,Urgot,4594
ally_top,DrMundo,4242
ally_top,Camille,4224
ally_top,Garen,4030
ally_top,Yone,3816
ally_top,Singed,3804
ally_top,Yasuo,3635
ally_top,Olaf,3587
ally_top,Akali,3178
ally_top,Aurora,3149
ally_top,Gragas,2979
ally_top,Chogath,2744
ally_top,Kayle,2689
ally_top,Kled,2650
ally_top,Vladimir,2648
ally_top,Volibear,2614
ally_top,Ryze,2466
ally_top,Mordekaiser,2458
ally_top,Yorick,2419
ally_top,Sett,2383
ally_top,Cassiopeia,2292
ally_top,Pantheon,2291
ally_top,Nasus,2280
ally_top,Tryndamere,1760
ally_top,Warwick,1622
ally_top,Anivia,1571
ally_top,Teemo,1455
ally_top,Quinn,1429
ally_top,Illaoi,1326
ally_top,Sylas,1183
ally_top,Poppy,1135
ally_top,LeeSin,1080
ally_top,Udyr,1061
ally_top,Swain,1042
ally_top,Naafiri,981
ally_top,Trundle,910
ally_top,RekSai,894
ally_top,Zilean,825
ally_top,Zed,794
ally_top,Zac,724
ally_top,TwistedFate,720
ally_top,TahmKench,716
ally_top,FiddleSticks,649
ally_top,Heimerdinger,567
ally_top,Sejuani,559
ally_top,Ahri,537
ally_top,Qiyana,533
ally_top,Akshan,532
ally_top,Smolder,502
ally_top,MonkeyKing,497
ally_top,Galio,485
ally_top,MasterYi,478
ally_top,Karma,471
ally_top,Corki,394
ally_top,Maokai,393
ally_top,Graves,371
ally_top,XinZhao,359
ally_top,Ekko,340
ally_top,Viego,332
ally_top,AurelionSol,323
ally_top,Nidalee,312
ally_top,Elise,286
ally_top,KogMaw,256
ally_top,Velkoz,248
ally_top,Skarner,247
ally_top,Zoe,247
ally_top,Bard,243
ally_top,Kayn,237
ally_top,Azir,226
ally_top,Viktor,225
ally_top,Kassadin,202
ally_top,Malzahar,198
ally_top,Fizz,196
ally_top,Rengar,196
ally_top,Katarina,183
ally_top,Leblanc,183
ally_top,Veigar,162
ally_top,Briar,146
ally_top,Kaisa,140
ally_top,Syndra,140
ally_top,Orianna,134
ally_top,Karthus,131
ally_top,Vi,129
ally_top,Draven,128
ally_top,Annie,125
ally_top,Brand,120
ally_top,Jhin,115
ally_top,Diana,112
ally_top,Tristana,111
ally_top,Neeko,110
ally_top,Lucian,104
ally_top,Ivern,102
ally_top,Taliyah,99
ally_top,Shyvana,97
ally_top,Senna,93
ally_top,Ezreal,92
ally_top,Lissandra,92
ally_top,Kalista,83
ally_top,Mel,79
ally_top,Talon,79
ally_top,Vex,79
ally_top,Rammus,77
ally_top,Nocturne,75
ally_top,Hwei,74
ally_top,JarvanIV,74
ally_top,Soraka,71
ally_top,Zeri,62
ally_top,Morgana,54
ally_top,Shaco,53
ally_top,Lulu,52
ally_top,Caitlyn,45
ally_top,Ashe,43
ally_top,Aphelios,38
ally_top,Yunara,36
ally_top,Pyke,35
ally_top,Nautilus,34
ally_top,Kindred,33
ally_top,Lux,33
ally_top,Samira,30
ally_top,Seraphine,29
ally_top,Khazix,25
ally_top,Zyra,25
ally_top,Ziggs,24
ally_top,Twitch,23
ally_top,Janna,22
ally_top,Belveth,21
ally_top,Nunu,18
ally_top,Sona,15
ally_top,Alistar,14
ally_top,Xayah,14
ally_top,Nilah,13
ally_top,Xerath,13
ally_top,Hecarim,12
ally_top,Lillia,12
ally_top,MissFortune,12
ally_top,Sivir,10
ally_top,Taric,10
ally_top,Rakan,8
ally_top,Evelynn,5
ally_top,Leona,4
ally_top,Amumu,3
ally_top,Thresh,3
ally_top,Blitzcrank,2
ally_top,Jinx,2
ally_top,Yuumi,2
ally_top,Braum,1
ally_top,Rell,1
ally_utility,Nami,23024
ally_utility,Nautilus,19554
ally_utility,Karma,16974
ally_utility,Bard,15201
ally_utility,Lulu,14382
ally_utility,Thresh,13183
ally_utility,Braum,10590
ally_utility,Rakan,10425
ally_utility,Alistar,9831
ally_utility,Janna,9681
ally_utility,Rell,8209
ally_utility,Leona,8040
ally_utility,Pyke,7910
ally_utility,Sona,7683
ally_utility,Neeko,7087
ally_utility,Senna,6750
ally_utility,Blitzcrank,5741
ally_utility,Milio,5207
ally_utility,Soraka,4345
ally_utility,Zilean,3983
ally_utility,Seraphine,3836
ally_utility,Elise,3488
ally_utility,Taric,3365
ally_utility,Yuumi,2935
ally_utility,Pantheon,2579
ally_utility,Poppy,2285
ally_utility,Velkoz,2061
ally_utility,Lux,1795
ally_utility,Maokai,1695
ally_utility,Renata,1624
ally_utility,Morgana,1331
ally_utility,Zoe,1134
ally_utility,TahmKench,1079
ally_utility,FiddleSticks,1073
ally_utility,Shaco,1002
ally_utility,Swain,937
ally_utility,Zyra,928
ally_utility,Sylas,858
ally_utility,Brand,776
ally_utility,Nidalee,671
ally_utility,Galio,583
ally_utility,Anivia,582
ally_utility,Leblanc,512
ally_utility,Shen,511
ally_utility,Xerath,496
ally_utility,Mel,494
ally_utility,Amumu,480
ally_utility,Ashe,356
ally_utility,Trundle,322
ally_utility,Camille,286
ally_utility,Hwei,286
ally_utility,Annie,261
ally_utility,Veigar,256
ally_utility,JarvanIV,242
ally_utility,Taliyah,233
ally_utility,Gragas,219
ally_utility,Zac,211
ally_utility,Ivern,204
ally_utility,Jax,165
ally_utility,KSante,164
ally_utility,Teemo,163
ally_utility,Heimerdinger,124
ally_utility,TwistedFate,115
ally_utility,AurelionSol,108
ally_utility,Ekko,108
ally_utility,Lissandra,107
ally_utility,Orianna,99
ally_utility,Zed,97
ally_utility,Malphite,94
ally_utility,Singed,91
ally_utility,Qiyana,82
ally_utility,Twitch,75
ally_utility,Rammus,74
ally_utility,Rengar,74
ally_utility,Karthus,71
ally_utility,Skarner,67
ally_utility,Nasus,65
ally_utility,LeeSin,62
ally_utility,Rumble,54
ally_utility,RekSai,52
ally_utility,Sion,51
ally_utility,XinZhao,51
ally_utility,Ezreal,50
ally_utility,Sejuani,48
ally_utility,Aatrox,45
ally_utility,Chogath,44
ally_utility,Fiora,41
ally_utility,Sett,41
ally_utility,Syndra,40
ally_utility,Kennen,39
ally_utility,Vex,35
ally_utility,Kindred,34
ally_utility,Nunu,34
ally_utility,Ahri,33
ally_utility,Kayle,31
ally_utility,Zaahen,27
ally_utility,Briar,26
ally_utility,Ornn,25
ally_utility,Quinn,25
ally_utility,MissFortune,23
ally_utility,Akshan,21
ally_utility,Varus,21
ally_utility,Katarina,19
ally_utility,KogMaw,19
ally_utility,Vi,19
ally_utility,Ziggs,18
ally_utility,DrMundo,17
ally_utility,Vayne,17
ally_utility,MasterYi,16
ally_utility,MonkeyKing,16
ally_utility,Urgot,15
ally_utility,Caitlyn,14
ally_utility,Jhin,14
ally_utility,Kayn,14
ally_utility,Cassiopeia,11
ally_utility,Fizz,11
ally_utility,Naafiri,11
ally_utility,Akali,10
ally_utility,Mordekaiser,10
ally_utility,Viego,10
ally_utility,Warwick,10
ally_utility,Evelynn,8
ally_utility,Aurora,7
ally_utility,Darius,7
ally_utility,Malzahar,7
ally_utility,Ryze,7
ally_utility,Tristana,7
ally_utility,Udyr,7
ally_utility,Yasuo,7
ally_utility,Belveth,6
ally_utility,Lillia,6
ally_utility,Draven,5
ally_utility,Graves,5
ally_utility,Talon,5
ally_utility,Vladimir,5
ally_utility,Diana,4
ally_utility,Illaoi,4
ally_utility,Kassadin,4
ally_utility,Nocturne,4
ally_utility,Riven,4
ally_utility,Volibear,4
ally_utility,Gwen,3
ally_utility,Khazix,3
ally_utility,Kled,3
ally_utility,Lucian,3
ally_utility,Viktor,3
ally_utility,Ambessa,2
ally_utility,Aphelios,2
ally_utility,Azir,2
ally_utility,Gnar,2
ally_utility,Kalista,2
ally_utility,Olaf,2
ally_utility,Smolder,2
ally_utility,Tryndamere,2
ally_utility,Yorick,2
ally_utility,Zeri,2
ally_utility,Corki,1
ally_utility,Gangplank,1
ally_utility,Garen,1
ally_utility,Hecarim,1
ally_utility,Irelia,1
ally_utility,Jayce,1
ally_utility,Jinx,1
ally_utility,Kaisa,1
ally_utility,Xayah,1
ally_utility,Yone,1
ally_utility,Yunara,1
enemy_bottom,Yunara,19104
enemy_bottom,Ezreal,18544
enemy_bottom,Kaisa,17764
enemy_bottom,Jhin,15732
enemy_bottom,Caitlyn,14990
enemy_bottom,Corki,14133
enemy_bottom,Varus,13228
enemy_bottom,Aphelios,12765
enemy_bottom,Jinx,11347
enemy_bottom,Lucian,7475
enemy_bottom,Sivir,7395
enemy_bottom,Ashe,6733
enemy_bottom,Draven,6250
enemy_bottom,Twitch,6228
enemy_bottom,Smolder,5619
enemy_bottom,Tristana,5314
enemy_bottom,MissFortune,4913
enemy_bottom,Samira,4761
enemy_bottom,Vayne,4498
enemy_bottom,Xayah,4268
enemy_bottom,Zeri,4017
enemy_bottom,KogMaw,3500
enemy_bottom,AurelionSol,3157
enemy_bottom,Mel,3100
enemy_bottom,Yasuo,3094
enemy_bottom,Swain,2961
enemy_bottom,Ziggs,2851
enemy_bottom,Kalista,2419
enemy_bottom,Senna,2348
enemy_bottom,Velkoz,2236
enemy_bottom,Nilah,2234
enemy_bottom,Karthus,2204
enemy_bottom,Veigar,1985
enemy_bottom,Seraphine,1859
enemy_bottom,Lux,1338
enemy_bottom,Hwei,1119
enemy_bottom,Cassiopeia,1114
enemy_bottom,Vladimir,1065
enemy_bottom,Brand,986
enemy_bottom,Syndra,984
enemy_bottom,Katarina,713
enemy_bottom,Zilean,697
enemy_bottom,Zyra,559
enemy_bottom,Viktor,421
enemy_bottom,Heimerdinger,355
enemy_bottom,Naafiri,289
enemy_bottom,Xerath,281
enemy_bottom,Ekko,228
enemy_bottom,Fiora,226
enemy_bottom,Anivia,216
enemy_bottom,Singed,214
enemy_bottom,Malzahar,203
enemy_bottom,Taliyah,200
enemy_bottom,Sion,186
enemy_bottom,Aurora,167
enemy_bottom,Akshan,159
enemy_bottom,Qiyana,154
enemy_bottom,Viego,131
enemy_bottom,Zoe,126
enemy_bottom,Rengar,101
enemy_bottom,Ahri,95
enemy_bottom,Olaf,84
enemy_bottom,TahmKench,84
enemy_bottom,TwistedFate,69
enemy_bottom,Yone,69
enemy_bottom,Pantheon,64
enemy_bottom,LeeSin,58
enemy_bottom,Irelia,55
enemy_bottom,Zed,55
enemy_bottom,Ryze,54
enemy_bottom,Soraka,54
enemy_bottom,Chogath,50
enemy_bottom,Karma,45
enemy_bottom,Quinn,40
enemy_bottom,Riven,39
enemy_bottom,Akali,38
enemy_bottom,MasterYi,36
enemy_bottom,Sylas,33
enemy_bottom,Annie,31
enemy_bottom,Camille,30
enemy_bottom,DrMundo,28
enemy_bottom,KSante,25
enemy_bottom,Kayle,25
enemy_bottom,Graves,23
enemy_bottom,Lissandra,23
enemy_bottom,Ornn,22
enemy_bottom,Talon,22
enemy_bottom,Kennen,21
enemy_bottom,Kindred,20
enemy_bottom,MonkeyKing,20
enemy_bottom,Morgana,20
enemy_bottom,XinZhao,20
enemy_bottom,Gwen,19
enemy_bottom,Jax,18
enemy_bottom,Kled,18
enemy_bottom,Leblanc,18
enemy_bottom,Azir,17
enemy_bottom,Orianna,17
enemy_bottom,Kayn,15
enemy_bottom,Neeko,15
enemy_bottom,Fizz,14
enemy_bottom,Pyke,14
enemy_bottom,Sona,14
enemy_bottom,Kassadin,13
enemy_bottom,Teemo,13
enemy_bottom,Vex,13
enemy_bottom,Lulu,12
enemy_bottom,Nunu,12
enemy_bottom,RekSai,12
enemy_bottom,Elise,11
enemy_bottom,Jayce,11
enemy_bottom,FiddleSticks,10
enemy_bottom,Galio,10
enemy_bottom,Malphite,10
enemy_bottom,Nautilus,10
enemy_bottom,Urgot,10
enemy_bottom,Ambessa,9
enemy_bottom,Diana,9
enemy_bottom,Nasus,9
enemy_bottom,Zac,9
enemy_bottom,Maokai,8
enemy_bottom,Gangplank,7
enemy_bottom,Nidalee,7
enemy_bottom,Briar,6
enemy_bottom,Renata,6
enemy_bottom,Sett,6
enemy_bottom,Shaco,6
enemy_bottom,Tryndamere,6
enemy_bottom,Aatrox,5
enemy_bottom,Darius,5
enemy_bottom,Garen,5
enemy_bottom,Renekton,5
enemy_bottom,Trundle,5
enemy_bottom,Shen,4
enemy_bottom,Alistar,3
enemy_bottom,Bard,3
enemy_bottom,JarvanIV,3
enemy_bottom,Mordekaiser,3
enemy_bottom,Nami,3
enemy_bottom,Nocturne,3
enemy_bottom,Rumble,3
enemy_bottom,Udyr,3
enemy_bottom,Zaahen,3
enemy_bottom,Belveth,2
enemy_bottom,Blitzcrank,2
enemy_bottom,Gnar,2
enemy_bottom,Gragas,2
enemy_bottom,Khazix,2
enemy_bottom,Rakan,2
enemy_bottom,Rammus,2
enemy_bottom,Sejuani,2
enemy_bottom,Taric,2
enemy_bottom,Vi,2
enemy_bottom,Warwick,2
enemy_bottom,Yorick,2
enemy_bottom,Braum,1
enemy_bottom,Hecarim,1
enemy_bottom,Illaoi,1
enemy_bottom,Ivern,1
enemy_bottom,Janna,1
enemy_bottom,Leona,1
enemy_bottom,Volibear,1
enemy_bottom,Yuumi,1
enemy_jungle,Viego,13317
enemy_jungle,Khazix,12231
enemy_jungle,JarvanIV,11286
enemy_jungle,Diana,8629
enemy_jungle,Talon,8608
enemy_jungle,LeeSin,8520
enemy_jungle,Hecarim,7913
enemy_jungle,DrMundo,7655
enemy_jungle,Ambessa,7521
enemy_jungle,XinZhao,7050
enemy_jungle,Rengar,6572
enemy_jungle,Ekko,6566
enemy_jungle,Jayce,6537
enemy_jungle,Zaahen,6314
enemy_jungle,RekSai,6293
enemy_jungle,Shaco,6202
enemy_jungle,Naafiri,5656
enemy_jungle,Qiyana,5518
enemy_jungle,Nunu,5131
enemy_jungle,Vi,4620
enemy_jungle,Sylas,4510
enemy_jungle,Zac,4260
enemy_jungle,Graves,4167
enemy_jungle,Taliyah,4064
enemy_jungle,Elise,4036
enemy_jungle,Aatrox,3997
enemy_jungle,MasterYi,3806
enemy_jungle,Nidalee,3584
enemy_jungle,Kayn,3538
enemy_jungle,Nocturne,3502
enemy_jungle,Volibear,3250
enemy_jungle,Ivern,3124
enemy_jungle,Zed,3115
enemy_jungle,Gwen,3062
enemy_jungle,FiddleSticks,3020
enemy_jungle,Kindred,2941
enemy_jungle,MonkeyKing,2902
enemy_jungle,Belveth,2888
enemy_jungle,Evelynn,2762
enemy_jungle,Karthus,2703
enemy_jungle,Briar,2495
enemy_jungle,Udyr,2335
enemy_jungle,Zyra,2304
enemy_jungle,Lillia,2152
enemy_jungle,Pantheon,1466
enemy_jungle,Malphite,1387
enemy_jungle,Sejuani,1378
enemy_jungle,Jax,1353
enemy_jungle,Darius,1252
enemy_jungle,Rammus,1142
enemy_jungle,Chogath,1130
enemy_jungle,Skarner,1017
enemy_jungle,Shen,958
enemy_jungle,Nasus,828
enemy_jungle,Warwick,825
enemy_jungle,Brand,791
enemy_jungle,Rumble,784
enemy_jungle,Fizz,751
enemy_jungle,Trundle,730
enemy_jungle,Maokai,642
enemy_jungle,Shyvana,630
enemy_jungle,Amumu,622
enemy_jungle,Teemo,527
enemy_jungle,Gragas,515
enemy_jungle,Riven,467
enemy_jungle,Poppy,457
enemy_jungle,Morgana,451
enemy_jungle,Mordekaiser,335
enemy_jungle,Olaf,301
enemy_jungle,Sion,258
enemy_jungle,Neeko,225
enemy_jungle,AurelionSol,224
enemy_jungle,Camille,185
enemy_jungle,Vayne,104
enemy_jungle,Twitch,76
enemy_jungle,Urgot,61
enemy_jungle,Kayle,55
enemy_jungle,Ezreal,47
enemy_jungle,Kaisa,45
enemy_jungle,Ornn,44
enemy_jungle,Nautilus,40
enemy_jungle,Singed,34
enemy_jungle,Yone,27
enemy_jungle,Tryndamere,22
enemy_jungle,Taric,21
enemy_jungle,Zeri,21
enemy_jungle,Draven,19
enemy_jungle,Kassadin,19
enemy_jungle,Yorick,19
enemy_jungle,Sett,14
enemy_jungle,TwistedFate,12
enemy_jungle,Corki,10
enemy_jungle,Kled,10
enemy_jungle,Heimerdinger,7
enemy_jungle,Gnar,6
enemy_jungle,Ryze,6
enemy_jungle,Yasuo,6
enemy_jungle,Akali,5
enemy_jungle,Ashe,5
enemy_jungle,Nilah,5
enemy_jungle,Varus,5
enemy_jungle,Zoe,5
enemy_jungle,Ahri,4
enemy_jungle,Akshan,4
enemy_jungle,Garen,4
enemy_jungle,KogMaw,4
enemy_jungle,Annie,3
enemy_jungle,Galio,3
enemy_jungle,Jhin,3
enemy_jungle,Pyke,3
enemy_jungle,Tristana,3
enemy_jungle,Xayah,3
enemy_jungle,Anivia,2
enemy_jungle,Aurora,2
enemy_jungle,Cassiopeia,2
enemy_jungle,Irelia,2
enemy_jungle,KSante,2
enemy_jungle,Karma,2
enemy_jungle,Lux,2
enemy_jungle,MissFortune,2
enemy_jungle,Renekton,2
enemy_jungle,Sona,2
enemy_jungle,TahmKench,2
enemy_jungle,Thresh,2
enemy_jungle,Zilean,2
enemy_jungle,Aphelios,1
enemy_jungle,Bard,1
enemy_jungle,Blitzcrank,1
enemy_jungle,Illaoi,1
enemy_jungle,Leblanc,1
enemy_jungle,Leona,1
enemy_jungle,Lulu,1
enemy_jungle,Malzahar,1
enemy_jungle,Mel,1
enemy_jungle,Nami,1
enemy_jungle,Orianna,1
enemy_jungle,Smolder,1
enemy_jungle,Swain,1
enemy_jungle,Syndra,1
enemy_jungle,Vex,1
enemy_middle,Ahri,14747
enemy_middle,Ryze,11321
enemy_middle,Yasuo,10328
enemy_middle,Syndra,10321
enemy_middle,Orianna,10116
enemy_middle,Akali,9138
enemy_middle,Kassadin,8533
enemy_middle,Sylas,7823
enemy_middle,Katarina,7408
enemy_middle,Zed,7139
enemy_middle,Yone,6495
enemy_middle,Akshan,6242
enemy_middle,Viktor,6129
enemy_middle,Galio,5699
enemy_middle,Ekko,5460
enemy_middle,Anivia,5413
enemy_middle,Taliyah,5368
enemy_middle,TwistedFate,5315
enemy_middle,Zoe,5240
enemy_middle,Aurora,5100
enemy_middle,Qiyana,4877
enemy_middle,Leblanc,4598
enemy_middle,Vladimir,3794
enemy_middle,Mel,3733
enemy_middle,Malzahar,3545
enemy_middle,Azir,3498
enemy_middle,AurelionSol,3374
enemy_middle,Veigar,3265
enemy_middle,Naafiri,3232
enemy_middle,Xerath,3146
enemy_middle,Fizz,3056
enemy_middle,Hwei,2954
enemy_middle,Irelia,2798
enemy_middle,Cassiopeia,2416
enemy_middle,Velkoz,2254
enemy_middle,Lux,2202
enemy_middle,Lissandra,2092
enemy_middle,Jayce,1995
enemy_middle,Vex,1871
enemy_middle,Diana,1822
enemy_middle,Kayle,1652
enemy_middle,Tristana,1578
enemy_middle,Sion,1545
enemy_middle,Annie,1458
enemy_middle,Talon,1403
enemy_middle,Swain,1383
enemy_middle,Corki,1379
enemy_middle,Smolder,1324
enemy_middle,KogMaw,1307
enemy_middle,Zilean,1111
enemy_middle,Quinn,1085
enemy_middle,Singed,960
enemy_middle,Ambessa,906
enemy_middle,Chogath,870
enemy_middle,Ziggs,848
enemy_middle,Karma,838
enemy_middle,Neeko,780
enemy_middle,Malphite,767
enemy_middle,Nasus,729
enemy_middle,Varus,701
enemy_middle,Kennen,692
enemy_middle,Zac,632
enemy_middle,Pantheon,631
enemy_middle,Tryndamere,591
enemy_middle,Morgana,561
enemy_middle,Gragas,555
enemy_middle,Renekton,489
enemy_middle,Gwen,487
enemy_middle,Seraphine,485
enemy_middle,Karthus,468
enemy_middle,Nunu,462
enemy_middle,Riven,451
enemy_middle,Garen,444
enemy_middle,Ezreal,413
enemy_middle,Brand,381
enemy_middle,Rumble,378
enemy_middle,KSante,368
enemy_middle,Viego,352
enemy_middle,Vayne,337
enemy_middle,Shen,325
enemy_middle,Gangplank,324
enemy_middle,Heimerdinger,308
enemy_middle,LeeSin,303
enemy_middle,Camille,298
enemy_middle,Lucian,281
enemy_middle,Ornn,261
enemy_middle,Zaahen,234
enemy_middle,Kaisa,233
enemy_middle,Ivern,210
enemy_middle,FiddleSticks,198
enemy_middle,Soraka,177
enemy_middle,RekSai,176
enemy_middle,Kled,171
enemy_middle,Twitch,171
enemy_middle,Nidalee,160
enemy_middle,Aatrox,156
enemy_middle,Jax,148
enemy_middle,DrMundo,138
enemy_middle,XinZhao,128
enemy_middle,MasterYi,120
enemy_middle,Graves,118
enemy_middle,Urgot,115
enemy_middle,Udyr,111
enemy_middle,Illaoi,108
enemy_middle,Mordekaiser,108
enemy_middle,Olaf,105
enemy_middle,Zyra,96
enemy_middle,Shaco,94
enemy_middle,TahmKench,94
enemy_middle,Jhin,93
enemy_middle,Briar,85
enemy_middle,Sejuani,83
enemy_middle,Sett,82
enemy_middle,Draven,78
enemy_middle,Rakan,77
enemy_middle,Darius,74
enemy_middle,Fiora,70
enemy_middle,Caitlyn,68
enemy_middle,Vi,68
enemy_middle,Yorick,64
enemy_middle,Warwick,63
enemy_middle,Lulu,62
enemy_middle,Zeri,57
enemy_middle,Nautilus,56
enemy_middle,Kalista,53
enemy_middle,Pyke,53
enemy_middle,Kayn,52
enemy_middle,Sivir,43
enemy_middle,Ashe,41
enemy_middle,Elise,41
enemy_middle,Nocturne,39
enemy_middle,Belveth,34
enemy_middle,Yunara,33
enemy_middle,Bard,32
enemy_middle,JarvanIV,31
enemy_middle,Volibear,30
enemy_middle,Kindred,29
enemy_middle,Aphelios,28
enemy_middle,Samira,28
enemy_middle,Teemo,27
enemy_middle,Xayah,25
enemy_middle,Poppy,24
enemy_middle,Sona,24
enemy_middle,MissFortune,19
enemy_middle,MonkeyKing,18
enemy_middle,Gnar,16
enemy_middle,Janna,16
enemy_middle,Maokai,16
enemy_middle,Trundle,16
enemy_middle,Khazix,15
enemy_middle,Senna,13
enemy_middle,Taric,12
enemy_middle,Rammus,10
enemy_middle,Alistar,9
enemy_middle,Hecarim,8
enemy_middle,Nilah,8
enemy_middle,Thresh,8
enemy_middle,Blitzcrank,7
enemy_middle,Evelynn,6
enemy_middle,Jinx,6
enemy_middle,Lillia,6
enemy_middle,Shyvana,6
enemy_middle,Amumu,4
enemy_middle,Milio,4
enemy_middle,Rengar,4
enemy_middle,Skarner,4
enemy_middle,Leona,3
enemy_middle,Nami,3
enemy_middle,Yuumi,1
enemy_top,Ambessa,10016
enemy_top,Sion,8732
enemy_top,Zaahen,8664
enemy_top,Renekton,7889
enemy_top,KSante,7575
enemy_top,Rumble,7443
enemy_top,Jax,7273
enemy_top,Ornn,6762
enemy_top,Jayce,6585
enemy_top,Aatrox,6561
enemy_top,Fiora,6519
enemy_top,Malphite,6455
enemy_top,Riven,6333
enemy_top,Vayne,6070
enemy_top,Gnar,5914
enemy_top,Gangplank,5897
enemy_top,Irelia,5547
enemy_top,Shen,5152
enemy_top,Darius,5066
enemy_top,Varus,4776
enemy_top,Gwen,4763
enemy_top,Kennen,4649
enemy_top,Urgot,4594
enemy_top,DrMundo,4242
enemy_top,Camille,4224
enemy_top,Garen,4030
enemy_top,Yone,3816
enemy_top,Singed,3804
enemy_top,Yasuo,3635
enemy_top,Olaf,3587
enemy_top,Akali,3178
enemy_top,Aurora,3149
enemy_top,Gragas,2979
enemy_top,Chogath,2744
enemy_top,Kayle,2689
enemy_top,Kled,2650
enemy_top,Vladimir,2648
enemy_top,Volibear,2614
enemy_top,Ryze,2466
enemy_top,Mordekaiser,2458
enemy_top,Yorick,2419
enemy_top,Sett,2383
enemy_top,Cassiopeia,2292
enemy_top,Pantheon,2291
enemy_top,Nasus,2280
enemy_top,Tryndamere,1760
enemy_top,Warwick,1622
enemy_top,Anivia,1571
enemy_top,Teemo,1455
enemy_top,Quinn,1429
enemy_top,Illaoi,1326
enemy_top,Sylas,1183
enemy_top,Poppy,1135
enemy_top,LeeSin,1080
enemy_top,Udyr,1061
enemy_top,Swain,1042
enemy_top,Naafiri,981
enemy_top,Trundle,910
enemy_top,RekSai,894
enemy_top,Zilean,825
enemy_top,Zed,794
enemy_top,Zac,724
enemy_top,TwistedFate,720
enemy_top,TahmKench,716
enemy_top,FiddleSticks,649
enemy_top,Heimerdinger,567
enemy_top,Sejuani,559
enemy_top,Ahri,537
enemy_top,Qiyana,533
enemy_top,Akshan,532
enemy_top,Smolder,502
enemy_top,MonkeyKing,497
enemy_top,Galio,485
enemy_top,MasterYi,478
enemy_top,Karma,471
enemy_top,Corki,394
enemy_top,Maokai,393
enemy_top,Graves,371
enemy_top,XinZhao,359
enemy_top,Ekko,340
enemy_top,Viego,332
enemy_top,AurelionSol,323
enemy_top,Nidalee,312
enemy_top,Elise,286
enemy_top,KogMaw,256
enemy_top,Velkoz,248
enemy_top,Skarner,247
enemy_top,Zoe,247
enemy_top,Bard,243
enemy_top,Kayn,237
enemy_top,Azir,226
enemy_top,Viktor,225
enemy_top,Kassadin,202
enemy_top,Malzahar,198
enemy_top,Fizz,196
enemy_top,Rengar,196
enemy_top,Katarina,183
enemy_top,Leblanc,183
enemy_top,Veigar,162
enemy_top,Briar,146
enemy_top,Kaisa,140
enemy_top,Syndra,140
enemy_top,Orianna,134
enemy_top,Karthus,131
enemy_top,Vi,129
enemy_top,Draven,128
enemy_top,Annie,125
enemy_top,Brand,120
enemy_top,Jhin,115
enemy_top,Diana,112
enemy_top,Tristana,111
enemy_top,Neeko,110
enemy_top,Lucian,104
enemy_top,Ivern,102
enemy_top,Taliyah,99
enemy_top,Shyvana,97
enemy_top,Senna,93
enemy_top,Ezreal,92
enemy_top,Lissandra,92
enemy_top,Kalista,83
enemy_top,Mel,79
enemy_top,Talon,79
enemy_top,Vex,79
enemy_top,Rammus,77
enemy_top,Nocturne,75
enemy_top,Hwei,74
enemy_top,JarvanIV,74
enemy_top,Soraka,71
enemy_top,Zeri,62
enemy_top,Morgana,54
enemy_top,Shaco,53
enemy_top,Lulu,52
enemy_top,Caitlyn,45
enemy_top,Ashe,43
enemy_top,Aphelios,38
enemy_top,Yunara,36
enemy_top,Pyke,35
enemy_top,Nautilus,34
enemy_top,Kindred,33
enemy_top,Lux,33
enemy_top,Samira,30
enemy_top,Seraphine,29
enemy_top,Khazix,25
enemy_top,Zyra,25
enemy_top,Ziggs,24
enemy_top,Twitch,23
enemy_top,Janna,22
enemy_top,Belveth,21
enemy_top,Nunu,18
enemy_top,Sona,15
enemy_top,Alistar,14
enemy_top,Xayah,14
enemy_top,Nilah,13
enemy_top,Xerath,13
enemy_top,Hecarim,12
enemy_top,Lillia,12
enemy_top,MissFortune,12
enemy_top,Sivir,10
enemy_top,Taric,10
enemy_top,Rakan,8
enemy_top,Evelynn,5
enemy_top,Leona,4
enemy_top,Amumu,3
enemy_top,Thresh,3
enemy_top,Blitzcrank,2
enemy_top,Jinx,2
enemy_top,Yuumi,2
enemy_top,Braum,1
enemy_top,Rell,1
enemy_utility,Nami,23024
enemy_utility,Nautilus,19554
enemy_utility,Karma,16974
enemy_utility,Bard,15201
enemy_utility,Lulu,14382
enemy_utility,Thresh,13183
enemy_utility,Braum,10590
enemy_utility,Rakan,10425
enemy_utility,Alistar,9831
enemy_utility,Janna,9681
enemy_utility,Rell,8209
enemy_utility,Leona,8040
enemy_utility,Pyke,7910
enemy_utility,Sona,7683
enemy_utility,Neeko,7087
enemy_utility,Senna,6750
enemy_utility,Blitzcrank,5741
enemy_utility,Milio,5207
enemy_utility,Soraka,4345
enemy_utility,Zilean,3983
enemy_utility,Seraphine,3836
enemy_utility,Elise,3488
enemy_utility,Taric,3365
enemy_utility,Yuumi,2935
enemy_utility,Pantheon,2579
enemy_utility,Poppy,2285
enemy_utility,Velkoz,2061
enemy_utility,Lux,1795
enemy_utility,Maokai,1695
enemy_utility,Renata,1624
enemy_utility,Morgana,1331
enemy_utility,Zoe,1134
enemy_utility,TahmKench,1079
enemy_utility,FiddleSticks,1073
enemy_utility,Shaco,1002
enemy_utility,Swain,937
enemy_utility,Zyra,928
enemy_utility,Sylas,858
enemy_utility,Brand,776
enemy_utility,Nidalee,671
enemy_utility,Galio,583
enemy_utility,Anivia,582
enemy_utility,Leblanc,512
enemy_utility,Shen,511
enemy_utility,Xerath,496
enemy_utility,Mel,494
enemy_utility,Amumu,480
enemy_utility,Ashe,356
enemy_utility,Trundle,322
enemy_utility,Camille,286
enemy_utility,Hwei,286
enemy_utility,Annie,261
enemy_utility,Veigar,256
enemy_utility,JarvanIV,242
enemy_utility,Taliyah,233
enemy_utility,Gragas,219
enemy_utility,Zac,211
enemy_utility,Ivern,204
enemy_utility,Jax,165
enemy_utility,KSante,164
enemy_utility,Teemo,163
enemy_utility,Heimerdinger,124
enemy_utility,TwistedFate,115
enemy_utility,AurelionSol,108
enemy_utility,Ekko,108
enemy_utility,Lissandra,107
enemy_utility,Orianna,99
enemy_utility,Zed,97
enemy_utility,Malphite,94
enemy_utility,Singed,91
enemy_utility,Qiyana,82
enemy_utility,Twitch,75
enemy_utility,Rammus,74
enemy_utility,Rengar,74
enemy_utility,Karthus,71
enemy_utility,Skarner,67
enemy_utility,Nasus,65
enemy_utility,LeeSin,62
enemy_utility,Rumble,54
enemy_utility,RekSai,52
enemy_utility,Sion,51
enemy_utility,XinZhao,51
enemy_utility,Ezreal,50
enemy_utility,Sejuani,48
enemy_utility,Aatrox,45
enemy_utility,Chogath,44
enemy_utility,Fiora,41
enemy_utility,Sett,41
enemy_utility,Syndra,40
enemy_utility,Kennen,39
enemy_utility,Vex,35
enemy_utility,Kindred,34
enemy_utility,Nunu,34
enemy_utility,Ahri,33
enemy_utility,Kayle,31
enemy_utility,Zaahen,27
enemy_utility,Briar,26
enemy_utility,Ornn,25
enemy_utility,Quinn,25
enemy_utility,MissFortune,23
enemy_utility,Akshan,21
enemy_utility,Varus,21
enemy_utility,Katarina,19
enemy_utility,KogMaw,19
enemy_utility,Vi,19
enemy_utility,Ziggs,18
enemy_utility,DrMundo,17
enemy_utility,Vayne,17
enemy_utility,MasterYi,16
enemy_utility,MonkeyKing,16
enemy_utility,Urgot,15
enemy_utility,Caitlyn,14
enemy_utility,Jhin,14
enemy_utility,Kayn,14
enemy_utility,Cassiopeia,11
enemy_utility,Fizz,11
enemy_utility,Naafiri,11
enemy_utility,Akali,10
enemy_utility,Mordekaiser,10
enemy_utility,Viego,10
enemy_utility,Warwick,10
enemy_utility,Evelynn,8
enemy_utility,Aurora,7
enemy_utility,Darius,7
enemy_utility,Malzahar,7
enemy_utility,Ryze,7
enemy_utility,Tristana,7
enemy_utility,Udyr,7
enemy_utility,Yasuo,7
enemy_utility,Belveth,6
enemy_utility,Lillia,6
enemy_utility,Draven,5
enemy_utility,Graves,5
enemy_utility,Talon,5
enemy_utility,Vladimir,5
enemy_utility,Diana,4
enemy_utility,Illaoi,4
enemy_utility,Kassadin,4
enemy_utility,Nocturne,4
enemy_utility,Riven,4
enemy_utility,Volibear,4
enemy_utility,Gwen,3
enemy_utility,Khazix,3
enemy_utility,Kled,3
enemy_utility,Lucian,3
enemy_utility,Viktor,3
enemy_utility,Ambessa,2
enemy_utility,Aphelios,2
enemy_utility,Azir,2
enemy_utility,Gnar,2
enemy_utility,Kalista,2
enemy_utility,Olaf,2
enemy_utility,Smolder,2
enemy_utility,Tryndamere,2
enemy_utility,Yorick,2
enemy_utility,Zeri,2
enemy_utility,Corki,1
enemy_utility,Gangplank,1
enemy_utility,Garen,1
enemy_utility,Hecarim,1
enemy_utility,Irelia,1
enemy_utility,Jayce,1
enemy_utility,Jinx,1
enemy_utility,Kaisa,1
enemy_utility,Xayah,1
enemy_utility,Yone,1
enemy_utility,Yunara,1
